Cancelling snakemake on user request.
Building DAG of jobs...
Using shell: /usr/bin/bash
Provided cores: 96
Rules claiming more threads will be scaled down.
Job stats:
job           count
----------  -------
all               1
bam_qc            5
bwa               5
dedup             5
trim              5
umi               5
umiMapping        5
total            31

Select jobs to execute...

[Tue Nov 25 20:35:11 2025]
rule umi:
    input: /datapool/data/Users/zhijian/projects/scumiatac/result/step2_qc/ATACP1000_2.finished
    output: /datapool/data/Users/zhijian/projects/scumiatac/result/step3_umi/ATACP1000_2.finished
    jobid: 14
    reason: Missing output files: /datapool/data/Users/zhijian/projects/scumiatac/result/step3_umi/ATACP1000_2.finished
    wildcards: sample=ATACP1000_2
    resources: tmpdir=/tmp


umi_tools extract --extract-method=string --bc-pattern='CCCCCCCCNNNNNN' --bc-pattern2='CCCCCCCCNNNNNN'     -I /datapool/data/Users/zhijian/projects/scumiatac/result/step2_qc/ATACP1000_2.R1_qc.fastq.gz -S /datapool/data/Users/zhijian/projects/scumiatac/result/step3_umi/ATACP1000_2.R1_umi.fastq.gz --quality-filter-threshold=20 --quality-encoding='phred33'         --read2-in=/datapool/data/Users/zhijian/projects/scumiatac/result/step2_qc/ATACP1000_2.R2_qc.fastq.gz  --read2-out=/datapool/data/Users/zhijian/projects/scumiatac/result/step3_umi/ATACP1000_2.R2_umi.fastq.gz              -L /datapool/data/Users/zhijian/projects/scumiatac/result/step3_umi/ATACP1000_2.umi.log -E /datapool/data/Users/zhijian/projects/scumiatac/result/step3_umi/ATACP1000_2.umi.error --temp-dir=ATACP1000_2_umi_tempdir/ && rm /datapool/data/Users/zhijian/projects/scumiatac/result/step2_qc/ATACP1000_2.R1_qc.fastq.gz /datapool/data/Users/zhijian/projects/scumiatac/result/step2_qc/ATACP1000_2.R2_qc.fastq.gz
touch /datapool/data/Users/zhijian/projects/scumiatac/result/step3_umi/ATACP1000_2.finished
        

[Tue Nov 25 20:35:16 2025]
rule umi:
    input: /datapool/data/Users/zhijian/projects/scumiatac/result/step2_qc/ATACP500_1.finished
    output: /datapool/data/Users/zhijian/projects/scumiatac/result/step3_umi/ATACP500_1.finished
    jobid: 22
    reason: Missing output files: /datapool/data/Users/zhijian/projects/scumiatac/result/step3_umi/ATACP500_1.finished
    wildcards: sample=ATACP500_1
    resources: tmpdir=/tmp


umi_tools extract --extract-method=string --bc-pattern='CCCCCCCCNNNNNN' --bc-pattern2='CCCCCCCCNNNNNN'     -I /datapool/data/Users/zhijian/projects/scumiatac/result/step2_qc/ATACP500_1.R1_qc.fastq.gz -S /datapool/data/Users/zhijian/projects/scumiatac/result/step3_umi/ATACP500_1.R1_umi.fastq.gz --quality-filter-threshold=20 --quality-encoding='phred33'         --read2-in=/datapool/data/Users/zhijian/projects/scumiatac/result/step2_qc/ATACP500_1.R2_qc.fastq.gz  --read2-out=/datapool/data/Users/zhijian/projects/scumiatac/result/step3_umi/ATACP500_1.R2_umi.fastq.gz              -L /datapool/data/Users/zhijian/projects/scumiatac/result/step3_umi/ATACP500_1.umi.log -E /datapool/data/Users/zhijian/projects/scumiatac/result/step3_umi/ATACP500_1.umi.error --temp-dir=ATACP500_1_umi_tempdir/ && rm /datapool/data/Users/zhijian/projects/scumiatac/result/step2_qc/ATACP500_1.R1_qc.fastq.gz /datapool/data/Users/zhijian/projects/scumiatac/result/step2_qc/ATACP500_1.R2_qc.fastq.gz
touch /datapool/data/Users/zhijian/projects/scumiatac/result/step3_umi/ATACP500_1.finished
        

[Tue Nov 25 20:35:16 2025]
rule umi:
    input: /datapool/data/Users/zhijian/projects/scumiatac/result/step2_qc/ATACP500_2.finished
    output: /datapool/data/Users/zhijian/projects/scumiatac/result/step3_umi/ATACP500_2.finished
    jobid: 30
    reason: Missing output files: /datapool/data/Users/zhijian/projects/scumiatac/result/step3_umi/ATACP500_2.finished
    wildcards: sample=ATACP500_2
    resources: tmpdir=/tmp


umi_tools extract --extract-method=string --bc-pattern='CCCCCCCCNNNNNN' --bc-pattern2='CCCCCCCCNNNNNN'     -I /datapool/data/Users/zhijian/projects/scumiatac/result/step2_qc/ATACP500_2.R1_qc.fastq.gz -S /datapool/data/Users/zhijian/projects/scumiatac/result/step3_umi/ATACP500_2.R1_umi.fastq.gz --quality-filter-threshold=20 --quality-encoding='phred33'         --read2-in=/datapool/data/Users/zhijian/projects/scumiatac/result/step2_qc/ATACP500_2.R2_qc.fastq.gz  --read2-out=/datapool/data/Users/zhijian/projects/scumiatac/result/step3_umi/ATACP500_2.R2_umi.fastq.gz              -L /datapool/data/Users/zhijian/projects/scumiatac/result/step3_umi/ATACP500_2.umi.log -E /datapool/data/Users/zhijian/projects/scumiatac/result/step3_umi/ATACP500_2.umi.error --temp-dir=ATACP500_2_umi_tempdir/ && rm /datapool/data/Users/zhijian/projects/scumiatac/result/step2_qc/ATACP500_2.R1_qc.fastq.gz /datapool/data/Users/zhijian/projects/scumiatac/result/step2_qc/ATACP500_2.R2_qc.fastq.gz
touch /datapool/data/Users/zhijian/projects/scumiatac/result/step3_umi/ATACP500_2.finished
        

[Tue Nov 25 20:35:16 2025]
rule umi:
    input: /datapool/data/Users/zhijian/projects/scumiatac/result/step2_qc/ATACP1000_1.finished
    output: /datapool/data/Users/zhijian/projects/scumiatac/result/step3_umi/ATACP1000_1.finished
    jobid: 6
    reason: Missing output files: /datapool/data/Users/zhijian/projects/scumiatac/result/step3_umi/ATACP1000_1.finished
    wildcards: sample=ATACP1000_1
    resources: tmpdir=/tmp


umi_tools extract --extract-method=string --bc-pattern='CCCCCCCCNNNNNN' --bc-pattern2='CCCCCCCCNNNNNN'     -I /datapool/data/Users/zhijian/projects/scumiatac/result/step2_qc/ATACP1000_1.R1_qc.fastq.gz -S /datapool/data/Users/zhijian/projects/scumiatac/result/step3_umi/ATACP1000_1.R1_umi.fastq.gz --quality-filter-threshold=20 --quality-encoding='phred33'         --read2-in=/datapool/data/Users/zhijian/projects/scumiatac/result/step2_qc/ATACP1000_1.R2_qc.fastq.gz  --read2-out=/datapool/data/Users/zhijian/projects/scumiatac/result/step3_umi/ATACP1000_1.R2_umi.fastq.gz              -L /datapool/data/Users/zhijian/projects/scumiatac/result/step3_umi/ATACP1000_1.umi.log -E /datapool/data/Users/zhijian/projects/scumiatac/result/step3_umi/ATACP1000_1.umi.error --temp-dir=ATACP1000_1_umi_tempdir/ && rm /datapool/data/Users/zhijian/projects/scumiatac/result/step2_qc/ATACP1000_1.R1_qc.fastq.gz /datapool/data/Users/zhijian/projects/scumiatac/result/step2_qc/ATACP1000_1.R2_qc.fastq.gz
touch /datapool/data/Users/zhijian/projects/scumiatac/result/step3_umi/ATACP1000_1.finished
        

[Tue Nov 25 20:35:16 2025]
rule umi:
    input: /datapool/data/Users/zhijian/projects/scumiatac/result/step2_qc/ATACSC.finished
    output: /datapool/data/Users/zhijian/projects/scumiatac/result/step3_umi/ATACSC.finished
    jobid: 38
    reason: Missing output files: /datapool/data/Users/zhijian/projects/scumiatac/result/step3_umi/ATACSC.finished
    wildcards: sample=ATACSC
    resources: tmpdir=/tmp


umi_tools extract --extract-method=string --bc-pattern='CCCCCCCCNNNNNN' --bc-pattern2='CCCCCCCCNNNNNN'     -I /datapool/data/Users/zhijian/projects/scumiatac/result/step2_qc/ATACSC.R1_qc.fastq.gz -S /datapool/data/Users/zhijian/projects/scumiatac/result/step3_umi/ATACSC.R1_umi.fastq.gz --quality-filter-threshold=20 --quality-encoding='phred33'         --read2-in=/datapool/data/Users/zhijian/projects/scumiatac/result/step2_qc/ATACSC.R2_qc.fastq.gz  --read2-out=/datapool/data/Users/zhijian/projects/scumiatac/result/step3_umi/ATACSC.R2_umi.fastq.gz              -L /datapool/data/Users/zhijian/projects/scumiatac/result/step3_umi/ATACSC.umi.log -E /datapool/data/Users/zhijian/projects/scumiatac/result/step3_umi/ATACSC.umi.error --temp-dir=ATACSC_umi_tempdir/ && rm /datapool/data/Users/zhijian/projects/scumiatac/result/step2_qc/ATACSC.R1_qc.fastq.gz /datapool/data/Users/zhijian/projects/scumiatac/result/step2_qc/ATACSC.R2_qc.fastq.gz
touch /datapool/data/Users/zhijian/projects/scumiatac/result/step3_umi/ATACSC.finished
        
rm: cannot remove '/datapool/data/Users/zhijian/projects/scumiatac/result/step2_qc/ATACP500_1.R1_qc.fastq.gz': No such file or directory
rm: cannot remove '/datapool/data/Users/zhijian/projects/scumiatac/result/step2_qc/ATACP500_1.R2_qc.fastq.gz': No such file or directory
[Tue Nov 25 22:15:03 2025]
Error in rule umi:
    jobid: 22
    input: /datapool/data/Users/zhijian/projects/scumiatac/result/step2_qc/ATACP500_1.finished
    output: /datapool/data/Users/zhijian/projects/scumiatac/result/step3_umi/ATACP500_1.finished
    shell:
        
umi_tools extract --extract-method=string --bc-pattern='CCCCCCCCNNNNNN' --bc-pattern2='CCCCCCCCNNNNNN'     -I /datapool/data/Users/zhijian/projects/scumiatac/result/step2_qc/ATACP500_1.R1_qc.fastq.gz -S /datapool/data/Users/zhijian/projects/scumiatac/result/step3_umi/ATACP500_1.R1_umi.fastq.gz --quality-filter-threshold=20 --quality-encoding='phred33'         --read2-in=/datapool/data/Users/zhijian/projects/scumiatac/result/step2_qc/ATACP500_1.R2_qc.fastq.gz  --read2-out=/datapool/data/Users/zhijian/projects/scumiatac/result/step3_umi/ATACP500_1.R2_umi.fastq.gz              -L /datapool/data/Users/zhijian/projects/scumiatac/result/step3_umi/ATACP500_1.umi.log -E /datapool/data/Users/zhijian/projects/scumiatac/result/step3_umi/ATACP500_1.umi.error --temp-dir=ATACP500_1_umi_tempdir/ && rm /datapool/data/Users/zhijian/projects/scumiatac/result/step2_qc/ATACP500_1.R1_qc.fastq.gz /datapool/data/Users/zhijian/projects/scumiatac/result/step2_qc/ATACP500_1.R2_qc.fastq.gz
touch /datapool/data/Users/zhijian/projects/scumiatac/result/step3_umi/ATACP500_1.finished
        
        (one of the commands exited with non-zero exit code; note that snakemake uses bash strict mode!)

Removing output files of failed job umi since they might be corrupted:
/datapool/data/Users/zhijian/projects/scumiatac/result/step3_umi/ATACP500_1.finished
[Tue Nov 25 22:19:17 2025]
Finished job 30.
1 of 31 steps (3%) done
[Tue Nov 25 22:26:59 2025]
Finished job 14.
2 of 31 steps (6%) done
[Tue Nov 25 22:36:19 2025]
Finished job 6.
3 of 31 steps (10%) done
[Tue Nov 25 23:29:11 2025]
Finished job 38.
4 of 31 steps (13%) done
Shutting down, this might take some time.
Exiting because a job execution failed. Look above for error message
Complete log: .snakemake/log/2025-11-25T203456.534831.snakemake.log
Building DAG of jobs...
Using shell: /usr/bin/bash
Provided cores: 96
Rules claiming more threads will be scaled down.
Job stats:
job           count
----------  -------
all               1
bam_qc            5
bwa               5
dedup             5
trim              5
umiMapping        5
total            26

Select jobs to execute...

[Wed Nov 26 09:08:36 2025]
rule trim:
    input: /datapool/data/Users/zhijian/projects/scumiatac/result/step3_umi/ATACP500_2.finished
    output: /datapool/data/Users/zhijian/projects/scumiatac/result/step4_trim/ATACP500_2.finished
    jobid: 29
    reason: Missing output files: /datapool/data/Users/zhijian/projects/scumiatac/result/step4_trim/ATACP500_2.finished
    wildcards: sample=ATACP500_2
    threads: 16
    resources: tmpdir=/tmp


trimmomatic PE -Xmx16G -threads 16 /datapool/data/Users/zhijian/projects/scumiatac/result/step3_umi/ATACP500_2.R1_umi.fastq.gz /datapool/data/Users/zhijian/projects/scumiatac/result/step3_umi/ATACP500_2.R2_umi.fastq.gz -baseout /datapool/data/Users/zhijian/projects/scumiatac/result/step4_trim/ATACP500_2_trimmed.fq.gz HEADCROP:19 && rm /datapool/data/Users/zhijian/projects/scumiatac/result/step3_umi/ATACP500_2.R1_umi.fastq.gz /datapool/data/Users/zhijian/projects/scumiatac/result/step3_umi/ATACP500_2.R2_umi.fastq.gz
trimmomatic PE -Xmx16G -threads 16 /datapool/data/Users/zhijian/projects/scumiatac/result/step4_trim/ATACP500_2_trimmed_1P.fq.gz /datapool/data/Users/zhijian/projects/scumiatac/result/step4_trim/ATACP500_2_trimmed_2P.fq.gz -baseout /datapool/data/Users/zhijian/projects/scumiatac/result/step4_trim/ATACP500_2_final.fq.gz ILLUMINACLIP:/datapool/data/Users/zhijian/projects/scumiatac/pipeline/adapter.fa:2:30:11:8:true MINLEN:70 AVGQUAL:20
rm /datapool/data/Users/zhijian/projects/scumiatac/result/step4_trim/ATACP500_2_trimmed_1P.fq.gz /datapool/data/Users/zhijian/projects/scumiatac/result/step4_trim/ATACP500_2_trimmed_2P.fq.gz
fastp -i /datapool/data/Users/zhijian/projects/scumiatac/result/step4_trim/ATACP500_2_final_1P.fq.gz -I /datapool/data/Users/zhijian/projects/scumiatac/result/step4_trim/ATACP500_2_final_2P.fq.gz -o /datapool/data/Users/zhijian/projects/scumiatac/result/step4_trim/ATACP500_2_trimmed_1P.fq.gz -O /datapool/data/Users/zhijian/projects/scumiatac/result/step4_trim/ATACP500_2_trimmed_2P.fq.gz --html /datapool/data/Users/zhijian/projects/scumiatac/result/step4_trim/ATACP500_2_fastp.html --json /datapool/data/Users/zhijian/projects/scumiatac/result/step4_trim/ATACP500_2_fastp.json --thread 16 -Q -L -A
rm /datapool/data/Users/zhijian/projects/scumiatac/result/step4_trim/ATACP500_2_trimmed_1P.fq.gz /datapool/data/Users/zhijian/projects/scumiatac/result/step4_trim/ATACP500_2_trimmed_2P.fq.gz
touch /datapool/data/Users/zhijian/projects/scumiatac/result/step4_trim/ATACP500_2.finished
        
Activating conda environment: scumiatac

[Wed Nov 26 09:08:42 2025]
rule trim:
    input: /datapool/data/Users/zhijian/projects/scumiatac/result/step3_umi/ATACP1000_1.finished
    output: /datapool/data/Users/zhijian/projects/scumiatac/result/step4_trim/ATACP1000_1.finished
    jobid: 5
    reason: Missing output files: /datapool/data/Users/zhijian/projects/scumiatac/result/step4_trim/ATACP1000_1.finished
    wildcards: sample=ATACP1000_1
    threads: 16
    resources: tmpdir=/tmp


trimmomatic PE -Xmx16G -threads 16 /datapool/data/Users/zhijian/projects/scumiatac/result/step3_umi/ATACP1000_1.R1_umi.fastq.gz /datapool/data/Users/zhijian/projects/scumiatac/result/step3_umi/ATACP1000_1.R2_umi.fastq.gz -baseout /datapool/data/Users/zhijian/projects/scumiatac/result/step4_trim/ATACP1000_1_trimmed.fq.gz HEADCROP:19 && rm /datapool/data/Users/zhijian/projects/scumiatac/result/step3_umi/ATACP1000_1.R1_umi.fastq.gz /datapool/data/Users/zhijian/projects/scumiatac/result/step3_umi/ATACP1000_1.R2_umi.fastq.gz
trimmomatic PE -Xmx16G -threads 16 /datapool/data/Users/zhijian/projects/scumiatac/result/step4_trim/ATACP1000_1_trimmed_1P.fq.gz /datapool/data/Users/zhijian/projects/scumiatac/result/step4_trim/ATACP1000_1_trimmed_2P.fq.gz -baseout /datapool/data/Users/zhijian/projects/scumiatac/result/step4_trim/ATACP1000_1_final.fq.gz ILLUMINACLIP:/datapool/data/Users/zhijian/projects/scumiatac/pipeline/adapter.fa:2:30:11:8:true MINLEN:70 AVGQUAL:20
rm /datapool/data/Users/zhijian/projects/scumiatac/result/step4_trim/ATACP1000_1_trimmed_1P.fq.gz /datapool/data/Users/zhijian/projects/scumiatac/result/step4_trim/ATACP1000_1_trimmed_2P.fq.gz
fastp -i /datapool/data/Users/zhijian/projects/scumiatac/result/step4_trim/ATACP1000_1_final_1P.fq.gz -I /datapool/data/Users/zhijian/projects/scumiatac/result/step4_trim/ATACP1000_1_final_2P.fq.gz -o /datapool/data/Users/zhijian/projects/scumiatac/result/step4_trim/ATACP1000_1_trimmed_1P.fq.gz -O /datapool/data/Users/zhijian/projects/scumiatac/result/step4_trim/ATACP1000_1_trimmed_2P.fq.gz --html /datapool/data/Users/zhijian/projects/scumiatac/result/step4_trim/ATACP1000_1_fastp.html --json /datapool/data/Users/zhijian/projects/scumiatac/result/step4_trim/ATACP1000_1_fastp.json --thread 16 -Q -L -A
rm /datapool/data/Users/zhijian/projects/scumiatac/result/step4_trim/ATACP1000_1_trimmed_1P.fq.gz /datapool/data/Users/zhijian/projects/scumiatac/result/step4_trim/ATACP1000_1_trimmed_2P.fq.gz
touch /datapool/data/Users/zhijian/projects/scumiatac/result/step4_trim/ATACP1000_1.finished
        
Activating conda environment: scumiatac

[Wed Nov 26 09:08:42 2025]
rule trim:
    input: /datapool/data/Users/zhijian/projects/scumiatac/result/step3_umi/ATACSC.finished
    output: /datapool/data/Users/zhijian/projects/scumiatac/result/step4_trim/ATACSC.finished
    jobid: 37
    reason: Missing output files: /datapool/data/Users/zhijian/projects/scumiatac/result/step4_trim/ATACSC.finished
    wildcards: sample=ATACSC
    threads: 16
    resources: tmpdir=/tmp


trimmomatic PE -Xmx16G -threads 16 /datapool/data/Users/zhijian/projects/scumiatac/result/step3_umi/ATACSC.R1_umi.fastq.gz /datapool/data/Users/zhijian/projects/scumiatac/result/step3_umi/ATACSC.R2_umi.fastq.gz -baseout /datapool/data/Users/zhijian/projects/scumiatac/result/step4_trim/ATACSC_trimmed.fq.gz HEADCROP:19 && rm /datapool/data/Users/zhijian/projects/scumiatac/result/step3_umi/ATACSC.R1_umi.fastq.gz /datapool/data/Users/zhijian/projects/scumiatac/result/step3_umi/ATACSC.R2_umi.fastq.gz
trimmomatic PE -Xmx16G -threads 16 /datapool/data/Users/zhijian/projects/scumiatac/result/step4_trim/ATACSC_trimmed_1P.fq.gz /datapool/data/Users/zhijian/projects/scumiatac/result/step4_trim/ATACSC_trimmed_2P.fq.gz -baseout /datapool/data/Users/zhijian/projects/scumiatac/result/step4_trim/ATACSC_final.fq.gz ILLUMINACLIP:/datapool/data/Users/zhijian/projects/scumiatac/pipeline/adapter.fa:2:30:11:8:true MINLEN:70 AVGQUAL:20
rm /datapool/data/Users/zhijian/projects/scumiatac/result/step4_trim/ATACSC_trimmed_1P.fq.gz /datapool/data/Users/zhijian/projects/scumiatac/result/step4_trim/ATACSC_trimmed_2P.fq.gz
fastp -i /datapool/data/Users/zhijian/projects/scumiatac/result/step4_trim/ATACSC_final_1P.fq.gz -I /datapool/data/Users/zhijian/projects/scumiatac/result/step4_trim/ATACSC_final_2P.fq.gz -o /datapool/data/Users/zhijian/projects/scumiatac/result/step4_trim/ATACSC_trimmed_1P.fq.gz -O /datapool/data/Users/zhijian/projects/scumiatac/result/step4_trim/ATACSC_trimmed_2P.fq.gz --html /datapool/data/Users/zhijian/projects/scumiatac/result/step4_trim/ATACSC_fastp.html --json /datapool/data/Users/zhijian/projects/scumiatac/result/step4_trim/ATACSC_fastp.json --thread 16 -Q -L -A
rm /datapool/data/Users/zhijian/projects/scumiatac/result/step4_trim/ATACSC_trimmed_1P.fq.gz /datapool/data/Users/zhijian/projects/scumiatac/result/step4_trim/ATACSC_trimmed_2P.fq.gz
touch /datapool/data/Users/zhijian/projects/scumiatac/result/step4_trim/ATACSC.finished
        
Activating conda environment: scumiatac

[Wed Nov 26 09:08:42 2025]
rule trim:
    input: /datapool/data/Users/zhijian/projects/scumiatac/result/step3_umi/ATACP1000_2.finished
    output: /datapool/data/Users/zhijian/projects/scumiatac/result/step4_trim/ATACP1000_2.finished
    jobid: 13
    reason: Missing output files: /datapool/data/Users/zhijian/projects/scumiatac/result/step4_trim/ATACP1000_2.finished
    wildcards: sample=ATACP1000_2
    threads: 16
    resources: tmpdir=/tmp


trimmomatic PE -Xmx16G -threads 16 /datapool/data/Users/zhijian/projects/scumiatac/result/step3_umi/ATACP1000_2.R1_umi.fastq.gz /datapool/data/Users/zhijian/projects/scumiatac/result/step3_umi/ATACP1000_2.R2_umi.fastq.gz -baseout /datapool/data/Users/zhijian/projects/scumiatac/result/step4_trim/ATACP1000_2_trimmed.fq.gz HEADCROP:19 && rm /datapool/data/Users/zhijian/projects/scumiatac/result/step3_umi/ATACP1000_2.R1_umi.fastq.gz /datapool/data/Users/zhijian/projects/scumiatac/result/step3_umi/ATACP1000_2.R2_umi.fastq.gz
trimmomatic PE -Xmx16G -threads 16 /datapool/data/Users/zhijian/projects/scumiatac/result/step4_trim/ATACP1000_2_trimmed_1P.fq.gz /datapool/data/Users/zhijian/projects/scumiatac/result/step4_trim/ATACP1000_2_trimmed_2P.fq.gz -baseout /datapool/data/Users/zhijian/projects/scumiatac/result/step4_trim/ATACP1000_2_final.fq.gz ILLUMINACLIP:/datapool/data/Users/zhijian/projects/scumiatac/pipeline/adapter.fa:2:30:11:8:true MINLEN:70 AVGQUAL:20
rm /datapool/data/Users/zhijian/projects/scumiatac/result/step4_trim/ATACP1000_2_trimmed_1P.fq.gz /datapool/data/Users/zhijian/projects/scumiatac/result/step4_trim/ATACP1000_2_trimmed_2P.fq.gz
fastp -i /datapool/data/Users/zhijian/projects/scumiatac/result/step4_trim/ATACP1000_2_final_1P.fq.gz -I /datapool/data/Users/zhijian/projects/scumiatac/result/step4_trim/ATACP1000_2_final_2P.fq.gz -o /datapool/data/Users/zhijian/projects/scumiatac/result/step4_trim/ATACP1000_2_trimmed_1P.fq.gz -O /datapool/data/Users/zhijian/projects/scumiatac/result/step4_trim/ATACP1000_2_trimmed_2P.fq.gz --html /datapool/data/Users/zhijian/projects/scumiatac/result/step4_trim/ATACP1000_2_fastp.html --json /datapool/data/Users/zhijian/projects/scumiatac/result/step4_trim/ATACP1000_2_fastp.json --thread 16 -Q -L -A
rm /datapool/data/Users/zhijian/projects/scumiatac/result/step4_trim/ATACP1000_2_trimmed_1P.fq.gz /datapool/data/Users/zhijian/projects/scumiatac/result/step4_trim/ATACP1000_2_trimmed_2P.fq.gz
touch /datapool/data/Users/zhijian/projects/scumiatac/result/step4_trim/ATACP1000_2.finished
        
Activating conda environment: scumiatac

[Wed Nov 26 09:08:42 2025]
rule trim:
    input: /datapool/data/Users/zhijian/projects/scumiatac/result/step3_umi/ATACP500_1.finished
    output: /datapool/data/Users/zhijian/projects/scumiatac/result/step4_trim/ATACP500_1.finished
    jobid: 21
    reason: Missing output files: /datapool/data/Users/zhijian/projects/scumiatac/result/step4_trim/ATACP500_1.finished
    wildcards: sample=ATACP500_1
    threads: 16
    resources: tmpdir=/tmp


trimmomatic PE -Xmx16G -threads 16 /datapool/data/Users/zhijian/projects/scumiatac/result/step3_umi/ATACP500_1.R1_umi.fastq.gz /datapool/data/Users/zhijian/projects/scumiatac/result/step3_umi/ATACP500_1.R2_umi.fastq.gz -baseout /datapool/data/Users/zhijian/projects/scumiatac/result/step4_trim/ATACP500_1_trimmed.fq.gz HEADCROP:19 && rm /datapool/data/Users/zhijian/projects/scumiatac/result/step3_umi/ATACP500_1.R1_umi.fastq.gz /datapool/data/Users/zhijian/projects/scumiatac/result/step3_umi/ATACP500_1.R2_umi.fastq.gz
trimmomatic PE -Xmx16G -threads 16 /datapool/data/Users/zhijian/projects/scumiatac/result/step4_trim/ATACP500_1_trimmed_1P.fq.gz /datapool/data/Users/zhijian/projects/scumiatac/result/step4_trim/ATACP500_1_trimmed_2P.fq.gz -baseout /datapool/data/Users/zhijian/projects/scumiatac/result/step4_trim/ATACP500_1_final.fq.gz ILLUMINACLIP:/datapool/data/Users/zhijian/projects/scumiatac/pipeline/adapter.fa:2:30:11:8:true MINLEN:70 AVGQUAL:20
rm /datapool/data/Users/zhijian/projects/scumiatac/result/step4_trim/ATACP500_1_trimmed_1P.fq.gz /datapool/data/Users/zhijian/projects/scumiatac/result/step4_trim/ATACP500_1_trimmed_2P.fq.gz
fastp -i /datapool/data/Users/zhijian/projects/scumiatac/result/step4_trim/ATACP500_1_final_1P.fq.gz -I /datapool/data/Users/zhijian/projects/scumiatac/result/step4_trim/ATACP500_1_final_2P.fq.gz -o /datapool/data/Users/zhijian/projects/scumiatac/result/step4_trim/ATACP500_1_trimmed_1P.fq.gz -O /datapool/data/Users/zhijian/projects/scumiatac/result/step4_trim/ATACP500_1_trimmed_2P.fq.gz --html /datapool/data/Users/zhijian/projects/scumiatac/result/step4_trim/ATACP500_1_fastp.html --json /datapool/data/Users/zhijian/projects/scumiatac/result/step4_trim/ATACP500_1_fastp.json --thread 16 -Q -L -A
rm /datapool/data/Users/zhijian/projects/scumiatac/result/step4_trim/ATACP500_1_trimmed_1P.fq.gz /datapool/data/Users/zhijian/projects/scumiatac/result/step4_trim/ATACP500_1_trimmed_2P.fq.gz
touch /datapool/data/Users/zhijian/projects/scumiatac/result/step4_trim/ATACP500_1.finished
        
Activating conda environment: scumiatac
TrimmomaticPE: Started with arguments:
TrimmomaticPE: Started with arguments:
TrimmomaticPE: Started with arguments:
TrimmomaticPE: Started with arguments:
TrimmomaticPE: Started with arguments:
 -threads -threads 16 -threads 16 -threads /datapool/data/Users/zhijian/projects/scumiatac/result/step3_umi/ATACP1000_2.R1_umi.fastq.gz /datapool/data/Users/zhijian/projects/scumiatac/result/step3_umi/ATACP500_1.R1_umi.fastq.gz 16 -threads /datapool/data/Users/zhijian/projects/scumiatac/result/step3_umi/ATACP1000_2.R2_umi.fastq.gz 16 /datapool/data/Users/zhijian/projects/scumiatac/result/step3_umi/ATACP500_1.R2_umi.fastq.gz /datapool/data/Users/zhijian/projects/scumiatac/result/step3_umi/ATACSC.R1_umi.fastq.gz -baseout 16 /datapool/data/Users/zhijian/projects/scumiatac/result/step3_umi/ATACP1000_1.R1_umi.fastq.gz -baseout /datapool/data/Users/zhijian/projects/scumiatac/result/step3_umi/ATACSC.R2_umi.fastq.gz /datapool/data/Users/zhijian/projects/scumiatac/result/step4_trim/ATACP1000_2_trimmed.fq.gz /datapool/data/Users/zhijian/projects/scumiatac/result/step3_umi/ATACP500_2.R1_umi.fastq.gz /datapool/data/Users/zhijian/projects/scumiatac/result/step3_umi/ATACP1000_1.R2_umi.fastq.gz /datapool/data/Users/zhijian/projects/scumiatac/result/step4_trim/ATACP500_1_trimmed.fq.gz -baseout HEADCROP:19 /datapool/data/Users/zhijian/projects/scumiatac/result/step3_umi/ATACP500_2.R2_umi.fastq.gz -baseout HEADCROP:19 /datapool/data/Users/zhijian/projects/scumiatac/result/step4_trim/ATACSC_trimmed.fq.gz
 HEADCROP:19 -baseout
 /datapool/data/Users/zhijian/projects/scumiatac/result/step4_trim/ATACP1000_1_trimmed.fq.gz /datapool/data/Users/zhijian/projects/scumiatac/result/step4_trim/ATACP500_2_trimmed.fq.gz
 HEADCROP:19 HEADCROP:19

Using templated Output files: /datapool/data/Users/zhijian/projects/scumiatac/result/step4_trim/ATACP1000_2_trimmed_1P.fq.gz /datapool/data/Users/zhijian/projects/scumiatac/result/step4_trim/ATACP1000_2_trimmed_1U.fq.gz /datapool/data/Users/zhijian/projects/scumiatac/result/step4_trim/ATACP1000_2_trimmed_2P.fq.gz /datapool/data/Users/zhijian/projects/scumiatac/result/step4_trim/ATACP1000_2_trimmed_2U.fq.gz
Using templated Output files: /datapool/data/Users/zhijian/projects/scumiatac/result/step4_trim/ATACSC_trimmed_1P.fq.gz /datapool/data/Users/zhijian/projects/scumiatac/result/step4_trim/ATACSC_trimmed_1U.fq.gz /datapool/data/Users/zhijian/projects/scumiatac/result/step4_trim/ATACSC_trimmed_2P.fq.gz /datapool/data/Users/zhijian/projects/scumiatac/result/step4_trim/ATACSC_trimmed_2U.fq.gz
Using templated Output files: /datapool/data/Users/zhijian/projects/scumiatac/result/step4_trim/ATACP500_1_trimmed_1P.fq.gz /datapool/data/Users/zhijian/projects/scumiatac/result/step4_trim/ATACP500_1_trimmed_1U.fq.gz /datapool/data/Users/zhijian/projects/scumiatac/result/step4_trim/ATACP500_1_trimmed_2P.fq.gz /datapool/data/Users/zhijian/projects/scumiatac/result/step4_trim/ATACP500_1_trimmed_2U.fq.gz
Using templated Output files: /datapool/data/Users/zhijian/projects/scumiatac/result/step4_trim/ATACP500_2_trimmed_1P.fq.gz /datapool/data/Users/zhijian/projects/scumiatac/result/step4_trim/ATACP500_2_trimmed_1U.fq.gz /datapool/data/Users/zhijian/projects/scumiatac/result/step4_trim/ATACP500_2_trimmed_2P.fq.gz /datapool/data/Users/zhijian/projects/scumiatac/result/step4_trim/ATACP500_2_trimmed_2U.fq.gz
Using templated Output files: /datapool/data/Users/zhijian/projects/scumiatac/result/step4_trim/ATACP1000_1_trimmed_1P.fq.gz /datapool/data/Users/zhijian/projects/scumiatac/result/step4_trim/ATACP1000_1_trimmed_1U.fq.gz /datapool/data/Users/zhijian/projects/scumiatac/result/step4_trim/ATACP1000_1_trimmed_2P.fq.gz /datapool/data/Users/zhijian/projects/scumiatac/result/step4_trim/ATACP1000_1_trimmed_2U.fq.gz
Quality encoding detected as phred33
Quality encoding detected as phred33
Quality encoding detected as phred33
Quality encoding detected as phred33
Quality encoding detected as phred33
Input Read Pairs: 96073383 Both Surviving: 96073383 (100.00%) Forward Only Surviving: 0 (0.00%) Reverse Only Surviving: 0 (0.00%) Dropped: 0 (0.00%)
TrimmomaticPE: Completed successfully
TrimmomaticPE: Started with arguments:
 -threads 16 /datapool/data/Users/zhijian/projects/scumiatac/result/step4_trim/ATACP500_1_trimmed_1P.fq.gz /datapool/data/Users/zhijian/projects/scumiatac/result/step4_trim/ATACP500_1_trimmed_2P.fq.gz -baseout /datapool/data/Users/zhijian/projects/scumiatac/result/step4_trim/ATACP500_1_final.fq.gz ILLUMINACLIP:/datapool/data/Users/zhijian/projects/scumiatac/pipeline/adapter.fa:2:30:11:8:true MINLEN:70 AVGQUAL:20
Using templated Output files: /datapool/data/Users/zhijian/projects/scumiatac/result/step4_trim/ATACP500_1_final_1P.fq.gz /datapool/data/Users/zhijian/projects/scumiatac/result/step4_trim/ATACP500_1_final_1U.fq.gz /datapool/data/Users/zhijian/projects/scumiatac/result/step4_trim/ATACP500_1_final_2P.fq.gz /datapool/data/Users/zhijian/projects/scumiatac/result/step4_trim/ATACP500_1_final_2U.fq.gz
ILLUMINACLIP: Using adapter file from user-specified absolute path: /datapool/data/Users/zhijian/projects/scumiatac/pipeline/adapter.fa
Using PrefixPair: 'AGATGTGTATAAGAGACAG' and 'AGATGTGTATAAGAGACAG'
Using Medium Clipping Sequence: 'CTGTCTCTTATACACATCT'
Using Medium Clipping Sequence: 'AGATGTGTATAAGAGACAG'
ILLUMINACLIP: Using 1 prefix pairs, 2 forward/reverse sequences, 0 forward only sequences, 0 reverse only sequences
Quality encoding detected as phred33
Input Read Pairs: 98096210 Both Surviving: 98096210 (100.00%) Forward Only Surviving: 0 (0.00%) Reverse Only Surviving: 0 (0.00%) Dropped: 0 (0.00%)
TrimmomaticPE: Completed successfully
TrimmomaticPE: Started with arguments:
 -threads 16 /datapool/data/Users/zhijian/projects/scumiatac/result/step4_trim/ATACP500_2_trimmed_1P.fq.gz /datapool/data/Users/zhijian/projects/scumiatac/result/step4_trim/ATACP500_2_trimmed_2P.fq.gz -baseout /datapool/data/Users/zhijian/projects/scumiatac/result/step4_trim/ATACP500_2_final.fq.gz ILLUMINACLIP:/datapool/data/Users/zhijian/projects/scumiatac/pipeline/adapter.fa:2:30:11:8:true MINLEN:70 AVGQUAL:20
Using templated Output files: /datapool/data/Users/zhijian/projects/scumiatac/result/step4_trim/ATACP500_2_final_1P.fq.gz /datapool/data/Users/zhijian/projects/scumiatac/result/step4_trim/ATACP500_2_final_1U.fq.gz /datapool/data/Users/zhijian/projects/scumiatac/result/step4_trim/ATACP500_2_final_2P.fq.gz /datapool/data/Users/zhijian/projects/scumiatac/result/step4_trim/ATACP500_2_final_2U.fq.gz
ILLUMINACLIP: Using adapter file from user-specified absolute path: /datapool/data/Users/zhijian/projects/scumiatac/pipeline/adapter.fa
Using PrefixPair: 'AGATGTGTATAAGAGACAG' and 'AGATGTGTATAAGAGACAG'
Using Medium Clipping Sequence: 'CTGTCTCTTATACACATCT'
Using Medium Clipping Sequence: 'AGATGTGTATAAGAGACAG'
ILLUMINACLIP: Using 1 prefix pairs, 2 forward/reverse sequences, 0 forward only sequences, 0 reverse only sequences
Quality encoding detected as phred33
Input Read Pairs: 103176479 Both Surviving: 103176479 (100.00%) Forward Only Surviving: 0 (0.00%) Reverse Only Surviving: 0 (0.00%) Dropped: 0 (0.00%)
TrimmomaticPE: Completed successfully
TrimmomaticPE: Started with arguments:
 -threads 16 /datapool/data/Users/zhijian/projects/scumiatac/result/step4_trim/ATACP1000_2_trimmed_1P.fq.gz /datapool/data/Users/zhijian/projects/scumiatac/result/step4_trim/ATACP1000_2_trimmed_2P.fq.gz -baseout /datapool/data/Users/zhijian/projects/scumiatac/result/step4_trim/ATACP1000_2_final.fq.gz ILLUMINACLIP:/datapool/data/Users/zhijian/projects/scumiatac/pipeline/adapter.fa:2:30:11:8:true MINLEN:70 AVGQUAL:20
Using templated Output files: /datapool/data/Users/zhijian/projects/scumiatac/result/step4_trim/ATACP1000_2_final_1P.fq.gz /datapool/data/Users/zhijian/projects/scumiatac/result/step4_trim/ATACP1000_2_final_1U.fq.gz /datapool/data/Users/zhijian/projects/scumiatac/result/step4_trim/ATACP1000_2_final_2P.fq.gz /datapool/data/Users/zhijian/projects/scumiatac/result/step4_trim/ATACP1000_2_final_2U.fq.gz
ILLUMINACLIP: Using adapter file from user-specified absolute path: /datapool/data/Users/zhijian/projects/scumiatac/pipeline/adapter.fa
Using PrefixPair: 'AGATGTGTATAAGAGACAG' and 'AGATGTGTATAAGAGACAG'
Using Medium Clipping Sequence: 'CTGTCTCTTATACACATCT'
Using Medium Clipping Sequence: 'AGATGTGTATAAGAGACAG'
ILLUMINACLIP: Using 1 prefix pairs, 2 forward/reverse sequences, 0 forward only sequences, 0 reverse only sequences
Quality encoding detected as phred33
Input Read Pairs: 114756743 Both Surviving: 114756743 (100.00%) Forward Only Surviving: 0 (0.00%) Reverse Only Surviving: 0 (0.00%) Dropped: 0 (0.00%)
TrimmomaticPE: Completed successfully
TrimmomaticPE: Started with arguments:
 -threads 16 /datapool/data/Users/zhijian/projects/scumiatac/result/step4_trim/ATACP1000_1_trimmed_1P.fq.gz /datapool/data/Users/zhijian/projects/scumiatac/result/step4_trim/ATACP1000_1_trimmed_2P.fq.gz -baseout /datapool/data/Users/zhijian/projects/scumiatac/result/step4_trim/ATACP1000_1_final.fq.gz ILLUMINACLIP:/datapool/data/Users/zhijian/projects/scumiatac/pipeline/adapter.fa:2:30:11:8:true MINLEN:70 AVGQUAL:20
Using templated Output files: /datapool/data/Users/zhijian/projects/scumiatac/result/step4_trim/ATACP1000_1_final_1P.fq.gz /datapool/data/Users/zhijian/projects/scumiatac/result/step4_trim/ATACP1000_1_final_1U.fq.gz /datapool/data/Users/zhijian/projects/scumiatac/result/step4_trim/ATACP1000_1_final_2P.fq.gz /datapool/data/Users/zhijian/projects/scumiatac/result/step4_trim/ATACP1000_1_final_2U.fq.gz
ILLUMINACLIP: Using adapter file from user-specified absolute path: /datapool/data/Users/zhijian/projects/scumiatac/pipeline/adapter.fa
Using PrefixPair: 'AGATGTGTATAAGAGACAG' and 'AGATGTGTATAAGAGACAG'
Using Medium Clipping Sequence: 'CTGTCTCTTATACACATCT'
Using Medium Clipping Sequence: 'AGATGTGTATAAGAGACAG'
ILLUMINACLIP: Using 1 prefix pairs, 2 forward/reverse sequences, 0 forward only sequences, 0 reverse only sequences
Quality encoding detected as phred33
Input Read Pairs: 96073383 Both Surviving: 30241243 (31.48%) Forward Only Surviving: 418423 (0.44%) Reverse Only Surviving: 397815 (0.41%) Dropped: 65015902 (67.67%)
TrimmomaticPE: Completed successfully
Input Read Pairs: 155551828 Both Surviving: 155551828 (100.00%) Forward Only Surviving: 0 (0.00%) Reverse Only Surviving: 0 (0.00%) Dropped: 0 (0.00%)
TrimmomaticPE: Completed successfully
TrimmomaticPE: Started with arguments:
 -threads 16 /datapool/data/Users/zhijian/projects/scumiatac/result/step4_trim/ATACSC_trimmed_1P.fq.gz /datapool/data/Users/zhijian/projects/scumiatac/result/step4_trim/ATACSC_trimmed_2P.fq.gz -baseout /datapool/data/Users/zhijian/projects/scumiatac/result/step4_trim/ATACSC_final.fq.gz ILLUMINACLIP:/datapool/data/Users/zhijian/projects/scumiatac/pipeline/adapter.fa:2:30:11:8:true MINLEN:70 AVGQUAL:20
Using templated Output files: /datapool/data/Users/zhijian/projects/scumiatac/result/step4_trim/ATACSC_final_1P.fq.gz /datapool/data/Users/zhijian/projects/scumiatac/result/step4_trim/ATACSC_final_1U.fq.gz /datapool/data/Users/zhijian/projects/scumiatac/result/step4_trim/ATACSC_final_2P.fq.gz /datapool/data/Users/zhijian/projects/scumiatac/result/step4_trim/ATACSC_final_2U.fq.gz
ILLUMINACLIP: Using adapter file from user-specified absolute path: /datapool/data/Users/zhijian/projects/scumiatac/pipeline/adapter.fa
Using PrefixPair: 'AGATGTGTATAAGAGACAG' and 'AGATGTGTATAAGAGACAG'
Using Medium Clipping Sequence: 'CTGTCTCTTATACACATCT'
Using Medium Clipping Sequence: 'AGATGTGTATAAGAGACAG'
ILLUMINACLIP: Using 1 prefix pairs, 2 forward/reverse sequences, 0 forward only sequences, 0 reverse only sequences
Quality encoding detected as phred33
Input Read Pairs: 98096210 Both Surviving: 31759600 (32.38%) Forward Only Surviving: 352122 (0.36%) Reverse Only Surviving: 334712 (0.34%) Dropped: 65649776 (66.92%)
TrimmomaticPE: Completed successfully
Read1 before filtering:
total reads: 30241243
total bases: 2864020186
Q20 bases: 2788324690(97.357%)
Q30 bases: 2623747151(91.6106%)
Q40 bases: 0(0%)

Read2 before filtering:
total reads: 30241243
total bases: 2863766754
Q20 bases: 2838295056(99.1106%)
Q30 bases: 2770723520(96.751%)
Q40 bases: 0(0%)

Read1 after filtering:
total reads: 30241243
total bases: 2864020186
Q20 bases: 2788324690(97.357%)
Q30 bases: 2623747151(91.6106%)
Q40 bases: 0(0%)

Read2 after filtering:
total reads: 30241243
total bases: 2863766754
Q20 bases: 2838295056(99.1106%)
Q30 bases: 2770723520(96.751%)
Q40 bases: 0(0%)

Filtering result:
reads passed filter: 60482486
reads failed due to low quality: 0
reads failed due to too many N: 0

Duplication rate: 37.8645%

Insert size peak (evaluated by paired-end reads): 70

JSON report: /datapool/data/Users/zhijian/projects/scumiatac/result/step4_trim/ATACP500_1_fastp.json
HTML report: /datapool/data/Users/zhijian/projects/scumiatac/result/step4_trim/ATACP500_1_fastp.html

fastp -i /datapool/data/Users/zhijian/projects/scumiatac/result/step4_trim/ATACP500_1_final_1P.fq.gz -I /datapool/data/Users/zhijian/projects/scumiatac/result/step4_trim/ATACP500_1_final_2P.fq.gz -o /datapool/data/Users/zhijian/projects/scumiatac/result/step4_trim/ATACP500_1_trimmed_1P.fq.gz -O /datapool/data/Users/zhijian/projects/scumiatac/result/step4_trim/ATACP500_1_trimmed_2P.fq.gz --html /datapool/data/Users/zhijian/projects/scumiatac/result/step4_trim/ATACP500_1_fastp.html --json /datapool/data/Users/zhijian/projects/scumiatac/result/step4_trim/ATACP500_1_fastp.json --thread 16 -Q -L -A 
fastp v1.0.1, time used: 95 seconds
[Wed Nov 26 09:24:27 2025]
Finished job 21.
1 of 26 steps (4%) done
Select jobs to execute...

[Wed Nov 26 09:24:27 2025]
rule bwa:
    input: /datapool/data/Users/zhijian/projects/scumiatac/result/step4_trim/ATACP500_1.finished
    output: /datapool/data/Users/zhijian/projects/scumiatac/result/step5_bwa/ATACP500_1.finished
    jobid: 20
    reason: Missing output files: /datapool/data/Users/zhijian/projects/scumiatac/result/step5_bwa/ATACP500_1.finished; Input files updated by another job: /datapool/data/Users/zhijian/projects/scumiatac/result/step4_trim/ATACP500_1.finished
    wildcards: sample=ATACP500_1
    threads: 32
    resources: tmpdir=/tmp


bwa mem -t 32 /datapool/home/zhijian/data/wheat/genome/3.ref.mask.fasta.gz /datapool/data/Users/zhijian/projects/scumiatac/result/step4_trim/ATACP500_1_final_1P.fq.gz /datapool/data/Users/zhijian/projects/scumiatac/result/step4_trim/ATACP500_1_final_2P.fq.gz | samtools sort -@ 32 -o /datapool/data/Users/zhijian/projects/scumiatac/result/step5_bwa/ATACP500_1.bwa.bam -
samtools index -c /datapool/data/Users/zhijian/projects/scumiatac/result/step5_bwa/ATACP500_1.bwa.bam -@ 32
touch /datapool/data/Users/zhijian/projects/scumiatac/result/step5_bwa/ATACP500_1.finished
        
Input Read Pairs: 103176479 Both Surviving: 40092677 (38.86%) Forward Only Surviving: 374983 (0.36%) Reverse Only Surviving: 385481 (0.37%) Dropped: 62323338 (60.40%)
TrimmomaticPE: Completed successfully
[M::bwa_idx_load_from_disk] read 0 ALT contigs
Read1 before filtering:
total reads: 31759600
total bases: 3058691650
Q20 bases: 2969894601(97.0969%)
Q30 bases: 2780228157(90.896%)
Q40 bases: 0(0%)

Read2 before filtering:
total reads: 31759600
total bases: 3058419849
Q20 bases: 3032763966(99.1611%)
Q30 bases: 2962261231(96.8559%)
Q40 bases: 0(0%)

Read1 after filtering:
total reads: 31759600
total bases: 3058691650
Q20 bases: 2969894601(97.0969%)
Q30 bases: 2780228157(90.896%)
Q40 bases: 0(0%)

Read2 after filtering:
total reads: 31759600
total bases: 3058419849
Q20 bases: 3032763966(99.1611%)
Q30 bases: 2962261231(96.8559%)
Q40 bases: 0(0%)

Filtering result:
reads passed filter: 63519200
reads failed due to low quality: 0
reads failed due to too many N: 0

Duplication rate: 52.7563%

Insert size peak (evaluated by paired-end reads): 70

JSON report: /datapool/data/Users/zhijian/projects/scumiatac/result/step4_trim/ATACP500_2_fastp.json
HTML report: /datapool/data/Users/zhijian/projects/scumiatac/result/step4_trim/ATACP500_2_fastp.html

fastp -i /datapool/data/Users/zhijian/projects/scumiatac/result/step4_trim/ATACP500_2_final_1P.fq.gz -I /datapool/data/Users/zhijian/projects/scumiatac/result/step4_trim/ATACP500_2_final_2P.fq.gz -o /datapool/data/Users/zhijian/projects/scumiatac/result/step4_trim/ATACP500_2_trimmed_1P.fq.gz -O /datapool/data/Users/zhijian/projects/scumiatac/result/step4_trim/ATACP500_2_trimmed_2P.fq.gz --html /datapool/data/Users/zhijian/projects/scumiatac/result/step4_trim/ATACP500_2_fastp.html --json /datapool/data/Users/zhijian/projects/scumiatac/result/step4_trim/ATACP500_2_fastp.json --thread 16 -Q -L -A 
fastp v1.0.1, time used: 102 seconds
[Wed Nov 26 09:25:34 2025]
Finished job 29.
2 of 26 steps (8%) done
Select jobs to execute...
[M::process] read 3385840 sequences (320000105 bp)...
[M::process] read 3379898 sequences (320000155 bp)...
Input Read Pairs: 114756743 Both Surviving: 38650088 (33.68%) Forward Only Surviving: 407873 (0.36%) Reverse Only Surviving: 420924 (0.37%) Dropped: 75277858 (65.60%)
TrimmomaticPE: Completed successfully
[M::mem_pestat] # candidate unique pairs for (FF, FR, RF, RR): (54, 561285, 36, 86)
[M::mem_pestat] analyzing insert size distribution for orientation FF...
[M::mem_pestat] (25, 50, 75) percentile: (31, 40, 72)
[M::mem_pestat] low and high boundaries for computing mean and std.dev: (1, 154)
[M::mem_pestat] mean and std.dev: (47.45, 24.33)
[M::mem_pestat] low and high boundaries for proper pairs: (1, 195)
[M::mem_pestat] analyzing insert size distribution for orientation FR...
[M::mem_pestat] (25, 50, 75) percentile: (78, 91, 111)
[M::mem_pestat] low and high boundaries for computing mean and std.dev: (12, 177)
[M::mem_pestat] mean and std.dev: (96.12, 23.84)
[M::mem_pestat] low and high boundaries for proper pairs: (1, 210)
[M::mem_pestat] analyzing insert size distribution for orientation RF...
[M::mem_pestat] (25, 50, 75) percentile: (551, 595, 632)
[M::mem_pestat] low and high boundaries for computing mean and std.dev: (389, 794)
[M::mem_pestat] mean and std.dev: (603.90, 29.90)
[M::mem_pestat] low and high boundaries for proper pairs: (308, 875)
[M::mem_pestat] analyzing insert size distribution for orientation RR...
[M::mem_pestat] (25, 50, 75) percentile: (28, 51, 67)
[M::mem_pestat] low and high boundaries for computing mean and std.dev: (1, 145)
[M::mem_pestat] mean and std.dev: (54.08, 28.34)
[M::mem_pestat] low and high boundaries for proper pairs: (1, 184)
[M::mem_pestat] skip orientation FF
[M::mem_pestat] skip orientation RF
[M::mem_pestat] skip orientation RR
Read1 before filtering:
total reads: 40092677
total bases: 3833027228
Q20 bases: 3729702162(97.3043%)
Q30 bases: 3507192357(91.4993%)
Q40 bases: 0(0%)

Read2 before filtering:
total reads: 40092677
total bases: 3832809408
Q20 bases: 3799496187(99.1308%)
Q30 bases: 3712343042(96.857%)
Q40 bases: 0(0%)

Read1 after filtering:
total reads: 40092677
total bases: 3833027228
Q20 bases: 3729702162(97.3043%)
Q30 bases: 3507192357(91.4993%)
Q40 bases: 0(0%)

Read2 after filtering:
total reads: 40092677
total bases: 3832809408
Q20 bases: 3799496187(99.1308%)
Q30 bases: 3712343042(96.857%)
Q40 bases: 0(0%)

Filtering result:
reads passed filter: 80185354
reads failed due to low quality: 0
reads failed due to too many N: 0

Duplication rate: 41.0362%

Insert size peak (evaluated by paired-end reads): 70

JSON report: /datapool/data/Users/zhijian/projects/scumiatac/result/step4_trim/ATACP1000_2_fastp.json
HTML report: /datapool/data/Users/zhijian/projects/scumiatac/result/step4_trim/ATACP1000_2_fastp.html

fastp -i /datapool/data/Users/zhijian/projects/scumiatac/result/step4_trim/ATACP1000_2_final_1P.fq.gz -I /datapool/data/Users/zhijian/projects/scumiatac/result/step4_trim/ATACP1000_2_final_2P.fq.gz -o /datapool/data/Users/zhijian/projects/scumiatac/result/step4_trim/ATACP1000_2_trimmed_1P.fq.gz -O /datapool/data/Users/zhijian/projects/scumiatac/result/step4_trim/ATACP1000_2_trimmed_2P.fq.gz --html /datapool/data/Users/zhijian/projects/scumiatac/result/step4_trim/ATACP1000_2_fastp.html --json /datapool/data/Users/zhijian/projects/scumiatac/result/step4_trim/ATACP1000_2_fastp.json --thread 16 -Q -L -A 
fastp v1.0.1, time used: 135 seconds
[Wed Nov 26 09:27:20 2025]
Finished job 13.
3 of 26 steps (12%) done

[Wed Nov 26 09:27:20 2025]
rule bwa:
    input: /datapool/data/Users/zhijian/projects/scumiatac/result/step4_trim/ATACP500_2.finished
    output: /datapool/data/Users/zhijian/projects/scumiatac/result/step5_bwa/ATACP500_2.finished
    jobid: 28
    reason: Missing output files: /datapool/data/Users/zhijian/projects/scumiatac/result/step5_bwa/ATACP500_2.finished; Input files updated by another job: /datapool/data/Users/zhijian/projects/scumiatac/result/step4_trim/ATACP500_2.finished
    wildcards: sample=ATACP500_2
    threads: 32
    resources: tmpdir=/tmp


bwa mem -t 32 /datapool/home/zhijian/data/wheat/genome/3.ref.mask.fasta.gz /datapool/data/Users/zhijian/projects/scumiatac/result/step4_trim/ATACP500_2_final_1P.fq.gz /datapool/data/Users/zhijian/projects/scumiatac/result/step4_trim/ATACP500_2_final_2P.fq.gz | samtools sort -@ 32 -o /datapool/data/Users/zhijian/projects/scumiatac/result/step5_bwa/ATACP500_2.bwa.bam -
samtools index -c /datapool/data/Users/zhijian/projects/scumiatac/result/step5_bwa/ATACP500_2.bwa.bam -@ 32
touch /datapool/data/Users/zhijian/projects/scumiatac/result/step5_bwa/ATACP500_2.finished
        
[M::mem_process_seqs] Processed 3385840 reads in 3196.359 CPU sec, 116.964 real sec
[M::process] read 3376020 sequences (320000144 bp)...
[M::bwa_idx_load_from_disk] read 0 ALT contigs
[M::process] read 3332822 sequences (320000167 bp)...
[M::process] read 3326998 sequences (320000131 bp)...
Read1 before filtering:
total reads: 38650088
total bases: 3623603611
Q20 bases: 3531417000(97.4559%)
Q30 bases: 3331488683(91.9386%)
Q40 bases: 0(0%)

Read2 before filtering:
total reads: 38650088
total bases: 3623505012
Q20 bases: 3592808636(99.1529%)
Q30 bases: 3513130289(96.9539%)
Q40 bases: 0(0%)

Read1 after filtering:
total reads: 38650088
total bases: 3623603611
Q20 bases: 3531417000(97.4559%)
Q30 bases: 3331488683(91.9386%)
Q40 bases: 0(0%)

Read2 after filtering:
total reads: 38650088
total bases: 3623505012
Q20 bases: 3592808636(99.1529%)
Q30 bases: 3513130289(96.9539%)
Q40 bases: 0(0%)

Filtering result:
reads passed filter: 77300176
reads failed due to low quality: 0
reads failed due to too many N: 0

Duplication rate: 32.908%

Insert size peak (evaluated by paired-end reads): 70

JSON report: /datapool/data/Users/zhijian/projects/scumiatac/result/step4_trim/ATACP1000_1_fastp.json
HTML report: /datapool/data/Users/zhijian/projects/scumiatac/result/step4_trim/ATACP1000_1_fastp.html

fastp -i /datapool/data/Users/zhijian/projects/scumiatac/result/step4_trim/ATACP1000_1_final_1P.fq.gz -I /datapool/data/Users/zhijian/projects/scumiatac/result/step4_trim/ATACP1000_1_final_2P.fq.gz -o /datapool/data/Users/zhijian/projects/scumiatac/result/step4_trim/ATACP1000_1_trimmed_1P.fq.gz -O /datapool/data/Users/zhijian/projects/scumiatac/result/step4_trim/ATACP1000_1_trimmed_2P.fq.gz --html /datapool/data/Users/zhijian/projects/scumiatac/result/step4_trim/ATACP1000_1_fastp.html --json /datapool/data/Users/zhijian/projects/scumiatac/result/step4_trim/ATACP1000_1_fastp.json --thread 16 -Q -L -A 
fastp v1.0.1, time used: 127 seconds
[Wed Nov 26 09:28:38 2025]
Finished job 5.
4 of 26 steps (15%) done
Select jobs to execute...
[M::mem_pestat] # candidate unique pairs for (FF, FR, RF, RR): (61, 561667, 51, 79)
[M::mem_pestat] analyzing insert size distribution for orientation FF...
[M::mem_pestat] (25, 50, 75) percentile: (31, 47, 68)
[M::mem_pestat] low and high boundaries for computing mean and std.dev: (1, 142)
[M::mem_pestat] mean and std.dev: (47.17, 22.42)
[M::mem_pestat] low and high boundaries for proper pairs: (1, 179)
[M::mem_pestat] analyzing insert size distribution for orientation FR...
[M::mem_pestat] (25, 50, 75) percentile: (78, 91, 112)
[M::mem_pestat] low and high boundaries for computing mean and std.dev: (10, 180)
[M::mem_pestat] mean and std.dev: (96.53, 24.32)
[M::mem_pestat] low and high boundaries for proper pairs: (1, 214)
[M::mem_pestat] analyzing insert size distribution for orientation RF...
[M::mem_pestat] (25, 50, 75) percentile: (546, 590, 626)
[M::mem_pestat] low and high boundaries for computing mean and std.dev: (386, 786)
[M::mem_pestat] mean and std.dev: (603.94, 27.43)
[M::mem_pestat] low and high boundaries for proper pairs: (306, 866)
[M::mem_pestat] analyzing insert size distribution for orientation RR...
[M::mem_pestat] (25, 50, 75) percentile: (29, 45, 62)
[M::mem_pestat] low and high boundaries for computing mean and std.dev: (1, 128)
[M::mem_pestat] mean and std.dev: (48.59, 25.05)
[M::mem_pestat] low and high boundaries for proper pairs: (1, 161)
[M::mem_pestat] skip orientation FF
[M::mem_pestat] skip orientation RF
[M::mem_pestat] skip orientation RR
[M::mem_process_seqs] Processed 3379898 reads in 2813.561 CPU sec, 90.257 real sec
[M::mem_pestat] # candidate unique pairs for (FF, FR, RF, RR): (76, 607013, 73, 100)
[M::mem_pestat] analyzing insert size distribution for orientation FF...
[M::mem_pestat] (25, 50, 75) percentile: (29, 46, 63)
[M::mem_pestat] low and high boundaries for computing mean and std.dev: (1, 131)
[M::mem_pestat] mean and std.dev: (45.59, 21.70)
[M::mem_pestat] low and high boundaries for proper pairs: (1, 165)
[M::mem_pestat] analyzing insert size distribution for orientation FR...
[M::mem_pestat] (25, 50, 75) percentile: (78, 91, 113)
[M::mem_pestat] low and high boundaries for computing mean and std.dev: (8, 183)
[M::mem_pestat] mean and std.dev: (97.28, 25.30)
[M::mem_pestat] low and high boundaries for proper pairs: (1, 218)
[M::mem_pestat] analyzing insert size distribution for orientation RF...
[M::mem_pestat] (25, 50, 75) percentile: (555, 587, 626)
[M::mem_pestat] low and high boundaries for computing mean and std.dev: (413, 768)
[M::mem_pestat] mean and std.dev: (590.40, 36.73)
[M::mem_pestat] low and high boundaries for proper pairs: (342, 839)
[M::mem_pestat] analyzing insert size distribution for orientation RR...
[M::mem_pestat] (25, 50, 75) percentile: (32, 47, 68)
[M::mem_pestat] low and high boundaries for computing mean and std.dev: (1, 140)
[M::mem_pestat] mean and std.dev: (52.49, 28.59)
[M::mem_pestat] low and high boundaries for proper pairs: (1, 176)
[M::mem_pestat] skip orientation FF
[M::mem_pestat] skip orientation RF
[M::mem_pestat] skip orientation RR
[M::process] read 3375206 sequences (320000027 bp)...
[M::mem_process_seqs] Processed 3332822 reads in 2877.846 CPU sec, 92.956 real sec
[M::process] read 3319682 sequences (320000106 bp)...
[M::mem_pestat] # candidate unique pairs for (FF, FR, RF, RR): (60, 561986, 48, 75)
[M::mem_pestat] analyzing insert size distribution for orientation FF...
[M::mem_pestat] (25, 50, 75) percentile: (29, 47, 69)
[M::mem_pestat] low and high boundaries for computing mean and std.dev: (1, 149)
[M::mem_pestat] mean and std.dev: (49.43, 24.46)
[M::mem_pestat] low and high boundaries for proper pairs: (1, 189)
[M::mem_pestat] analyzing insert size distribution for orientation FR...
[M::mem_pestat] (25, 50, 75) percentile: (78, 91, 112)
[M::mem_pestat] low and high boundaries for computing mean and std.dev: (10, 180)
[M::mem_pestat] mean and std.dev: (96.68, 24.43)
[M::mem_pestat] low and high boundaries for proper pairs: (1, 214)
[M::mem_pestat] analyzing insert size distribution for orientation RF...
[M::mem_pestat] (25, 50, 75) percentile: (225, 578, 593)
[M::mem_pestat] low and high boundaries for computing mean and std.dev: (1, 1329)
[M::mem_pestat] mean and std.dev: (444.83, 219.37)
[M::mem_pestat] low and high boundaries for proper pairs: (1, 1697)
[M::mem_pestat] analyzing insert size distribution for orientation RR...
[M::mem_pestat] (25, 50, 75) percentile: (31, 49, 71)
[M::mem_pestat] low and high boundaries for computing mean and std.dev: (1, 151)
[M::mem_pestat] mean and std.dev: (54.69, 32.39)
[M::mem_pestat] low and high boundaries for proper pairs: (1, 191)
[M::mem_pestat] skip orientation FF
[M::mem_pestat] skip orientation RF
[M::mem_pestat] skip orientation RR
[M::mem_process_seqs] Processed 3376020 reads in 2791.023 CPU sec, 89.334 real sec
[M::mem_pestat] # candidate unique pairs for (FF, FR, RF, RR): (86, 606338, 71, 86)
[M::mem_pestat] analyzing insert size distribution for orientation FF...
[M::mem_pestat] (25, 50, 75) percentile: (35, 48, 67)
[M::mem_pestat] low and high boundaries for computing mean and std.dev: (1, 131)
[M::mem_pestat] mean and std.dev: (50.30, 23.67)
[M::mem_pestat] low and high boundaries for proper pairs: (1, 163)
[M::mem_pestat] analyzing insert size distribution for orientation FR...
[M::mem_pestat] (25, 50, 75) percentile: (78, 92, 114)
[M::mem_pestat] low and high boundaries for computing mean and std.dev: (6, 186)
[M::mem_pestat] mean and std.dev: (97.71, 25.75)
[M::mem_pestat] low and high boundaries for proper pairs: (1, 222)
[M::mem_pestat] analyzing insert size distribution for orientation RF...
[M::mem_pestat] (25, 50, 75) percentile: (559, 593, 626)
[M::mem_pestat] low and high boundaries for computing mean and std.dev: (425, 760)
[M::mem_pestat] mean and std.dev: (592.63, 31.91)
[M::mem_pestat] low and high boundaries for proper pairs: (358, 827)
[M::mem_pestat] analyzing insert size distribution for orientation RR...
[M::mem_pestat] (25, 50, 75) percentile: (29, 47, 69)
[M::mem_pestat] low and high boundaries for computing mean and std.dev: (1, 149)
[M::mem_pestat] mean and std.dev: (50.76, 26.66)
[M::mem_pestat] low and high boundaries for proper pairs: (1, 189)
[M::mem_pestat] skip orientation FF
[M::mem_pestat] skip orientation RF
[M::mem_pestat] skip orientation RR
[M::process] read 3376880 sequences (320000106 bp)...
[M::mem_process_seqs] Processed 3326998 reads in 2832.592 CPU sec, 91.364 real sec
[M::process] read 3317778 sequences (320000041 bp)...
[M::mem_pestat] # candidate unique pairs for (FF, FR, RF, RR): (68, 562669, 41, 71)
[M::mem_pestat] analyzing insert size distribution for orientation FF...
[M::mem_pestat] (25, 50, 75) percentile: (26, 39, 57)
[M::mem_pestat] low and high boundaries for computing mean and std.dev: (1, 119)
[M::mem_pestat] mean and std.dev: (43.65, 23.29)
[M::mem_pestat] low and high boundaries for proper pairs: (1, 150)
[M::mem_pestat] analyzing insert size distribution for orientation FR...
[M::mem_pestat] (25, 50, 75) percentile: (78, 91, 112)
[M::mem_pestat] low and high boundaries for computing mean and std.dev: (10, 180)
[M::mem_pestat] mean and std.dev: (96.68, 24.42)
[M::mem_pestat] low and high boundaries for proper pairs: (1, 214)
[M::mem_pestat] analyzing insert size distribution for orientation RF...
[M::mem_pestat] (25, 50, 75) percentile: (548, 583, 625)
[M::mem_pestat] low and high boundaries for computing mean and std.dev: (394, 779)
[M::mem_pestat] mean and std.dev: (584.39, 31.87)
[M::mem_pestat] low and high boundaries for proper pairs: (317, 856)
[M::mem_pestat] analyzing insert size distribution for orientation RR...
[M::mem_pestat] (25, 50, 75) percentile: (31, 43, 67)
[M::mem_pestat] low and high boundaries for computing mean and std.dev: (1, 139)
[M::mem_pestat] mean and std.dev: (48.78, 23.92)
[M::mem_pestat] low and high boundaries for proper pairs: (1, 175)
[M::mem_pestat] skip orientation FF
[M::mem_pestat] skip orientation RF
[M::mem_pestat] skip orientation RR
[M::mem_process_seqs] Processed 3375206 reads in 2609.489 CPU sec, 82.760 real sec
[M::process] read 3379050 sequences (320000047 bp)...
[M::mem_pestat] # candidate unique pairs for (FF, FR, RF, RR): (100, 607837, 64, 108)
[M::mem_pestat] analyzing insert size distribution for orientation FF...
[M::mem_pestat] (25, 50, 75) percentile: (36, 57, 83)
[M::mem_pestat] low and high boundaries for computing mean and std.dev: (1, 177)
[M::mem_pestat] mean and std.dev: (59.77, 33.52)
[M::mem_pestat] low and high boundaries for proper pairs: (1, 224)
[M::mem_pestat] analyzing insert size distribution for orientation FR...
[M::mem_pestat] (25, 50, 75) percentile: (78, 92, 114)
[M::mem_pestat] low and high boundaries for computing mean and std.dev: (6, 186)
[M::mem_pestat] mean and std.dev: (98.00, 25.93)
[M::mem_pestat] low and high boundaries for proper pairs: (1, 222)
[M::mem_pestat] analyzing insert size distribution for orientation RF...
[M::mem_pestat] (25, 50, 75) percentile: (551, 585, 617)
[M::mem_pestat] low and high boundaries for computing mean and std.dev: (419, 749)
[M::mem_pestat] mean and std.dev: (586.37, 29.93)
[M::mem_pestat] low and high boundaries for proper pairs: (353, 815)
[M::mem_pestat] analyzing insert size distribution for orientation RR...
[M::mem_pestat] (25, 50, 75) percentile: (33, 46, 70)
[M::mem_pestat] low and high boundaries for computing mean and std.dev: (1, 144)
[M::mem_pestat] mean and std.dev: (52.20, 28.51)
[M::mem_pestat] low and high boundaries for proper pairs: (1, 181)
[M::mem_pestat] skip orientation FF
[M::mem_pestat] skip orientation RF
[M::mem_pestat] skip orientation RR
[M::mem_process_seqs] Processed 3319682 reads in 2622.986 CPU sec, 84.565 real sec
[M::process] read 3319694 sequences (320000001 bp)...
[M::mem_pestat] # candidate unique pairs for (FF, FR, RF, RR): (54, 561804, 33, 70)
[M::mem_pestat] analyzing insert size distribution for orientation FF...
[M::mem_pestat] (25, 50, 75) percentile: (22, 42, 74)
[M::mem_pestat] low and high boundaries for computing mean and std.dev: (1, 178)
[M::mem_pestat] mean and std.dev: (48.94, 33.32)
[M::mem_pestat] low and high boundaries for proper pairs: (1, 230)
[M::mem_pestat] analyzing insert size distribution for orientation FR...
[M::mem_pestat] (25, 50, 75) percentile: (78, 91, 112)
[M::mem_pestat] low and high boundaries for computing mean and std.dev: (10, 180)
[M::mem_pestat] mean and std.dev: (96.64, 24.40)
[M::mem_pestat] low and high boundaries for proper pairs: (1, 214)
[M::mem_pestat] analyzing insert size distribution for orientation RF...
[M::mem_pestat] (25, 50, 75) percentile: (566, 589, 627)
[M::mem_pestat] low and high boundaries for computing mean and std.dev: (444, 749)
[M::mem_pestat] mean and std.dev: (587.85, 39.01)
[M::mem_pestat] low and high boundaries for proper pairs: (383, 810)
[M::mem_pestat] analyzing insert size distribution for orientation RR...
[M::mem_pestat] (25, 50, 75) percentile: (27, 47, 69)
[M::mem_pestat] low and high boundaries for computing mean and std.dev: (1, 153)
[M::mem_pestat] mean and std.dev: (49.44, 25.74)
[M::mem_pestat] low and high boundaries for proper pairs: (1, 195)
[M::mem_pestat] skip orientation FF
[M::mem_pestat] skip orientation RF
[M::mem_pestat] skip orientation RR
[M::mem_process_seqs] Processed 3376880 reads in 2450.242 CPU sec, 77.420 real sec
[M::process] read 3377758 sequences (320000014 bp)...
[M::mem_pestat] # candidate unique pairs for (FF, FR, RF, RR): (93, 605613, 73, 120)
[M::mem_pestat] analyzing insert size distribution for orientation FF...
[M::mem_pestat] (25, 50, 75) percentile: (31, 51, 72)
[M::mem_pestat] low and high boundaries for computing mean and std.dev: (1, 154)
[M::mem_pestat] mean and std.dev: (49.93, 25.48)
[M::mem_pestat] low and high boundaries for proper pairs: (1, 195)
[M::mem_pestat] analyzing insert size distribution for orientation FR...
[M::mem_pestat] (25, 50, 75) percentile: (78, 92, 115)
[M::mem_pestat] low and high boundaries for computing mean and std.dev: (4, 189)
[M::mem_pestat] mean and std.dev: (98.27, 26.30)
[M::mem_pestat] low and high boundaries for proper pairs: (1, 226)
[M::mem_pestat] analyzing insert size distribution for orientation RF...
[M::mem_pestat] (25, 50, 75) percentile: (549, 585, 626)
[M::mem_pestat] low and high boundaries for computing mean and std.dev: (395, 780)
[M::mem_pestat] mean and std.dev: (588.35, 31.99)
[M::mem_pestat] low and high boundaries for proper pairs: (318, 857)
[M::mem_pestat] analyzing insert size distribution for orientation RR...
[M::mem_pestat] (25, 50, 75) percentile: (39, 56, 88)
[M::mem_pestat] low and high boundaries for computing mean and std.dev: (1, 186)
[M::mem_pestat] mean and std.dev: (61.70, 32.33)
[M::mem_pestat] low and high boundaries for proper pairs: (1, 235)
[M::mem_pestat] skip orientation FF
[M::mem_pestat] skip orientation RF
[M::mem_pestat] skip orientation RR
[M::mem_process_seqs] Processed 3317778 reads in 2518.841 CPU sec, 80.435 real sec
[M::process] read 3321204 sequences (320000118 bp)...
[M::mem_pestat] # candidate unique pairs for (FF, FR, RF, RR): (66, 562909, 53, 89)
[M::mem_pestat] analyzing insert size distribution for orientation FF...
[M::mem_pestat] (25, 50, 75) percentile: (29, 49, 66)
[M::mem_pestat] low and high boundaries for computing mean and std.dev: (1, 140)
[M::mem_pestat] mean and std.dev: (50.83, 27.89)
[M::mem_pestat] low and high boundaries for proper pairs: (1, 177)
[M::mem_pestat] analyzing insert size distribution for orientation FR...
[M::mem_pestat] (25, 50, 75) percentile: (78, 91, 112)
[M::mem_pestat] low and high boundaries for computing mean and std.dev: (10, 180)
[M::mem_pestat] mean and std.dev: (96.58, 24.36)
[M::mem_pestat] low and high boundaries for proper pairs: (1, 214)
[M::mem_pestat] analyzing insert size distribution for orientation RF...
[M::mem_pestat] (25, 50, 75) percentile: (175, 566, 600)
[M::mem_pestat] low and high boundaries for computing mean and std.dev: (1, 1450)
[M::mem_pestat] mean and std.dev: (447.31, 224.38)
[M::mem_pestat] low and high boundaries for proper pairs: (1, 1875)
[M::mem_pestat] analyzing insert size distribution for orientation RR...
[M::mem_pestat] (25, 50, 75) percentile: (35, 55, 79)
[M::mem_pestat] low and high boundaries for computing mean and std.dev: (1, 167)
[M::mem_pestat] mean and std.dev: (55.74, 29.18)
[M::mem_pestat] low and high boundaries for proper pairs: (1, 211)
[M::mem_pestat] skip orientation FF
[M::mem_pestat] skip orientation RF
[M::mem_pestat] skip orientation RR
[M::mem_process_seqs] Processed 3379050 reads in 2545.355 CPU sec, 80.514 real sec
[M::process] read 3383414 sequences (320000043 bp)...
[M::mem_pestat] # candidate unique pairs for (FF, FR, RF, RR): (89, 607860, 86, 101)
[M::mem_pestat] analyzing insert size distribution for orientation FF...
[M::mem_pestat] (25, 50, 75) percentile: (31, 53, 88)
[M::mem_pestat] low and high boundaries for computing mean and std.dev: (1, 202)
[M::mem_pestat] mean and std.dev: (56.30, 31.64)
[M::mem_pestat] low and high boundaries for proper pairs: (1, 259)
[M::mem_pestat] analyzing insert size distribution for orientation FR...
[M::mem_pestat] (25, 50, 75) percentile: (78, 92, 114)
[M::mem_pestat] low and high boundaries for computing mean and std.dev: (6, 186)
[M::mem_pestat] mean and std.dev: (97.98, 25.94)
[M::mem_pestat] low and high boundaries for proper pairs: (1, 222)
[M::mem_pestat] analyzing insert size distribution for orientation RF...
[M::mem_pestat] (25, 50, 75) percentile: (484, 586, 626)
[M::mem_pestat] low and high boundaries for computing mean and std.dev: (200, 910)
[M::mem_pestat] mean and std.dev: (567.31, 84.21)
[M::mem_pestat] low and high boundaries for proper pairs: (58, 1052)
[M::mem_pestat] analyzing insert size distribution for orientation RR...
[M::mem_pestat] (25, 50, 75) percentile: (32, 46, 79)
[M::mem_pestat] low and high boundaries for computing mean and std.dev: (1, 173)
[M::mem_pestat] mean and std.dev: (54.81, 32.75)
[M::mem_pestat] low and high boundaries for proper pairs: (1, 220)
[M::mem_pestat] skip orientation FF
[M::mem_pestat] skip orientation RF
[M::mem_pestat] skip orientation RR
[M::mem_process_seqs] Processed 3319694 reads in 2436.306 CPU sec, 77.567 real sec
[M::process] read 3319892 sequences (320000125 bp)...
[M::mem_pestat] # candidate unique pairs for (FF, FR, RF, RR): (73, 561599, 60, 64)
[M::mem_pestat] analyzing insert size distribution for orientation FF...
[M::mem_pestat] (25, 50, 75) percentile: (38, 50, 77)
[M::mem_pestat] low and high boundaries for computing mean and std.dev: (1, 155)
[M::mem_pestat] mean and std.dev: (54.84, 27.44)
[M::mem_pestat] low and high boundaries for proper pairs: (1, 194)
[M::mem_pestat] analyzing insert size distribution for orientation FR...
[M::mem_pestat] (25, 50, 75) percentile: (78, 91, 112)
[M::mem_pestat] low and high boundaries for computing mean and std.dev: (10, 180)
[M::mem_pestat] mean and std.dev: (96.57, 24.34)
[M::mem_pestat] low and high boundaries for proper pairs: (1, 214)
[M::mem_pestat] analyzing insert size distribution for orientation RF...
[M::mem_pestat] (25, 50, 75) percentile: (512, 566, 597)
[M::mem_pestat] low and high boundaries for computing mean and std.dev: (342, 767)
[M::mem_pestat] mean and std.dev: (573.69, 34.97)
[M::mem_pestat] low and high boundaries for proper pairs: (257, 852)
[M::mem_pestat] analyzing insert size distribution for orientation RR...
[M::mem_pestat] (25, 50, 75) percentile: (30, 43, 73)
[M::mem_pestat] low and high boundaries for computing mean and std.dev: (1, 159)
[M::mem_pestat] mean and std.dev: (48.24, 26.27)
[M::mem_pestat] low and high boundaries for proper pairs: (1, 202)
[M::mem_pestat] skip orientation FF
[M::mem_pestat] skip orientation RF
[M::mem_pestat] skip orientation RR
Input Read Pairs: 155551828 Both Surviving: 70757314 (45.49%) Forward Only Surviving: 809002 (0.52%) Reverse Only Surviving: 679788 (0.44%) Dropped: 83305724 (53.55%)
TrimmomaticPE: Completed successfully
[M::mem_process_seqs] Processed 3377758 reads in 2469.002 CPU sec, 77.798 real sec
[M::process] read 3388540 sequences (320000144 bp)...
[M::mem_pestat] # candidate unique pairs for (FF, FR, RF, RR): (107, 606168, 75, 116)
[M::mem_pestat] analyzing insert size distribution for orientation FF...
[M::mem_pestat] (25, 50, 75) percentile: (32, 46, 83)
[M::mem_pestat] low and high boundaries for computing mean and std.dev: (1, 185)
[M::mem_pestat] mean and std.dev: (53.76, 33.52)
[M::mem_pestat] low and high boundaries for proper pairs: (1, 236)
[M::mem_pestat] analyzing insert size distribution for orientation FR...
[M::mem_pestat] (25, 50, 75) percentile: (78, 92, 114)
[M::mem_pestat] low and high boundaries for computing mean and std.dev: (6, 186)
[M::mem_pestat] mean and std.dev: (97.91, 25.86)
[M::mem_pestat] low and high boundaries for proper pairs: (1, 222)
[M::mem_pestat] analyzing insert size distribution for orientation RF...
[M::mem_pestat] (25, 50, 75) percentile: (542, 590, 626)
[M::mem_pestat] low and high boundaries for computing mean and std.dev: (374, 794)
[M::mem_pestat] mean and std.dev: (590.51, 34.35)
[M::mem_pestat] low and high boundaries for proper pairs: (290, 878)
[M::mem_pestat] analyzing insert size distribution for orientation RR...
[M::mem_pestat] (25, 50, 75) percentile: (30, 46, 80)
[M::mem_pestat] low and high boundaries for computing mean and std.dev: (1, 180)
[M::mem_pestat] mean and std.dev: (53.86, 30.38)
[M::mem_pestat] low and high boundaries for proper pairs: (1, 230)
[M::mem_pestat] skip orientation FF
[M::mem_pestat] skip orientation RF
[M::mem_pestat] skip orientation RR
[M::mem_process_seqs] Processed 3321204 reads in 2506.806 CPU sec, 79.533 real sec
[M::process] read 3324696 sequences (320000130 bp)...
[M::mem_pestat] # candidate unique pairs for (FF, FR, RF, RR): (82, 562705, 46, 81)
[M::mem_pestat] analyzing insert size distribution for orientation FF...
[M::mem_pestat] (25, 50, 75) percentile: (27, 44, 62)
[M::mem_pestat] low and high boundaries for computing mean and std.dev: (1, 132)
[M::mem_pestat] mean and std.dev: (48.62, 26.64)
[M::mem_pestat] low and high boundaries for proper pairs: (1, 167)
[M::mem_pestat] analyzing insert size distribution for orientation FR...
[M::mem_pestat] (25, 50, 75) percentile: (78, 91, 111)
[M::mem_pestat] low and high boundaries for computing mean and std.dev: (12, 177)
[M::mem_pestat] mean and std.dev: (96.23, 23.95)
[M::mem_pestat] low and high boundaries for proper pairs: (1, 210)
[M::mem_pestat] analyzing insert size distribution for orientation RF...
[M::mem_pestat] (25, 50, 75) percentile: (529, 581, 608)
[M::mem_pestat] low and high boundaries for computing mean and std.dev: (371, 766)
[M::mem_pestat] mean and std.dev: (587.39, 28.22)
[M::mem_pestat] low and high boundaries for proper pairs: (292, 845)
[M::mem_pestat] analyzing insert size distribution for orientation RR...
[M::mem_pestat] (25, 50, 75) percentile: (28, 46, 72)
[M::mem_pestat] low and high boundaries for computing mean and std.dev: (1, 160)
[M::mem_pestat] mean and std.dev: (49.16, 25.21)
[M::mem_pestat] low and high boundaries for proper pairs: (1, 204)
[M::mem_pestat] skip orientation FF
[M::mem_pestat] skip orientation RF
[M::mem_pestat] skip orientation RR
[M::mem_process_seqs] Processed 3383414 reads in 2287.199 CPU sec, 72.472 real sec
[M::process] read 3379278 sequences (320000044 bp)...
[M::mem_pestat] # candidate unique pairs for (FF, FR, RF, RR): (91, 607136, 55, 118)
[M::mem_pestat] analyzing insert size distribution for orientation FF...
[M::mem_pestat] (25, 50, 75) percentile: (36, 51, 71)
[M::mem_pestat] low and high boundaries for computing mean and std.dev: (1, 141)
[M::mem_pestat] mean and std.dev: (51.15, 24.41)
[M::mem_pestat] low and high boundaries for proper pairs: (1, 176)
[M::mem_pestat] analyzing insert size distribution for orientation FR...
[M::mem_pestat] (25, 50, 75) percentile: (78, 92, 114)
[M::mem_pestat] low and high boundaries for computing mean and std.dev: (6, 186)
[M::mem_pestat] mean and std.dev: (97.98, 25.88)
[M::mem_pestat] low and high boundaries for proper pairs: (1, 222)
[M::mem_pestat] analyzing insert size distribution for orientation RF...
[M::mem_pestat] (25, 50, 75) percentile: (550, 584, 617)
[M::mem_pestat] low and high boundaries for computing mean and std.dev: (416, 751)
[M::mem_pestat] mean and std.dev: (586.40, 32.85)
[M::mem_pestat] low and high boundaries for proper pairs: (349, 818)
[M::mem_pestat] analyzing insert size distribution for orientation RR...
[M::mem_pestat] (25, 50, 75) percentile: (32, 50, 71)
[M::mem_pestat] low and high boundaries for computing mean and std.dev: (1, 149)
[M::mem_pestat] mean and std.dev: (54.27, 28.39)
[M::mem_pestat] low and high boundaries for proper pairs: (1, 188)
[M::mem_pestat] skip orientation FF
[M::mem_pestat] skip orientation RF
[M::mem_pestat] skip orientation RR
[M::mem_process_seqs] Processed 3319892 reads in 2346.510 CPU sec, 73.791 real sec
[M::process] read 3334392 sequences (320000068 bp)...
[M::mem_pestat] # candidate unique pairs for (FF, FR, RF, RR): (59, 563376, 39, 50)
[M::mem_pestat] analyzing insert size distribution for orientation FF...
[M::mem_pestat] (25, 50, 75) percentile: (27, 40, 71)
[M::mem_pestat] low and high boundaries for computing mean and std.dev: (1, 159)
[M::mem_pestat] mean and std.dev: (48.97, 29.84)
[M::mem_pestat] low and high boundaries for proper pairs: (1, 203)
[M::mem_pestat] analyzing insert size distribution for orientation FR...
[M::mem_pestat] (25, 50, 75) percentile: (78, 91, 111)
[M::mem_pestat] low and high boundaries for computing mean and std.dev: (12, 177)
[M::mem_pestat] mean and std.dev: (95.98, 23.78)
[M::mem_pestat] low and high boundaries for proper pairs: (1, 210)
[M::mem_pestat] analyzing insert size distribution for orientation RF...
[M::mem_pestat] (25, 50, 75) percentile: (173, 584, 630)
[M::mem_pestat] low and high boundaries for computing mean and std.dev: (1, 1544)
[M::mem_pestat] mean and std.dev: (422.88, 263.83)
[M::mem_pestat] low and high boundaries for proper pairs: (1, 2001)
[M::mem_pestat] analyzing insert size distribution for orientation RR...
[M::mem_pestat] (25, 50, 75) percentile: (26, 40, 60)
[M::mem_pestat] low and high boundaries for computing mean and std.dev: (1, 128)
[M::mem_pestat] mean and std.dev: (41.52, 19.57)
[M::mem_pestat] low and high boundaries for proper pairs: (1, 162)
[M::mem_pestat] skip orientation FF
[M::mem_pestat] skip orientation RF
[M::mem_pestat] skip orientation RR
[M::mem_process_seqs] Processed 3388540 reads in 2330.512 CPU sec, 73.613 real sec
[M::process] read 3376016 sequences (320000005 bp)...
[M::mem_pestat] # candidate unique pairs for (FF, FR, RF, RR): (95, 608517, 58, 107)
[M::mem_pestat] analyzing insert size distribution for orientation FF...
[M::mem_pestat] (25, 50, 75) percentile: (32, 49, 76)
[M::mem_pestat] low and high boundaries for computing mean and std.dev: (1, 164)
[M::mem_pestat] mean and std.dev: (53.69, 29.89)
[M::mem_pestat] low and high boundaries for proper pairs: (1, 208)
[M::mem_pestat] analyzing insert size distribution for orientation FR...
[M::mem_pestat] (25, 50, 75) percentile: (78, 92, 114)
[M::mem_pestat] low and high boundaries for computing mean and std.dev: (6, 186)
[M::mem_pestat] mean and std.dev: (97.79, 25.81)
[M::mem_pestat] low and high boundaries for proper pairs: (1, 222)
[M::mem_pestat] analyzing insert size distribution for orientation RF...
[M::mem_pestat] (25, 50, 75) percentile: (566, 590, 626)
[M::mem_pestat] low and high boundaries for computing mean and std.dev: (446, 746)
[M::mem_pestat] mean and std.dev: (588.61, 28.50)
[M::mem_pestat] low and high boundaries for proper pairs: (386, 806)
[M::mem_pestat] analyzing insert size distribution for orientation RR...
[M::mem_pestat] (25, 50, 75) percentile: (33, 45, 65)
[M::mem_pestat] low and high boundaries for computing mean and std.dev: (1, 129)
[M::mem_pestat] mean and std.dev: (48.40, 24.55)
[M::mem_pestat] low and high boundaries for proper pairs: (1, 161)
[M::mem_pestat] skip orientation FF
[M::mem_pestat] skip orientation RF
[M::mem_pestat] skip orientation RR
[M::mem_process_seqs] Processed 3324696 reads in 2345.000 CPU sec, 74.160 real sec
[M::process] read 3325758 sequences (320000051 bp)...
[M::mem_pestat] # candidate unique pairs for (FF, FR, RF, RR): (51, 561616, 49, 65)
[M::mem_pestat] analyzing insert size distribution for orientation FF...
[M::mem_pestat] (25, 50, 75) percentile: (29, 46, 74)
[M::mem_pestat] low and high boundaries for computing mean and std.dev: (1, 164)
[M::mem_pestat] mean and std.dev: (51.34, 31.64)
[M::mem_pestat] low and high boundaries for proper pairs: (1, 209)
[M::mem_pestat] analyzing insert size distribution for orientation FR...
[M::mem_pestat] (25, 50, 75) percentile: (78, 91, 112)
[M::mem_pestat] low and high boundaries for computing mean and std.dev: (10, 180)
[M::mem_pestat] mean and std.dev: (96.52, 24.33)
[M::mem_pestat] low and high boundaries for proper pairs: (1, 214)
[M::mem_pestat] analyzing insert size distribution for orientation RF...
[M::mem_pestat] (25, 50, 75) percentile: (566, 597, 629)
[M::mem_pestat] low and high boundaries for computing mean and std.dev: (440, 755)
[M::mem_pestat] mean and std.dev: (596.59, 26.82)
[M::mem_pestat] low and high boundaries for proper pairs: (377, 818)
[M::mem_pestat] analyzing insert size distribution for orientation RR...
[M::mem_pestat] (25, 50, 75) percentile: (33, 46, 79)
[M::mem_pestat] low and high boundaries for computing mean and std.dev: (1, 171)
[M::mem_pestat] mean and std.dev: (54.56, 28.72)
[M::mem_pestat] low and high boundaries for proper pairs: (1, 217)
[M::mem_pestat] skip orientation FF
[M::mem_pestat] skip orientation RF
[M::mem_pestat] skip orientation RR
Read1 before filtering:
total reads: 70757314
total bases: 6854138381
Q20 bases: 6701545603(97.7737%)
Q30 bases: 6371664690(92.9608%)
Q40 bases: 0(0%)

Read2 before filtering:
total reads: 70757314
total bases: 6853399545
Q20 bases: 6789491615(99.0675%)
Q30 bases: 6626599849(96.6907%)
Q40 bases: 0(0%)

Read1 after filtering:
total reads: 70757314
total bases: 6854138381
Q20 bases: 6701545603(97.7737%)
Q30 bases: 6371664690(92.9608%)
Q40 bases: 0(0%)

Read2 after filtering:
total reads: 70757314
total bases: 6853399545
Q20 bases: 6789491615(99.0675%)
Q30 bases: 6626599849(96.6907%)
Q40 bases: 0(0%)

Filtering result:
reads passed filter: 141514628
reads failed due to low quality: 0
reads failed due to too many N: 0

Duplication rate: 9.55125%

Insert size peak (evaluated by paired-end reads): 70

JSON report: /datapool/data/Users/zhijian/projects/scumiatac/result/step4_trim/ATACSC_fastp.json
HTML report: /datapool/data/Users/zhijian/projects/scumiatac/result/step4_trim/ATACSC_fastp.html

fastp -i /datapool/data/Users/zhijian/projects/scumiatac/result/step4_trim/ATACSC_final_1P.fq.gz -I /datapool/data/Users/zhijian/projects/scumiatac/result/step4_trim/ATACSC_final_2P.fq.gz -o /datapool/data/Users/zhijian/projects/scumiatac/result/step4_trim/ATACSC_trimmed_1P.fq.gz -O /datapool/data/Users/zhijian/projects/scumiatac/result/step4_trim/ATACSC_trimmed_2P.fq.gz --html /datapool/data/Users/zhijian/projects/scumiatac/result/step4_trim/ATACSC_fastp.html --json /datapool/data/Users/zhijian/projects/scumiatac/result/step4_trim/ATACSC_fastp.json --thread 16 -Q -L -A 
fastp v1.0.1, time used: 215 seconds
[Wed Nov 26 09:39:25 2025]
Finished job 37.
5 of 26 steps (19%) done

[Wed Nov 26 09:39:25 2025]
rule bwa:
    input: /datapool/data/Users/zhijian/projects/scumiatac/result/step4_trim/ATACP1000_1.finished
    output: /datapool/data/Users/zhijian/projects/scumiatac/result/step5_bwa/ATACP1000_1.finished
    jobid: 4
    reason: Missing output files: /datapool/data/Users/zhijian/projects/scumiatac/result/step5_bwa/ATACP1000_1.finished; Input files updated by another job: /datapool/data/Users/zhijian/projects/scumiatac/result/step4_trim/ATACP1000_1.finished
    wildcards: sample=ATACP1000_1
    threads: 32
    resources: tmpdir=/tmp


bwa mem -t 32 /datapool/home/zhijian/data/wheat/genome/3.ref.mask.fasta.gz /datapool/data/Users/zhijian/projects/scumiatac/result/step4_trim/ATACP1000_1_final_1P.fq.gz /datapool/data/Users/zhijian/projects/scumiatac/result/step4_trim/ATACP1000_1_final_2P.fq.gz | samtools sort -@ 32 -o /datapool/data/Users/zhijian/projects/scumiatac/result/step5_bwa/ATACP1000_1.bwa.bam -
samtools index -c /datapool/data/Users/zhijian/projects/scumiatac/result/step5_bwa/ATACP1000_1.bwa.bam -@ 32
touch /datapool/data/Users/zhijian/projects/scumiatac/result/step5_bwa/ATACP1000_1.finished
        
[M::mem_process_seqs] Processed 3379278 reads in 2286.543 CPU sec, 72.107 real sec
[M::process] read 3377210 sequences (320000029 bp)...
[M::mem_pestat] # candidate unique pairs for (FF, FR, RF, RR): (84, 607447, 59, 91)
[M::mem_pestat] analyzing insert size distribution for orientation FF...
[M::mem_pestat] (25, 50, 75) percentile: (30, 46, 72)
[M::mem_pestat] low and high boundaries for computing mean and std.dev: (1, 156)
[M::mem_pestat] mean and std.dev: (51.36, 31.25)
[M::mem_pestat] low and high boundaries for proper pairs: (1, 198)
[M::mem_pestat] analyzing insert size distribution for orientation FR...
[M::mem_pestat] (25, 50, 75) percentile: (78, 91, 113)
[M::mem_pestat] low and high boundaries for computing mean and std.dev: (8, 183)
[M::mem_pestat] mean and std.dev: (97.24, 25.23)
[M::mem_pestat] low and high boundaries for proper pairs: (1, 218)
[M::mem_pestat] analyzing insert size distribution for orientation RF...
[M::mem_pestat] (25, 50, 75) percentile: (566, 587, 626)
[M::mem_pestat] low and high boundaries for computing mean and std.dev: (446, 746)
[M::mem_pestat] mean and std.dev: (588.57, 28.92)
[M::mem_pestat] low and high boundaries for proper pairs: (386, 806)
[M::mem_pestat] analyzing insert size distribution for orientation RR...
[M::mem_pestat] (25, 50, 75) percentile: (36, 54, 76)
[M::mem_pestat] low and high boundaries for computing mean and std.dev: (1, 156)
[M::mem_pestat] mean and std.dev: (55.71, 29.13)
[M::mem_pestat] low and high boundaries for proper pairs: (1, 196)
[M::mem_pestat] skip orientation FF
[M::mem_pestat] skip orientation RF
[M::mem_pestat] skip orientation RR
[M::bwa_idx_load_from_disk] read 0 ALT contigs
[M::process] read 3419104 sequences (320000071 bp)...
[M::mem_process_seqs] Processed 3334392 reads in 2269.268 CPU sec, 71.814 real sec
[M::process] read 3322220 sequences (320000144 bp)...
[M::process] read 3421476 sequences (320000031 bp)...
[M::mem_pestat] # candidate unique pairs for (FF, FR, RF, RR): (67, 560182, 34, 90)
[M::mem_pestat] analyzing insert size distribution for orientation FF...
[M::mem_pestat] (25, 50, 75) percentile: (29, 45, 73)
[M::mem_pestat] low and high boundaries for computing mean and std.dev: (1, 161)
[M::mem_pestat] mean and std.dev: (50.63, 30.02)
[M::mem_pestat] low and high boundaries for proper pairs: (1, 205)
[M::mem_pestat] analyzing insert size distribution for orientation FR...
[M::mem_pestat] (25, 50, 75) percentile: (78, 91, 112)
[M::mem_pestat] low and high boundaries for computing mean and std.dev: (10, 180)
[M::mem_pestat] mean and std.dev: (96.67, 24.40)
[M::mem_pestat] low and high boundaries for proper pairs: (1, 214)
[M::mem_pestat] analyzing insert size distribution for orientation RF...
[M::mem_pestat] (25, 50, 75) percentile: (524, 582, 626)
[M::mem_pestat] low and high boundaries for computing mean and std.dev: (320, 830)
[M::mem_pestat] mean and std.dev: (584.42, 41.05)
[M::mem_pestat] low and high boundaries for proper pairs: (218, 932)
[M::mem_pestat] analyzing insert size distribution for orientation RR...
[M::mem_pestat] (25, 50, 75) percentile: (34, 49, 68)
[M::mem_pestat] low and high boundaries for computing mean and std.dev: (1, 136)
[M::mem_pestat] mean and std.dev: (53.38, 27.17)
[M::mem_pestat] low and high boundaries for proper pairs: (1, 170)
[M::mem_pestat] skip orientation FF
[M::mem_pestat] skip orientation RF
[M::mem_pestat] skip orientation RR
[M::mem_process_seqs] Processed 3376016 reads in 2488.951 CPU sec, 78.308 real sec
[M::process] read 3379586 sequences (320000139 bp)...
[M::mem_pestat] # candidate unique pairs for (FF, FR, RF, RR): (75, 607867, 71, 97)
[M::mem_pestat] analyzing insert size distribution for orientation FF...
[M::mem_pestat] (25, 50, 75) percentile: (32, 49, 83)
[M::mem_pestat] low and high boundaries for computing mean and std.dev: (1, 185)
[M::mem_pestat] mean and std.dev: (52.93, 27.81)
[M::mem_pestat] low and high boundaries for proper pairs: (1, 236)
[M::mem_pestat] analyzing insert size distribution for orientation FR...
[M::mem_pestat] (25, 50, 75) percentile: (78, 92, 114)
[M::mem_pestat] low and high boundaries for computing mean and std.dev: (6, 186)
[M::mem_pestat] mean and std.dev: (97.72, 25.77)
[M::mem_pestat] low and high boundaries for proper pairs: (1, 222)
[M::mem_pestat] analyzing insert size distribution for orientation RF...
[M::mem_pestat] (25, 50, 75) percentile: (560, 583, 626)
[M::mem_pestat] low and high boundaries for computing mean and std.dev: (428, 758)
[M::mem_pestat] mean and std.dev: (586.16, 25.60)
[M::mem_pestat] low and high boundaries for proper pairs: (362, 824)
[M::mem_pestat] analyzing insert size distribution for orientation RR...
[M::mem_pestat] (25, 50, 75) percentile: (34, 47, 83)
[M::mem_pestat] low and high boundaries for computing mean and std.dev: (1, 181)
[M::mem_pestat] mean and std.dev: (56.86, 35.26)
[M::mem_pestat] low and high boundaries for proper pairs: (1, 230)
[M::mem_pestat] skip orientation FF
[M::mem_pestat] skip orientation RF
[M::mem_pestat] skip orientation RR
[M::mem_pestat] # candidate unique pairs for (FF, FR, RF, RR): (55, 556516, 14, 47)
[M::mem_pestat] analyzing insert size distribution for orientation FF...
[M::mem_pestat] (25, 50, 75) percentile: (28, 42, 62)
[M::mem_pestat] low and high boundaries for computing mean and std.dev: (1, 130)
[M::mem_pestat] mean and std.dev: (44.51, 22.33)
[M::mem_pestat] low and high boundaries for proper pairs: (1, 164)
[M::mem_pestat] analyzing insert size distribution for orientation FR...
[M::mem_pestat] (25, 50, 75) percentile: (78, 91, 110)
[M::mem_pestat] low and high boundaries for computing mean and std.dev: (14, 174)
[M::mem_pestat] mean and std.dev: (95.58, 22.92)
[M::mem_pestat] low and high boundaries for proper pairs: (1, 206)
[M::mem_pestat] analyzing insert size distribution for orientation RF...
[M::mem_pestat] (25, 50, 75) percentile: (28, 545, 615)
[M::mem_pestat] low and high boundaries for computing mean and std.dev: (1, 1789)
[M::mem_pestat] mean and std.dev: (367.64, 266.17)
[M::mem_pestat] low and high boundaries for proper pairs: (1, 2376)
[M::mem_pestat] analyzing insert size distribution for orientation RR...
[M::mem_pestat] (25, 50, 75) percentile: (35, 46, 68)
[M::mem_pestat] low and high boundaries for computing mean and std.dev: (1, 134)
[M::mem_pestat] mean and std.dev: (49.87, 23.64)
[M::mem_pestat] low and high boundaries for proper pairs: (1, 167)
[M::mem_pestat] skip orientation FF
[M::mem_pestat] skip orientation RF
[M::mem_pestat] skip orientation RR
[M::mem_process_seqs] Processed 3325758 reads in 2863.357 CPU sec, 90.599 real sec
[M::process] read 3320920 sequences (320000033 bp)...
[M::mem_process_seqs] Processed 3419104 reads in 3416.525 CPU sec, 112.060 real sec
[M::mem_pestat] # candidate unique pairs for (FF, FR, RF, RR): (59, 562340, 49, 95)
[M::mem_pestat] analyzing insert size distribution for orientation FF...
[M::mem_pestat] (25, 50, 75) percentile: (28, 43, 66)
[M::mem_pestat] low and high boundaries for computing mean and std.dev: (1, 142)
[M::mem_pestat] mean and std.dev: (51.03, 29.70)
[M::mem_pestat] low and high boundaries for proper pairs: (1, 180)
[M::mem_pestat] analyzing insert size distribution for orientation FR...
[M::mem_pestat] (25, 50, 75) percentile: (78, 91, 112)
[M::mem_pestat] low and high boundaries for computing mean and std.dev: (10, 180)
[M::mem_pestat] mean and std.dev: (96.62, 24.40)
[M::mem_pestat] low and high boundaries for proper pairs: (1, 214)
[M::mem_pestat] analyzing insert size distribution for orientation RF...
[M::mem_pestat] (25, 50, 75) percentile: (557, 586, 615)
[M::mem_pestat] low and high boundaries for computing mean and std.dev: (441, 731)
[M::mem_pestat] mean and std.dev: (584.84, 27.55)
[M::mem_pestat] low and high boundaries for proper pairs: (383, 789)
[M::mem_pestat] analyzing insert size distribution for orientation RR...
[M::mem_pestat] (25, 50, 75) percentile: (37, 48, 65)
[M::mem_pestat] low and high boundaries for computing mean and std.dev: (1, 121)
[M::mem_pestat] mean and std.dev: (49.79, 23.08)
[M::mem_pestat] low and high boundaries for proper pairs: (1, 149)
[M::mem_pestat] skip orientation FF
[M::mem_pestat] skip orientation RF
[M::mem_pestat] skip orientation RR
[M::process] read 3411230 sequences (320000160 bp)...
[M::mem_process_seqs] Processed 3377210 reads in 2722.801 CPU sec, 85.781 real sec
[M::process] read 3373966 sequences (320000069 bp)...
[M::mem_pestat] # candidate unique pairs for (FF, FR, RF, RR): (68, 607782, 80, 109)
[M::mem_pestat] analyzing insert size distribution for orientation FF...
[M::mem_pestat] (25, 50, 75) percentile: (30, 52, 85)
[M::mem_pestat] low and high boundaries for computing mean and std.dev: (1, 195)
[M::mem_pestat] mean and std.dev: (55.02, 34.57)
[M::mem_pestat] low and high boundaries for proper pairs: (1, 250)
[M::mem_pestat] analyzing insert size distribution for orientation FR...
[M::mem_pestat] (25, 50, 75) percentile: (78, 92, 114)
[M::mem_pestat] low and high boundaries for computing mean and std.dev: (6, 186)
[M::mem_pestat] mean and std.dev: (97.86, 25.84)
[M::mem_pestat] low and high boundaries for proper pairs: (1, 222)
[M::mem_pestat] analyzing insert size distribution for orientation RF...
[M::mem_pestat] (25, 50, 75) percentile: (531, 588, 626)
[M::mem_pestat] low and high boundaries for computing mean and std.dev: (341, 816)
[M::mem_pestat] mean and std.dev: (585.43, 37.91)
[M::mem_pestat] low and high boundaries for proper pairs: (246, 911)
[M::mem_pestat] analyzing insert size distribution for orientation RR...
[M::mem_pestat] (25, 50, 75) percentile: (34, 48, 69)
[M::mem_pestat] low and high boundaries for computing mean and std.dev: (1, 139)
[M::mem_pestat] mean and std.dev: (50.25, 26.03)
[M::mem_pestat] low and high boundaries for proper pairs: (1, 174)
[M::mem_pestat] skip orientation FF
[M::mem_pestat] skip orientation RF
[M::mem_pestat] skip orientation RR
[M::mem_process_seqs] Processed 3322220 reads in 2966.154 CPU sec, 94.166 real sec
[M::mem_pestat] # candidate unique pairs for (FF, FR, RF, RR): (58, 556741, 15, 43)
[M::mem_pestat] analyzing insert size distribution for orientation FF...
[M::mem_pestat] (25, 50, 75) percentile: (28, 45, 64)
[M::mem_pestat] low and high boundaries for computing mean and std.dev: (1, 136)
[M::mem_pestat] mean and std.dev: (48.18, 24.18)
[M::mem_pestat] low and high boundaries for proper pairs: (1, 172)
[M::mem_pestat] analyzing insert size distribution for orientation FR...
[M::mem_pestat] (25, 50, 75) percentile: (78, 91, 110)
[M::mem_pestat] low and high boundaries for computing mean and std.dev: (14, 174)
[M::mem_pestat] mean and std.dev: (95.55, 22.85)
[M::mem_pestat] low and high boundaries for proper pairs: (1, 206)
[M::mem_pestat] analyzing insert size distribution for orientation RF...
[M::mem_pestat] (25, 50, 75) percentile: (626, 630, 3357)
[M::mem_pestat] low and high boundaries for computing mean and std.dev: (1, 8819)
[M::mem_pestat] mean and std.dev: (1720.86, 2257.07)
[M::mem_pestat] low and high boundaries for proper pairs: (1, 11550)
[M::mem_pestat] analyzing insert size distribution for orientation RR...
[M::mem_pestat] (25, 50, 75) percentile: (38, 55, 72)
[M::mem_pestat] low and high boundaries for computing mean and std.dev: (1, 140)
[M::mem_pestat] mean and std.dev: (53.44, 21.86)
[M::mem_pestat] low and high boundaries for proper pairs: (1, 174)
[M::mem_pestat] skip orientation FF
[M::mem_pestat] skip orientation RF
[M::mem_pestat] skip orientation RR
[M::process] read 3318080 sequences (320000004 bp)...
[M::mem_pestat] # candidate unique pairs for (FF, FR, RF, RR): (74, 562588, 45, 68)
[M::mem_pestat] analyzing insert size distribution for orientation FF...
[M::mem_pestat] (25, 50, 75) percentile: (30, 48, 73)
[M::mem_pestat] low and high boundaries for computing mean and std.dev: (1, 159)
[M::mem_pestat] mean and std.dev: (53.64, 31.02)
[M::mem_pestat] low and high boundaries for proper pairs: (1, 202)
[M::mem_pestat] analyzing insert size distribution for orientation FR...
[M::mem_pestat] (25, 50, 75) percentile: (78, 91, 112)
[M::mem_pestat] low and high boundaries for computing mean and std.dev: (10, 180)
[M::mem_pestat] mean and std.dev: (96.55, 24.32)
[M::mem_pestat] low and high boundaries for proper pairs: (1, 214)
[M::mem_pestat] analyzing insert size distribution for orientation RF...
[M::mem_pestat] (25, 50, 75) percentile: (361, 573, 600)
[M::mem_pestat] low and high boundaries for computing mean and std.dev: (1, 1078)
[M::mem_pestat] mean and std.dev: (423.53, 229.73)
[M::mem_pestat] low and high boundaries for proper pairs: (1, 1342)
[M::mem_pestat] analyzing insert size distribution for orientation RR...
[M::mem_pestat] (25, 50, 75) percentile: (29, 46, 60)
[M::mem_pestat] low and high boundaries for computing mean and std.dev: (1, 122)
[M::mem_pestat] mean and std.dev: (50.49, 26.99)
[M::mem_pestat] low and high boundaries for proper pairs: (1, 158)
[M::mem_pestat] skip orientation FF
[M::mem_pestat] skip orientation RF
[M::mem_pestat] skip orientation RR
[M::mem_process_seqs] Processed 3421476 reads in 3267.073 CPU sec, 104.569 real sec
[M::mem_process_seqs] Processed 3379586 reads in 2818.624 CPU sec, 88.548 real sec
[M::process] read 3410980 sequences (320000201 bp)...
[M::process] read 3373548 sequences (320000100 bp)...
[M::mem_pestat] # candidate unique pairs for (FF, FR, RF, RR): (99, 605798, 77, 109)
[M::mem_pestat] analyzing insert size distribution for orientation FF...
[M::mem_pestat] (25, 50, 75) percentile: (31, 43, 78)
[M::mem_pestat] low and high boundaries for computing mean and std.dev: (1, 172)
[M::mem_pestat] mean and std.dev: (54.25, 33.50)
[M::mem_pestat] low and high boundaries for proper pairs: (1, 219)
[M::mem_pestat] analyzing insert size distribution for orientation FR...
[M::mem_pestat] (25, 50, 75) percentile: (78, 92, 114)
[M::mem_pestat] low and high boundaries for computing mean and std.dev: (6, 186)
[M::mem_pestat] mean and std.dev: (97.95, 25.87)
[M::mem_pestat] low and high boundaries for proper pairs: (1, 222)
[M::mem_pestat] analyzing insert size distribution for orientation RF...
[M::mem_pestat] (25, 50, 75) percentile: (544, 591, 627)
[M::mem_pestat] low and high boundaries for computing mean and std.dev: (378, 793)
[M::mem_pestat] mean and std.dev: (590.80, 34.88)
[M::mem_pestat] low and high boundaries for proper pairs: (295, 876)
[M::mem_pestat] analyzing insert size distribution for orientation RR...
[M::mem_pestat] (25, 50, 75) percentile: (33, 50, 76)
[M::mem_pestat] low and high boundaries for computing mean and std.dev: (1, 162)
[M::mem_pestat] mean and std.dev: (52.67, 25.41)
[M::mem_pestat] low and high boundaries for proper pairs: (1, 205)
[M::mem_pestat] skip orientation FF
[M::mem_pestat] skip orientation RF
[M::mem_pestat] skip orientation RR
[M::mem_process_seqs] Processed 3320920 reads in 2773.569 CPU sec, 87.492 real sec
[M::process] read 3323048 sequences (320000108 bp)...
[M::mem_pestat] # candidate unique pairs for (FF, FR, RF, RR): (42, 559378, 27, 41)
[M::mem_pestat] analyzing insert size distribution for orientation FF...
[M::mem_pestat] (25, 50, 75) percentile: (35, 47, 70)
[M::mem_pestat] low and high boundaries for computing mean and std.dev: (1, 140)
[M::mem_pestat] mean and std.dev: (49.42, 23.44)
[M::mem_pestat] low and high boundaries for proper pairs: (1, 175)
[M::mem_pestat] analyzing insert size distribution for orientation FR...
[M::mem_pestat] (25, 50, 75) percentile: (78, 91, 110)
[M::mem_pestat] low and high boundaries for computing mean and std.dev: (14, 174)
[M::mem_pestat] mean and std.dev: (95.95, 23.11)
[M::mem_pestat] low and high boundaries for proper pairs: (1, 206)
[M::mem_pestat] analyzing insert size distribution for orientation RF...
[M::mem_pestat] (25, 50, 75) percentile: (26, 582, 636)
[M::mem_pestat] low and high boundaries for computing mean and std.dev: (1, 1856)
[M::mem_pestat] mean and std.dev: (343.18, 278.30)
[M::mem_pestat] low and high boundaries for proper pairs: (1, 2466)
[M::mem_pestat] analyzing insert size distribution for orientation RR...
[M::mem_pestat] (25, 50, 75) percentile: (38, 53, 74)
[M::mem_pestat] low and high boundaries for computing mean and std.dev: (1, 146)
[M::mem_pestat] mean and std.dev: (54.69, 23.37)
[M::mem_pestat] low and high boundaries for proper pairs: (1, 182)
[M::mem_pestat] skip orientation FF
[M::mem_pestat] skip orientation RF
[M::mem_pestat] skip orientation RR
[M::mem_pestat] # candidate unique pairs for (FF, FR, RF, RR): (81, 561895, 46, 86)
[M::mem_pestat] analyzing insert size distribution for orientation FF...
[M::mem_pestat] (25, 50, 75) percentile: (30, 49, 68)
[M::mem_pestat] low and high boundaries for computing mean and std.dev: (1, 144)
[M::mem_pestat] mean and std.dev: (54.67, 30.76)
[M::mem_pestat] low and high boundaries for proper pairs: (1, 182)
[M::mem_pestat] analyzing insert size distribution for orientation FR...
[M::mem_pestat] (25, 50, 75) percentile: (78, 91, 112)
[M::mem_pestat] low and high boundaries for computing mean and std.dev: (10, 180)
[M::mem_pestat] mean and std.dev: (96.73, 24.44)
[M::mem_pestat] low and high boundaries for proper pairs: (1, 214)
[M::mem_pestat] analyzing insert size distribution for orientation RF...
[M::mem_pestat] (25, 50, 75) percentile: (488, 576, 598)
[M::mem_pestat] low and high boundaries for computing mean and std.dev: (268, 818)
[M::mem_pestat] mean and std.dev: (577.53, 39.44)
[M::mem_pestat] low and high boundaries for proper pairs: (158, 928)
[M::mem_pestat] analyzing insert size distribution for orientation RR...
[M::mem_pestat] (25, 50, 75) percentile: (28, 56, 71)
[M::mem_pestat] low and high boundaries for computing mean and std.dev: (1, 157)
[M::mem_pestat] mean and std.dev: (56.38, 28.76)
[M::mem_pestat] low and high boundaries for proper pairs: (1, 200)
[M::mem_pestat] skip orientation FF
[M::mem_pestat] skip orientation RF
[M::mem_pestat] skip orientation RR
[M::mem_process_seqs] Processed 3411230 reads in 3050.029 CPU sec, 97.762 real sec
[M::mem_process_seqs] Processed 3373966 reads in 2974.227 CPU sec, 94.289 real sec
[M::process] read 3409446 sequences (320000030 bp)...
[M::process] read 3373050 sequences (320000046 bp)...
[M::mem_pestat] # candidate unique pairs for (FF, FR, RF, RR): (98, 606600, 78, 99)
[M::mem_pestat] analyzing insert size distribution for orientation FF...
[M::mem_pestat] (25, 50, 75) percentile: (30, 44, 66)
[M::mem_pestat] low and high boundaries for computing mean and std.dev: (1, 138)
[M::mem_pestat] mean and std.dev: (47.76, 25.41)
[M::mem_pestat] low and high boundaries for proper pairs: (1, 174)
[M::mem_pestat] analyzing insert size distribution for orientation FR...
[M::mem_pestat] (25, 50, 75) percentile: (78, 92, 115)
[M::mem_pestat] low and high boundaries for computing mean and std.dev: (4, 189)
[M::mem_pestat] mean and std.dev: (98.28, 26.30)
[M::mem_pestat] low and high boundaries for proper pairs: (1, 226)
[M::mem_pestat] analyzing insert size distribution for orientation RF...
[M::mem_pestat] (25, 50, 75) percentile: (555, 583, 626)
[M::mem_pestat] low and high boundaries for computing mean and std.dev: (413, 768)
[M::mem_pestat] mean and std.dev: (581.44, 39.51)
[M::mem_pestat] low and high boundaries for proper pairs: (342, 839)
[M::mem_pestat] analyzing insert size distribution for orientation RR...
[M::mem_pestat] (25, 50, 75) percentile: (30, 47, 70)
[M::mem_pestat] low and high boundaries for computing mean and std.dev: (1, 150)
[M::mem_pestat] mean and std.dev: (52.76, 29.06)
[M::mem_pestat] low and high boundaries for proper pairs: (1, 190)
[M::mem_pestat] skip orientation FF
[M::mem_pestat] skip orientation RF
[M::mem_pestat] skip orientation RR
[M::mem_process_seqs] Processed 3318080 reads in 2888.288 CPU sec, 90.904 real sec
[M::process] read 3314876 sequences (320000008 bp)...
[M::mem_pestat] # candidate unique pairs for (FF, FR, RF, RR): (85, 561281, 50, 73)
[M::mem_pestat] analyzing insert size distribution for orientation FF...
[M::mem_pestat] (25, 50, 75) percentile: (30, 43, 68)
[M::mem_pestat] low and high boundaries for computing mean and std.dev: (1, 144)
[M::mem_pestat] mean and std.dev: (46.04, 23.00)
[M::mem_pestat] low and high boundaries for proper pairs: (1, 182)
[M::mem_pestat] analyzing insert size distribution for orientation FR...
[M::mem_pestat] (25, 50, 75) percentile: (78, 91, 112)
[M::mem_pestat] low and high boundaries for computing mean and std.dev: (10, 180)
[M::mem_pestat] mean and std.dev: (96.71, 24.46)
[M::mem_pestat] low and high boundaries for proper pairs: (1, 214)
[M::mem_pestat] analyzing insert size distribution for orientation RF...
[M::mem_pestat] (25, 50, 75) percentile: (179, 586, 615)
[M::mem_pestat] low and high boundaries for computing mean and std.dev: (1, 1487)
[M::mem_pestat] mean and std.dev: (440.98, 228.77)
[M::mem_pestat] low and high boundaries for proper pairs: (1, 1923)
[M::mem_pestat] analyzing insert size distribution for orientation RR...
[M::mem_pestat] (25, 50, 75) percentile: (29, 43, 65)
[M::mem_pestat] low and high boundaries for computing mean and std.dev: (1, 137)
[M::mem_pestat] mean and std.dev: (48.06, 25.12)
[M::mem_pestat] low and high boundaries for proper pairs: (1, 173)
[M::mem_pestat] skip orientation FF
[M::mem_pestat] skip orientation RF
[M::mem_pestat] skip orientation RR
[M::mem_pestat] # candidate unique pairs for (FF, FR, RF, RR): (45, 559261, 28, 49)
[M::mem_pestat] analyzing insert size distribution for orientation FF...
[M::mem_pestat] (25, 50, 75) percentile: (34, 43, 66)
[M::mem_pestat] low and high boundaries for computing mean and std.dev: (1, 130)
[M::mem_pestat] mean and std.dev: (50.41, 23.13)
[M::mem_pestat] low and high boundaries for proper pairs: (1, 162)
[M::mem_pestat] analyzing insert size distribution for orientation FR...
[M::mem_pestat] (25, 50, 75) percentile: (78, 91, 110)
[M::mem_pestat] low and high boundaries for computing mean and std.dev: (14, 174)
[M::mem_pestat] mean and std.dev: (95.94, 23.10)
[M::mem_pestat] low and high boundaries for proper pairs: (1, 206)
[M::mem_pestat] analyzing insert size distribution for orientation RF...
[M::mem_pestat] (25, 50, 75) percentile: (68, 538, 594)
[M::mem_pestat] low and high boundaries for computing mean and std.dev: (1, 1646)
[M::mem_pestat] mean and std.dev: (352.12, 252.73)
[M::mem_pestat] low and high boundaries for proper pairs: (1, 2172)
[M::mem_pestat] analyzing insert size distribution for orientation RR...
[M::mem_pestat] (25, 50, 75) percentile: (34, 43, 71)
[M::mem_pestat] low and high boundaries for computing mean and std.dev: (1, 145)
[M::mem_pestat] mean and std.dev: (49.60, 23.66)
[M::mem_pestat] low and high boundaries for proper pairs: (1, 182)
[M::mem_pestat] skip orientation FF
[M::mem_pestat] skip orientation RF
[M::mem_pestat] skip orientation RR
[M::mem_process_seqs] Processed 3373548 reads in 2907.245 CPU sec, 91.575 real sec
[M::mem_process_seqs] Processed 3410980 reads in 3076.884 CPU sec, 98.490 real sec
[M::process] read 3375016 sequences (320000099 bp)...
[M::process] read 3411086 sequences (320000186 bp)...
[M::mem_pestat] # candidate unique pairs for (FF, FR, RF, RR): (98, 608116, 66, 119)
[M::mem_pestat] analyzing insert size distribution for orientation FF...
[M::mem_pestat] (25, 50, 75) percentile: (32, 48, 74)
[M::mem_pestat] low and high boundaries for computing mean and std.dev: (1, 158)
[M::mem_pestat] mean and std.dev: (50.24, 26.14)
[M::mem_pestat] low and high boundaries for proper pairs: (1, 200)
[M::mem_pestat] analyzing insert size distribution for orientation FR...
[M::mem_pestat] (25, 50, 75) percentile: (78, 92, 114)
[M::mem_pestat] low and high boundaries for computing mean and std.dev: (6, 186)
[M::mem_pestat] mean and std.dev: (97.90, 25.84)
[M::mem_pestat] low and high boundaries for proper pairs: (1, 222)
[M::mem_pestat] analyzing insert size distribution for orientation RF...
[M::mem_pestat] (25, 50, 75) percentile: (542, 585, 626)
[M::mem_pestat] low and high boundaries for computing mean and std.dev: (374, 794)
[M::mem_pestat] mean and std.dev: (594.35, 38.36)
[M::mem_pestat] low and high boundaries for proper pairs: (290, 878)
[M::mem_pestat] analyzing insert size distribution for orientation RR...
[M::mem_pestat] (25, 50, 75) percentile: (30, 43, 68)
[M::mem_pestat] low and high boundaries for computing mean and std.dev: (1, 144)
[M::mem_pestat] mean and std.dev: (50.33, 26.84)
[M::mem_pestat] low and high boundaries for proper pairs: (1, 182)
[M::mem_pestat] skip orientation FF
[M::mem_pestat] skip orientation RF
[M::mem_pestat] skip orientation RR
[M::mem_process_seqs] Processed 3323048 reads in 2860.085 CPU sec, 90.516 real sec
[M::process] read 3315950 sequences (320000148 bp)...
[M::mem_pestat] # candidate unique pairs for (FF, FR, RF, RR): (61, 560805, 50, 88)
[M::mem_pestat] analyzing insert size distribution for orientation FF...
[M::mem_pestat] (25, 50, 75) percentile: (29, 40, 68)
[M::mem_pestat] low and high boundaries for computing mean and std.dev: (1, 146)
[M::mem_pestat] mean and std.dev: (44.55, 23.90)
[M::mem_pestat] low and high boundaries for proper pairs: (1, 185)
[M::mem_pestat] analyzing insert size distribution for orientation FR...
[M::mem_pestat] (25, 50, 75) percentile: (78, 91, 112)
[M::mem_pestat] low and high boundaries for computing mean and std.dev: (10, 180)
[M::mem_pestat] mean and std.dev: (96.78, 24.48)
[M::mem_pestat] low and high boundaries for proper pairs: (1, 214)
[M::mem_pestat] analyzing insert size distribution for orientation RF...
[M::mem_pestat] (25, 50, 75) percentile: (546, 589, 626)
[M::mem_pestat] low and high boundaries for computing mean and std.dev: (386, 786)
[M::mem_pestat] mean and std.dev: (581.54, 42.38)
[M::mem_pestat] low and high boundaries for proper pairs: (306, 866)
[M::mem_pestat] analyzing insert size distribution for orientation RR...
[M::mem_pestat] (25, 50, 75) percentile: (27, 49, 67)
[M::mem_pestat] low and high boundaries for computing mean and std.dev: (1, 147)
[M::mem_pestat] mean and std.dev: (52.71, 32.16)
[M::mem_pestat] low and high boundaries for proper pairs: (1, 187)
[M::mem_pestat] skip orientation FF
[M::mem_pestat] skip orientation RF
[M::mem_pestat] skip orientation RR
[M::mem_pestat] # candidate unique pairs for (FF, FR, RF, RR): (39, 559377, 20, 51)
[M::mem_pestat] analyzing insert size distribution for orientation FF...
[M::mem_pestat] (25, 50, 75) percentile: (27, 45, 62)
[M::mem_pestat] low and high boundaries for computing mean and std.dev: (1, 132)
[M::mem_pestat] mean and std.dev: (48.46, 27.44)
[M::mem_pestat] low and high boundaries for proper pairs: (1, 167)
[M::mem_pestat] analyzing insert size distribution for orientation FR...
[M::mem_pestat] (25, 50, 75) percentile: (78, 91, 110)
[M::mem_pestat] low and high boundaries for computing mean and std.dev: (14, 174)
[M::mem_pestat] mean and std.dev: (95.98, 23.14)
[M::mem_pestat] low and high boundaries for proper pairs: (1, 206)
[M::mem_pestat] analyzing insert size distribution for orientation RF...
[M::mem_pestat] (25, 50, 75) percentile: (173, 563, 626)
[M::mem_pestat] low and high boundaries for computing mean and std.dev: (1, 1532)
[M::mem_pestat] mean and std.dev: (438.20, 296.92)
[M::mem_pestat] low and high boundaries for proper pairs: (1, 1985)
[M::mem_pestat] analyzing insert size distribution for orientation RR...
[M::mem_pestat] (25, 50, 75) percentile: (38, 57, 77)
[M::mem_pestat] low and high boundaries for computing mean and std.dev: (1, 155)
[M::mem_pestat] mean and std.dev: (57.67, 27.01)
[M::mem_pestat] low and high boundaries for proper pairs: (1, 194)
[M::mem_pestat] skip orientation FF
[M::mem_pestat] skip orientation RF
[M::mem_pestat] skip orientation RR
[M::mem_process_seqs] Processed 3373050 reads in 2827.792 CPU sec, 89.152 real sec
[M::process] read 3052210 sequences (287785624 bp)...
[M::mem_process_seqs] Processed 3409446 reads in 3088.135 CPU sec, 97.944 real sec
[M::process] read 3413818 sequences (320000110 bp)...
[M::mem_pestat] # candidate unique pairs for (FF, FR, RF, RR): (101, 603272, 57, 113)
[M::mem_pestat] analyzing insert size distribution for orientation FF...
[M::mem_pestat] (25, 50, 75) percentile: (27, 44, 71)
[M::mem_pestat] low and high boundaries for computing mean and std.dev: (1, 159)
[M::mem_pestat] mean and std.dev: (50.41, 31.49)
[M::mem_pestat] low and high boundaries for proper pairs: (1, 203)
[M::mem_pestat] analyzing insert size distribution for orientation FR...
[M::mem_pestat] (25, 50, 75) percentile: (78, 92, 115)
[M::mem_pestat] low and high boundaries for computing mean and std.dev: (4, 189)
[M::mem_pestat] mean and std.dev: (98.36, 26.33)
[M::mem_pestat] low and high boundaries for proper pairs: (1, 226)
[M::mem_pestat] analyzing insert size distribution for orientation RF...
[M::mem_pestat] (25, 50, 75) percentile: (561, 595, 630)
[M::mem_pestat] low and high boundaries for computing mean and std.dev: (423, 768)
[M::mem_pestat] mean and std.dev: (593.31, 35.93)
[M::mem_pestat] low and high boundaries for proper pairs: (354, 837)
[M::mem_pestat] analyzing insert size distribution for orientation RR...
[M::mem_pestat] (25, 50, 75) percentile: (34, 52, 74)
[M::mem_pestat] low and high boundaries for computing mean and std.dev: (1, 154)
[M::mem_pestat] mean and std.dev: (56.18, 28.42)
[M::mem_pestat] low and high boundaries for proper pairs: (1, 194)
[M::mem_pestat] skip orientation FF
[M::mem_pestat] skip orientation RF
[M::mem_pestat] skip orientation RR
[M::mem_process_seqs] Processed 3314876 reads in 2925.430 CPU sec, 92.073 real sec
[M::process] read 3315622 sequences (320000152 bp)...
[M::mem_pestat] # candidate unique pairs for (FF, FR, RF, RR): (64, 560701, 45, 79)
[M::mem_pestat] analyzing insert size distribution for orientation FF...
[M::mem_pestat] (25, 50, 75) percentile: (36, 53, 86)
[M::mem_pestat] low and high boundaries for computing mean and std.dev: (1, 186)
[M::mem_pestat] mean and std.dev: (53.39, 26.38)
[M::mem_pestat] low and high boundaries for proper pairs: (1, 236)
[M::mem_pestat] analyzing insert size distribution for orientation FR...
[M::mem_pestat] (25, 50, 75) percentile: (78, 91, 112)
[M::mem_pestat] low and high boundaries for computing mean and std.dev: (10, 180)
[M::mem_pestat] mean and std.dev: (96.65, 24.40)
[M::mem_pestat] low and high boundaries for proper pairs: (1, 214)
[M::mem_pestat] analyzing insert size distribution for orientation RF...
[M::mem_pestat] (25, 50, 75) percentile: (500, 566, 608)
[M::mem_pestat] low and high boundaries for computing mean and std.dev: (284, 824)
[M::mem_pestat] mean and std.dev: (582.67, 37.49)
[M::mem_pestat] low and high boundaries for proper pairs: (176, 932)
[M::mem_pestat] analyzing insert size distribution for orientation RR...
[M::mem_pestat] (25, 50, 75) percentile: (28, 47, 72)
[M::mem_pestat] low and high boundaries for computing mean and std.dev: (1, 160)
[M::mem_pestat] mean and std.dev: (51.00, 28.01)
[M::mem_pestat] low and high boundaries for proper pairs: (1, 204)
[M::mem_pestat] skip orientation FF
[M::mem_pestat] skip orientation RF
[M::mem_pestat] skip orientation RR
[M::mem_pestat] # candidate unique pairs for (FF, FR, RF, RR): (53, 558949, 20, 48)
[M::mem_pestat] analyzing insert size distribution for orientation FF...
[M::mem_pestat] (25, 50, 75) percentile: (33, 51, 86)
[M::mem_pestat] low and high boundaries for computing mean and std.dev: (1, 192)
[M::mem_pestat] mean and std.dev: (62.96, 39.94)
[M::mem_pestat] low and high boundaries for proper pairs: (1, 245)
[M::mem_pestat] analyzing insert size distribution for orientation FR...
[M::mem_pestat] (25, 50, 75) percentile: (78, 91, 110)
[M::mem_pestat] low and high boundaries for computing mean and std.dev: (14, 174)
[M::mem_pestat] mean and std.dev: (95.94, 23.12)
[M::mem_pestat] low and high boundaries for proper pairs: (1, 206)
[M::mem_pestat] analyzing insert size distribution for orientation RF...
[M::mem_pestat] (25, 50, 75) percentile: (300, 589, 637)
[M::mem_pestat] low and high boundaries for computing mean and std.dev: (1, 1311)
[M::mem_pestat] mean and std.dev: (470.72, 323.62)
[M::mem_pestat] low and high boundaries for proper pairs: (1, 1765)
[M::mem_pestat] analyzing insert size distribution for orientation RR...
[M::mem_pestat] (25, 50, 75) percentile: (36, 49, 80)
[M::mem_pestat] low and high boundaries for computing mean and std.dev: (1, 168)
[M::mem_pestat] mean and std.dev: (55.10, 27.42)
[M::mem_pestat] low and high boundaries for proper pairs: (1, 212)
[M::mem_pestat] skip orientation FF
[M::mem_pestat] skip orientation RF
[M::mem_pestat] skip orientation RR
[M::mem_process_seqs] Processed 3375016 reads in 2920.966 CPU sec, 91.902 real sec
[M::mem_process_seqs] Processed 3411086 reads in 2977.576 CPU sec, 94.750 real sec
[M::process] read 3410534 sequences (320000142 bp)...
[M::mem_pestat] # candidate unique pairs for (FF, FR, RF, RR): (83, 605564, 60, 101)
[M::mem_pestat] analyzing insert size distribution for orientation FF...
[M::mem_pestat] (25, 50, 75) percentile: (31, 48, 63)
[M::mem_pestat] low and high boundaries for computing mean and std.dev: (1, 127)
[M::mem_pestat] mean and std.dev: (46.17, 21.52)
[M::mem_pestat] low and high boundaries for proper pairs: (1, 159)
[M::mem_pestat] analyzing insert size distribution for orientation FR...
[M::mem_pestat] (25, 50, 75) percentile: (78, 92, 115)
[M::mem_pestat] low and high boundaries for computing mean and std.dev: (4, 189)
[M::mem_pestat] mean and std.dev: (98.30, 26.34)
[M::mem_pestat] low and high boundaries for proper pairs: (1, 226)
[M::mem_pestat] analyzing insert size distribution for orientation RF...
[M::mem_pestat] (25, 50, 75) percentile: (331, 585, 626)
[M::mem_pestat] low and high boundaries for computing mean and std.dev: (1, 1216)
[M::mem_pestat] mean and std.dev: (452.00, 223.21)
[M::mem_pestat] low and high boundaries for proper pairs: (1, 1511)
[M::mem_pestat] analyzing insert size distribution for orientation RR...
[M::mem_pestat] (25, 50, 75) percentile: (34, 46, 79)
[M::mem_pestat] low and high boundaries for computing mean and std.dev: (1, 169)
[M::mem_pestat] mean and std.dev: (55.83, 30.38)
[M::mem_pestat] low and high boundaries for proper pairs: (1, 214)
[M::mem_pestat] skip orientation FF
[M::mem_pestat] skip orientation RF
[M::mem_pestat] skip orientation RR
[M::mem_process_seqs] Processed 3315950 reads in 3046.699 CPU sec, 96.390 real sec
[M::process] read 3317038 sequences (320000201 bp)...
[M::mem_pestat] # candidate unique pairs for (FF, FR, RF, RR): (61, 503511, 29, 61)
[M::mem_pestat] analyzing insert size distribution for orientation FF...
[M::mem_pestat] (25, 50, 75) percentile: (25, 41, 61)
[M::mem_pestat] low and high boundaries for computing mean and std.dev: (1, 133)
[M::mem_pestat] mean and std.dev: (44.36, 27.58)
[M::mem_pestat] low and high boundaries for proper pairs: (1, 169)
[M::mem_pestat] analyzing insert size distribution for orientation FR...
[M::mem_pestat] (25, 50, 75) percentile: (78, 91, 111)
[M::mem_pestat] low and high boundaries for computing mean and std.dev: (12, 177)
[M::mem_pestat] mean and std.dev: (95.88, 23.72)
[M::mem_pestat] low and high boundaries for proper pairs: (1, 210)
[M::mem_pestat] analyzing insert size distribution for orientation RF...
[M::mem_pestat] (25, 50, 75) percentile: (576, 605, 634)
[M::mem_pestat] low and high boundaries for computing mean and std.dev: (460, 750)
[M::mem_pestat] mean and std.dev: (603.24, 24.38)
[M::mem_pestat] low and high boundaries for proper pairs: (402, 808)
[M::mem_pestat] analyzing insert size distribution for orientation RR...
[M::mem_pestat] (25, 50, 75) percentile: (27, 42, 68)
[M::mem_pestat] low and high boundaries for computing mean and std.dev: (1, 150)
[M::mem_pestat] mean and std.dev: (46.39, 25.58)
[M::mem_pestat] low and high boundaries for proper pairs: (1, 191)
[M::mem_pestat] skip orientation FF
[M::mem_pestat] skip orientation RF
[M::mem_pestat] skip orientation RR
[M::mem_process_seqs] Processed 3052210 reads in 2709.715 CPU sec, 86.060 real sec
[main] Version: 0.7.19-r1273
[main] CMD: bwa mem -t 32 /datapool/home/zhijian/data/wheat/genome/3.ref.mask.fasta.gz /datapool/data/Users/zhijian/projects/scumiatac/result/step4_trim/ATACP500_1_final_1P.fq.gz /datapool/data/Users/zhijian/projects/scumiatac/result/step4_trim/ATACP500_1_final_2P.fq.gz
[main] Real time: 1612.383 sec; CPU: 48192.330 sec
[M::mem_pestat] # candidate unique pairs for (FF, FR, RF, RR): (55, 558452, 26, 55)
[M::mem_pestat] analyzing insert size distribution for orientation FF...
[M::mem_pestat] (25, 50, 75) percentile: (26, 39, 67)
[M::mem_pestat] low and high boundaries for computing mean and std.dev: (1, 149)
[M::mem_pestat] mean and std.dev: (45.58, 22.72)
[M::mem_pestat] low and high boundaries for proper pairs: (1, 190)
[M::mem_pestat] analyzing insert size distribution for orientation FR...
[M::mem_pestat] (25, 50, 75) percentile: (78, 91, 110)
[M::mem_pestat] low and high boundaries for computing mean and std.dev: (14, 174)
[M::mem_pestat] mean and std.dev: (95.79, 23.01)
[M::mem_pestat] low and high boundaries for proper pairs: (1, 206)
[M::mem_pestat] analyzing insert size distribution for orientation RF...
[M::mem_pestat] (25, 50, 75) percentile: (99, 594, 630)
[M::mem_pestat] low and high boundaries for computing mean and std.dev: (1, 1692)
[M::mem_pestat] mean and std.dev: (440.12, 283.60)
[M::mem_pestat] low and high boundaries for proper pairs: (1, 2223)
[M::mem_pestat] analyzing insert size distribution for orientation RR...
[M::mem_pestat] (25, 50, 75) percentile: (26, 37, 56)
[M::mem_pestat] low and high boundaries for computing mean and std.dev: (1, 116)
[M::mem_pestat] mean and std.dev: (42.73, 25.74)
[M::mem_pestat] low and high boundaries for proper pairs: (1, 146)
[M::mem_pestat] skip orientation FF
[M::mem_pestat] skip orientation RF
[M::mem_pestat] skip orientation RR
[bam_sort_core] merging from 0 files and 32 in-memory blocks...
[M::mem_process_seqs] Processed 3413818 reads in 2865.347 CPU sec, 91.015 real sec
[M::process] read 3412564 sequences (320000149 bp)...
[M::mem_pestat] # candidate unique pairs for (FF, FR, RF, RR): (101, 604636, 81, 130)
[M::mem_pestat] analyzing insert size distribution for orientation FF...
[M::mem_pestat] (25, 50, 75) percentile: (32, 51, 76)
[M::mem_pestat] low and high boundaries for computing mean and std.dev: (1, 164)
[M::mem_pestat] mean and std.dev: (53.86, 29.38)
[M::mem_pestat] low and high boundaries for proper pairs: (1, 208)
[M::mem_pestat] analyzing insert size distribution for orientation FR...
[M::mem_pestat] (25, 50, 75) percentile: (78, 92, 115)
[M::mem_pestat] low and high boundaries for computing mean and std.dev: (4, 189)
[M::mem_pestat] mean and std.dev: (98.33, 26.34)
[M::mem_pestat] low and high boundaries for proper pairs: (1, 226)
[M::mem_pestat] analyzing insert size distribution for orientation RF...
[M::mem_pestat] (25, 50, 75) percentile: (537, 578, 613)
[M::mem_pestat] low and high boundaries for computing mean and std.dev: (385, 765)
[M::mem_pestat] mean and std.dev: (574.84, 43.38)
[M::mem_pestat] low and high boundaries for proper pairs: (309, 841)
[M::mem_pestat] analyzing insert size distribution for orientation RR...
[M::mem_pestat] (25, 50, 75) percentile: (34, 56, 84)
[M::mem_pestat] low and high boundaries for computing mean and std.dev: (1, 184)
[M::mem_pestat] mean and std.dev: (60.80, 35.60)
[M::mem_pestat] low and high boundaries for proper pairs: (1, 234)
[M::mem_pestat] skip orientation FF
[M::mem_pestat] skip orientation RF
[M::mem_pestat] skip orientation RR
[Wed Nov 26 09:51:55 2025]
Finished job 20.
6 of 26 steps (23%) done
Select jobs to execute...

[Wed Nov 26 09:51:56 2025]
rule bwa:
    input: /datapool/data/Users/zhijian/projects/scumiatac/result/step4_trim/ATACSC.finished
    output: /datapool/data/Users/zhijian/projects/scumiatac/result/step5_bwa/ATACSC.finished
    jobid: 36
    reason: Missing output files: /datapool/data/Users/zhijian/projects/scumiatac/result/step5_bwa/ATACSC.finished; Input files updated by another job: /datapool/data/Users/zhijian/projects/scumiatac/result/step4_trim/ATACSC.finished
    wildcards: sample=ATACSC
    threads: 32
    resources: tmpdir=/tmp


bwa mem -t 32 /datapool/home/zhijian/data/wheat/genome/3.ref.mask.fasta.gz /datapool/data/Users/zhijian/projects/scumiatac/result/step4_trim/ATACSC_final_1P.fq.gz /datapool/data/Users/zhijian/projects/scumiatac/result/step4_trim/ATACSC_final_2P.fq.gz | samtools sort -@ 32 -o /datapool/data/Users/zhijian/projects/scumiatac/result/step5_bwa/ATACSC.bwa.bam -
samtools index -c /datapool/data/Users/zhijian/projects/scumiatac/result/step5_bwa/ATACSC.bwa.bam -@ 32
touch /datapool/data/Users/zhijian/projects/scumiatac/result/step5_bwa/ATACSC.finished
        
[M::mem_process_seqs] Processed 3315622 reads in 2569.563 CPU sec, 80.981 real sec
[M::process] read 3339388 sequences (320000149 bp)...
[M::bwa_idx_load_from_disk] read 0 ALT contigs
[M::process] read 3309940 sequences (320000070 bp)...
[M::process] read 3318458 sequences (320000074 bp)...
[M::mem_pestat] # candidate unique pairs for (FF, FR, RF, RR): (48, 559132, 20, 49)
[M::mem_pestat] analyzing insert size distribution for orientation FF...
[M::mem_pestat] (25, 50, 75) percentile: (32, 47, 75)
[M::mem_pestat] low and high boundaries for computing mean and std.dev: (1, 161)
[M::mem_pestat] mean and std.dev: (50.18, 25.05)
[M::mem_pestat] low and high boundaries for proper pairs: (1, 204)
[M::mem_pestat] analyzing insert size distribution for orientation FR...
[M::mem_pestat] (25, 50, 75) percentile: (78, 91, 110)
[M::mem_pestat] low and high boundaries for computing mean and std.dev: (14, 174)
[M::mem_pestat] mean and std.dev: (95.97, 23.10)
[M::mem_pestat] low and high boundaries for proper pairs: (1, 206)
[M::mem_pestat] analyzing insert size distribution for orientation RF...
[M::mem_pestat] (25, 50, 75) percentile: (548, 594, 629)
[M::mem_pestat] low and high boundaries for computing mean and std.dev: (386, 791)
[M::mem_pestat] mean and std.dev: (598.50, 26.63)
[M::mem_pestat] low and high boundaries for proper pairs: (305, 872)
[M::mem_pestat] analyzing insert size distribution for orientation RR...
[M::mem_pestat] (25, 50, 75) percentile: (37, 45, 60)
[M::mem_pestat] low and high boundaries for computing mean and std.dev: (1, 106)
[M::mem_pestat] mean and std.dev: (46.57, 18.52)
[M::mem_pestat] low and high boundaries for proper pairs: (1, 129)
[M::mem_pestat] skip orientation FF
[M::mem_pestat] skip orientation RF
[M::mem_pestat] skip orientation RR
[M::mem_process_seqs] Processed 3410534 reads in 2742.875 CPU sec, 87.550 real sec
[M::mem_pestat] # candidate unique pairs for (FF, FR, RF, RR): (83, 605496, 67, 120)
[M::mem_pestat] analyzing insert size distribution for orientation FF...
[M::mem_pestat] (25, 50, 75) percentile: (29, 44, 67)
[M::mem_pestat] low and high boundaries for computing mean and std.dev: (1, 143)
[M::mem_pestat] mean and std.dev: (46.78, 22.85)
[M::mem_pestat] low and high boundaries for proper pairs: (1, 181)
[M::mem_pestat] analyzing insert size distribution for orientation FR...
[M::mem_pestat] (25, 50, 75) percentile: (78, 92, 114)
[M::mem_pestat] low and high boundaries for computing mean and std.dev: (6, 186)
[M::mem_pestat] mean and std.dev: (98.04, 25.99)
[M::mem_pestat] low and high boundaries for proper pairs: (1, 222)
[M::mem_pestat] analyzing insert size distribution for orientation RF...
[M::mem_pestat] (25, 50, 75) percentile: (554, 588, 627)
[M::mem_pestat] low and high boundaries for computing mean and std.dev: (408, 773)
[M::mem_pestat] mean and std.dev: (587.38, 41.14)
[M::mem_pestat] low and high boundaries for proper pairs: (335, 846)
[M::mem_pestat] analyzing insert size distribution for orientation RR...
[M::mem_pestat] (25, 50, 75) percentile: (34, 51, 79)
[M::mem_pestat] low and high boundaries for computing mean and std.dev: (1, 169)
[M::mem_pestat] mean and std.dev: (55.68, 29.16)
[M::mem_pestat] low and high boundaries for proper pairs: (1, 214)
[M::mem_pestat] skip orientation FF
[M::mem_pestat] skip orientation RF
[M::mem_pestat] skip orientation RR
[M::process] read 3414952 sequences (320000128 bp)...
[M::mem_process_seqs] Processed 3317038 reads in 2817.766 CPU sec, 89.336 real sec
[M::process] read 389142 sequences (37109614 bp)...
[M::mem_pestat] # candidate unique pairs for (FF, FR, RF, RR): (1, 333002, 54, 3)
[M::mem_pestat] skip orientation FF as there are not enough pairs
[M::mem_pestat] analyzing insert size distribution for orientation FR...
[M::mem_pestat] (25, 50, 75) percentile: (81, 98, 125)
[M::mem_pestat] low and high boundaries for computing mean and std.dev: (1, 213)
[M::mem_pestat] mean and std.dev: (105.14, 31.75)
[M::mem_pestat] low and high boundaries for proper pairs: (1, 257)
[M::mem_pestat] analyzing insert size distribution for orientation RF...
[M::mem_pestat] (25, 50, 75) percentile: (418, 552, 592)
[M::mem_pestat] low and high boundaries for computing mean and std.dev: (70, 940)
[M::mem_pestat] mean and std.dev: (481.42, 184.06)
[M::mem_pestat] low and high boundaries for proper pairs: (1, 1218)
[M::mem_pestat] skip orientation RR as there are not enough pairs
[M::mem_pestat] skip orientation RF
[M::mem_process_seqs] Processed 3309940 reads in 3025.292 CPU sec, 100.638 real sec
[M::mem_pestat] # candidate unique pairs for (FF, FR, RF, RR): (41, 557988, 27, 58)
[M::mem_pestat] analyzing insert size distribution for orientation FF...
[M::mem_pestat] (25, 50, 75) percentile: (36, 48, 78)
[M::mem_pestat] low and high boundaries for computing mean and std.dev: (1, 162)
[M::mem_pestat] mean and std.dev: (56.73, 29.62)
[M::mem_pestat] low and high boundaries for proper pairs: (1, 204)
[M::mem_pestat] analyzing insert size distribution for orientation FR...
[M::mem_pestat] (25, 50, 75) percentile: (78, 91, 110)
[M::mem_pestat] low and high boundaries for computing mean and std.dev: (14, 174)
[M::mem_pestat] mean and std.dev: (95.84, 23.03)
[M::mem_pestat] low and high boundaries for proper pairs: (1, 206)
[M::mem_pestat] analyzing insert size distribution for orientation RF...
[M::mem_pestat] (25, 50, 75) percentile: (582, 624, 634)
[M::mem_pestat] low and high boundaries for computing mean and std.dev: (478, 738)
[M::mem_pestat] mean and std.dev: (606.00, 24.95)
[M::mem_pestat] low and high boundaries for proper pairs: (426, 790)
[M::mem_pestat] analyzing insert size distribution for orientation RR...
[M::mem_pestat] (25, 50, 75) percentile: (36, 48, 82)
[M::mem_pestat] low and high boundaries for computing mean and std.dev: (1, 174)
[M::mem_pestat] mean and std.dev: (57.18, 30.53)
[M::mem_pestat] low and high boundaries for proper pairs: (1, 220)
[M::mem_pestat] skip orientation FF
[M::mem_pestat] skip orientation RF
[M::mem_pestat] skip orientation RR
[M::process] read 3319168 sequences (320000175 bp)...
[M::mem_process_seqs] Processed 3412564 reads in 3039.414 CPU sec, 96.800 real sec
[M::mem_pestat] # candidate unique pairs for (FF, FR, RF, RR): (72, 607093, 63, 75)
[M::mem_pestat] analyzing insert size distribution for orientation FF...
[M::mem_pestat] (25, 50, 75) percentile: (32, 46, 71)
[M::mem_pestat] low and high boundaries for computing mean and std.dev: (1, 149)
[M::mem_pestat] mean and std.dev: (49.54, 26.89)
[M::mem_pestat] low and high boundaries for proper pairs: (1, 188)
[M::mem_pestat] analyzing insert size distribution for orientation FR...
[M::mem_pestat] (25, 50, 75) percentile: (78, 91, 113)
[M::mem_pestat] low and high boundaries for computing mean and std.dev: (8, 183)
[M::mem_pestat] mean and std.dev: (97.06, 25.15)
[M::mem_pestat] low and high boundaries for proper pairs: (1, 218)
[M::mem_pestat] analyzing insert size distribution for orientation RF...
[M::mem_pestat] (25, 50, 75) percentile: (557, 593, 634)
[M::mem_pestat] low and high boundaries for computing mean and std.dev: (403, 788)
[M::mem_pestat] mean and std.dev: (591.84, 38.36)
[M::mem_pestat] low and high boundaries for proper pairs: (326, 865)
[M::mem_pestat] analyzing insert size distribution for orientation RR...
[M::mem_pestat] (25, 50, 75) percentile: (30, 46, 60)
[M::mem_pestat] low and high boundaries for computing mean and std.dev: (1, 120)
[M::mem_pestat] mean and std.dev: (48.96, 24.24)
[M::mem_pestat] low and high boundaries for proper pairs: (1, 150)
[M::mem_pestat] skip orientation FF
[M::mem_pestat] skip orientation RF
[M::mem_pestat] skip orientation RR
[M::process] read 3424400 sequences (320000054 bp)...
[M::mem_process_seqs] Processed 3339388 reads in 3115.546 CPU sec, 98.278 real sec
[M::mem_pestat] # candidate unique pairs for (FF, FR, RF, RR): (1, 331350, 44, 1)
[M::mem_pestat] skip orientation FF as there are not enough pairs
[M::mem_pestat] analyzing insert size distribution for orientation FR...
[M::mem_pestat] (25, 50, 75) percentile: (81, 98, 124)
[M::mem_pestat] low and high boundaries for computing mean and std.dev: (1, 210)
[M::mem_pestat] mean and std.dev: (104.49, 31.03)
[M::mem_pestat] low and high boundaries for proper pairs: (1, 253)
[M::mem_pestat] analyzing insert size distribution for orientation RF...
[M::mem_pestat] (25, 50, 75) percentile: (544, 580, 589)
[M::mem_pestat] low and high boundaries for computing mean and std.dev: (454, 679)
[M::mem_pestat] mean and std.dev: (581.78, 27.91)
[M::mem_pestat] low and high boundaries for proper pairs: (409, 724)
[M::mem_pestat] skip orientation RR as there are not enough pairs
[M::mem_pestat] skip orientation RF
[M::mem_pestat] # candidate unique pairs for (FF, FR, RF, RR): (13, 70712, 10, 2)
[M::mem_pestat] analyzing insert size distribution for orientation FF...
[M::mem_pestat] (25, 50, 75) percentile: (25, 67, 114)
[M::mem_pestat] low and high boundaries for computing mean and std.dev: (1, 292)
[M::mem_pestat] mean and std.dev: (57.50, 36.78)
[M::mem_pestat] low and high boundaries for proper pairs: (1, 381)
[M::mem_pestat] analyzing insert size distribution for orientation FR...
[M::mem_pestat] (25, 50, 75) percentile: (78, 91, 111)
[M::mem_pestat] low and high boundaries for computing mean and std.dev: (12, 177)
[M::mem_pestat] mean and std.dev: (96.06, 24.22)
[M::mem_pestat] low and high boundaries for proper pairs: (1, 210)
[M::mem_pestat] analyzing insert size distribution for orientation RF...
[M::mem_pestat] (25, 50, 75) percentile: (564, 627, 634)
[M::mem_pestat] low and high boundaries for computing mean and std.dev: (424, 774)
[M::mem_pestat] mean and std.dev: (609.67, 28.71)
[M::mem_pestat] low and high boundaries for proper pairs: (354, 844)
[M::mem_pestat] skip orientation RR as there are not enough pairs
[M::mem_pestat] skip orientation FF
[M::mem_pestat] skip orientation RF
[M::mem_process_seqs] Processed 389142 reads in 404.243 CPU sec, 13.233 real sec
[main] Version: 0.7.19-r1273
[main] CMD: bwa mem -t 32 /datapool/home/zhijian/data/wheat/genome/3.ref.mask.fasta.gz /datapool/data/Users/zhijian/projects/scumiatac/result/step4_trim/ATACP500_2_final_1P.fq.gz /datapool/data/Users/zhijian/projects/scumiatac/result/step4_trim/ATACP500_2_final_2P.fq.gz
[main] Real time: 1689.456 sec; CPU: 52017.752 sec
[M::mem_process_seqs] Processed 3318458 reads in 2635.483 CPU sec, 83.428 real sec
[bam_sort_core] merging from 0 files and 32 in-memory blocks...
[M::process] read 3309504 sequences (320000185 bp)...
[M::mem_pestat] # candidate unique pairs for (FF, FR, RF, RR): (33, 558009, 16, 42)
[M::mem_pestat] analyzing insert size distribution for orientation FF...
[M::mem_pestat] (25, 50, 75) percentile: (37, 45, 67)
[M::mem_pestat] low and high boundaries for computing mean and std.dev: (1, 127)
[M::mem_pestat] mean and std.dev: (50.84, 22.56)
[M::mem_pestat] low and high boundaries for proper pairs: (1, 157)
[M::mem_pestat] analyzing insert size distribution for orientation FR...
[M::mem_pestat] (25, 50, 75) percentile: (78, 91, 110)
[M::mem_pestat] low and high boundaries for computing mean and std.dev: (14, 174)
[M::mem_pestat] mean and std.dev: (95.77, 22.98)
[M::mem_pestat] low and high boundaries for proper pairs: (1, 206)
[M::mem_pestat] analyzing insert size distribution for orientation RF...
[M::mem_pestat] (25, 50, 75) percentile: (170, 563, 2807)
[M::mem_pestat] low and high boundaries for computing mean and std.dev: (1, 8081)
[M::mem_pestat] mean and std.dev: (1315.73, 2083.78)
[M::mem_pestat] low and high boundaries for proper pairs: (1, 10718)
[M::mem_pestat] analyzing insert size distribution for orientation RR...
[M::mem_pestat] (25, 50, 75) percentile: (25, 48, 85)
[M::mem_pestat] low and high boundaries for computing mean and std.dev: (1, 205)
[M::mem_pestat] mean and std.dev: (53.77, 34.43)
[M::mem_pestat] low and high boundaries for proper pairs: (1, 265)
[M::mem_pestat] skip orientation FF
[M::mem_pestat] skip orientation RF
[M::mem_pestat] skip orientation RR
[Wed Nov 26 09:56:04 2025]
Finished job 28.
7 of 26 steps (27%) done
Select jobs to execute...

[Wed Nov 26 09:56:04 2025]
rule bwa:
    input: /datapool/data/Users/zhijian/projects/scumiatac/result/step4_trim/ATACP1000_2.finished
    output: /datapool/data/Users/zhijian/projects/scumiatac/result/step5_bwa/ATACP1000_2.finished
    jobid: 12
    reason: Missing output files: /datapool/data/Users/zhijian/projects/scumiatac/result/step5_bwa/ATACP1000_2.finished; Input files updated by another job: /datapool/data/Users/zhijian/projects/scumiatac/result/step4_trim/ATACP1000_2.finished
    wildcards: sample=ATACP1000_2
    threads: 32
    resources: tmpdir=/tmp


bwa mem -t 32 /datapool/home/zhijian/data/wheat/genome/3.ref.mask.fasta.gz /datapool/data/Users/zhijian/projects/scumiatac/result/step4_trim/ATACP1000_2_final_1P.fq.gz /datapool/data/Users/zhijian/projects/scumiatac/result/step4_trim/ATACP1000_2_final_2P.fq.gz | samtools sort -@ 32 -o /datapool/data/Users/zhijian/projects/scumiatac/result/step5_bwa/ATACP1000_2.bwa.bam -
samtools index -c /datapool/data/Users/zhijian/projects/scumiatac/result/step5_bwa/ATACP1000_2.bwa.bam -@ 32
touch /datapool/data/Users/zhijian/projects/scumiatac/result/step5_bwa/ATACP1000_2.finished
        
[M::mem_process_seqs] Processed 3414952 reads in 2754.272 CPU sec, 87.416 real sec
[M::process] read 3412842 sequences (320000042 bp)...
[M::bwa_idx_load_from_disk] read 0 ALT contigs
[M::mem_pestat] # candidate unique pairs for (FF, FR, RF, RR): (0, 332529, 44, 2)
[M::mem_pestat] skip orientation FF as there are not enough pairs
[M::mem_pestat] analyzing insert size distribution for orientation FR...
[M::mem_pestat] (25, 50, 75) percentile: (81, 98, 123)
[M::mem_pestat] low and high boundaries for computing mean and std.dev: (1, 207)
[M::mem_pestat] mean and std.dev: (104.20, 30.62)
[M::mem_pestat] low and high boundaries for proper pairs: (1, 249)
[M::mem_pestat] analyzing insert size distribution for orientation RF...
[M::mem_pestat] (25, 50, 75) percentile: (173, 581, 597)
[M::mem_pestat] low and high boundaries for computing mean and std.dev: (1, 1445)
[M::mem_pestat] mean and std.dev: (443.93, 212.56)
[M::mem_pestat] low and high boundaries for proper pairs: (1, 1869)
[M::mem_pestat] skip orientation RR as there are not enough pairs
[M::mem_pestat] skip orientation RF
[M::process] read 3351926 sequences (320000010 bp)...
[M::mem_process_seqs] Processed 3319168 reads in 2231.928 CPU sec, 71.169 real sec
[M::process] read 3300806 sequences (320000124 bp)...
[M::process] read 3357056 sequences (320000095 bp)...
[M::mem_pestat] # candidate unique pairs for (FF, FR, RF, RR): (36, 557753, 25, 55)
[M::mem_pestat] analyzing insert size distribution for orientation FF...
[M::mem_pestat] (25, 50, 75) percentile: (26, 42, 71)
[M::mem_pestat] low and high boundaries for computing mean and std.dev: (1, 161)
[M::mem_pestat] mean and std.dev: (49.31, 29.89)
[M::mem_pestat] low and high boundaries for proper pairs: (1, 206)
[M::mem_pestat] analyzing insert size distribution for orientation FR...
[M::mem_pestat] (25, 50, 75) percentile: (78, 90, 109)
[M::mem_pestat] low and high boundaries for computing mean and std.dev: (16, 171)
[M::mem_pestat] mean and std.dev: (95.25, 22.57)
[M::mem_pestat] low and high boundaries for proper pairs: (1, 202)
[M::mem_pestat] analyzing insert size distribution for orientation RF...
[M::mem_pestat] (25, 50, 75) percentile: (206, 591, 629)
[M::mem_pestat] low and high boundaries for computing mean and std.dev: (1, 1475)
[M::mem_pestat] mean and std.dev: (457.95, 282.57)
[M::mem_pestat] low and high boundaries for proper pairs: (1, 1898)
[M::mem_pestat] analyzing insert size distribution for orientation RR...
[M::mem_pestat] (25, 50, 75) percentile: (36, 49, 77)
[M::mem_pestat] low and high boundaries for computing mean and std.dev: (1, 159)
[M::mem_pestat] mean and std.dev: (53.27, 29.60)
[M::mem_pestat] low and high boundaries for proper pairs: (1, 200)
[M::mem_pestat] skip orientation FF
[M::mem_pestat] skip orientation RF
[M::mem_pestat] skip orientation RR
[M::mem_process_seqs] Processed 3424400 reads in 2821.405 CPU sec, 90.002 real sec
[M::mem_pestat] # candidate unique pairs for (FF, FR, RF, RR): (3, 332651, 59, 2)
[M::mem_pestat] skip orientation FF as there are not enough pairs
[M::mem_pestat] analyzing insert size distribution for orientation FR...
[M::mem_pestat] (25, 50, 75) percentile: (81, 98, 124)
[M::mem_pestat] low and high boundaries for computing mean and std.dev: (1, 210)
[M::mem_pestat] mean and std.dev: (104.84, 31.30)
[M::mem_pestat] low and high boundaries for proper pairs: (1, 253)
[M::mem_pestat] analyzing insert size distribution for orientation RF...
[M::mem_pestat] (25, 50, 75) percentile: (541, 565, 590)
[M::mem_pestat] low and high boundaries for computing mean and std.dev: (443, 688)
[M::mem_pestat] mean and std.dev: (574.79, 29.57)
[M::mem_pestat] low and high boundaries for proper pairs: (394, 737)
[M::mem_pestat] skip orientation RR as there are not enough pairs
[M::mem_pestat] skip orientation RF
[M::process] read 3412164 sequences (320000075 bp)...
[M::mem_process_seqs] Processed 3309504 reads in 2518.220 CPU sec, 79.201 real sec
[M::mem_pestat] # candidate unique pairs for (FF, FR, RF, RR): (55, 607613, 27, 54)
[M::mem_pestat] analyzing insert size distribution for orientation FF...
[M::mem_pestat] (25, 50, 75) percentile: (34, 52, 72)
[M::mem_pestat] low and high boundaries for computing mean and std.dev: (1, 148)
[M::mem_pestat] mean and std.dev: (56.15, 30.86)
[M::mem_pestat] low and high boundaries for proper pairs: (1, 186)
[M::mem_pestat] analyzing insert size distribution for orientation FR...
[M::mem_pestat] (25, 50, 75) percentile: (79, 93, 114)
[M::mem_pestat] low and high boundaries for computing mean and std.dev: (9, 184)
[M::mem_pestat] mean and std.dev: (98.78, 25.23)
[M::mem_pestat] low and high boundaries for proper pairs: (1, 219)
[M::mem_pestat] analyzing insert size distribution for orientation RF...
[M::mem_pestat] (25, 50, 75) percentile: (546, 585, 851)
[M::mem_pestat] low and high boundaries for computing mean and std.dev: (1, 1461)
[M::mem_pestat] mean and std.dev: (523.91, 300.69)
[M::mem_pestat] low and high boundaries for proper pairs: (1, 1766)
[M::mem_pestat] analyzing insert size distribution for orientation RR...
[M::mem_pestat] (25, 50, 75) percentile: (39, 58, 87)
[M::mem_pestat] low and high boundaries for computing mean and std.dev: (1, 183)
[M::mem_pestat] mean and std.dev: (61.27, 32.45)
[M::mem_pestat] low and high boundaries for proper pairs: (1, 231)
[M::mem_pestat] skip orientation FF
[M::mem_pestat] skip orientation RF
[M::mem_pestat] skip orientation RR
[M::process] read 3301006 sequences (320000041 bp)...
[M::mem_process_seqs] Processed 3351926 reads in 3133.189 CPU sec, 104.216 real sec
[M::process] read 3343956 sequences (320000080 bp)...
[M::mem_pestat] # candidate unique pairs for (FF, FR, RF, RR): (50, 558218, 21, 47)
[M::mem_pestat] analyzing insert size distribution for orientation FF...
[M::mem_pestat] (25, 50, 75) percentile: (31, 46, 66)
[M::mem_pestat] low and high boundaries for computing mean and std.dev: (1, 136)
[M::mem_pestat] mean and std.dev: (48.13, 25.15)
[M::mem_pestat] low and high boundaries for proper pairs: (1, 171)
[M::mem_pestat] analyzing insert size distribution for orientation FR...
[M::mem_pestat] (25, 50, 75) percentile: (78, 91, 110)
[M::mem_pestat] low and high boundaries for computing mean and std.dev: (14, 174)
[M::mem_pestat] mean and std.dev: (95.84, 23.06)
[M::mem_pestat] low and high boundaries for proper pairs: (1, 206)
[M::mem_pestat] analyzing insert size distribution for orientation RF...
[M::mem_pestat] (25, 50, 75) percentile: (468, 592, 626)
[M::mem_pestat] low and high boundaries for computing mean and std.dev: (152, 942)
[M::mem_pestat] mean and std.dev: (549.77, 121.23)
[M::mem_pestat] low and high boundaries for proper pairs: (1, 1100)
[M::mem_pestat] analyzing insert size distribution for orientation RR...
[M::mem_pestat] (25, 50, 75) percentile: (37, 49, 69)
[M::mem_pestat] low and high boundaries for computing mean and std.dev: (1, 133)
[M::mem_pestat] mean and std.dev: (48.28, 20.90)
[M::mem_pestat] low and high boundaries for proper pairs: (1, 165)
[M::mem_pestat] skip orientation FF
[M::mem_pestat] skip orientation RF
[M::mem_pestat] skip orientation RR
[M::mem_pestat] # candidate unique pairs for (FF, FR, RF, RR): (2, 333777, 57, 2)
[M::mem_pestat] skip orientation FF as there are not enough pairs
[M::mem_pestat] analyzing insert size distribution for orientation FR...
[M::mem_pestat] (25, 50, 75) percentile: (81, 99, 126)
[M::mem_pestat] low and high boundaries for computing mean and std.dev: (1, 216)
[M::mem_pestat] mean and std.dev: (105.76, 32.34)
[M::mem_pestat] low and high boundaries for proper pairs: (1, 261)
[M::mem_pestat] analyzing insert size distribution for orientation RF...
[M::mem_pestat] (25, 50, 75) percentile: (522, 558, 623)
[M::mem_pestat] low and high boundaries for computing mean and std.dev: (320, 825)
[M::mem_pestat] mean and std.dev: (580.22, 37.21)
[M::mem_pestat] low and high boundaries for proper pairs: (219, 926)
[M::mem_pestat] skip orientation RR as there are not enough pairs
[M::mem_pestat] skip orientation RF
[M::mem_process_seqs] Processed 3412842 reads in 2874.059 CPU sec, 91.073 real sec
[M::process] read 3411800 sequences (320000051 bp)...
[M::mem_process_seqs] Processed 3300806 reads in 2542.625 CPU sec, 80.354 real sec
[M::process] read 3300118 sequences (320000003 bp)...
[M::mem_pestat] # candidate unique pairs for (FF, FR, RF, RR): (42, 608300, 32, 53)
[M::mem_pestat] analyzing insert size distribution for orientation FF...
[M::mem_pestat] (25, 50, 75) percentile: (36, 55, 92)
[M::mem_pestat] low and high boundaries for computing mean and std.dev: (1, 204)
[M::mem_pestat] mean and std.dev: (62.31, 37.20)
[M::mem_pestat] low and high boundaries for proper pairs: (1, 260)
[M::mem_pestat] analyzing insert size distribution for orientation FR...
[M::mem_pestat] (25, 50, 75) percentile: (79, 93, 114)
[M::mem_pestat] low and high boundaries for computing mean and std.dev: (9, 184)
[M::mem_pestat] mean and std.dev: (98.39, 25.02)
[M::mem_pestat] low and high boundaries for proper pairs: (1, 219)
[M::mem_pestat] analyzing insert size distribution for orientation RF...
[M::mem_pestat] (25, 50, 75) percentile: (340, 605, 627)
[M::mem_pestat] low and high boundaries for computing mean and std.dev: (1, 1201)
[M::mem_pestat] mean and std.dev: (462.76, 244.36)
[M::mem_pestat] low and high boundaries for proper pairs: (1, 1488)
[M::mem_pestat] analyzing insert size distribution for orientation RR...
[M::mem_pestat] (25, 50, 75) percentile: (40, 57, 89)
[M::mem_pestat] low and high boundaries for computing mean and std.dev: (1, 187)
[M::mem_pestat] mean and std.dev: (64.24, 30.46)
[M::mem_pestat] low and high boundaries for proper pairs: (1, 236)
[M::mem_pestat] skip orientation FF
[M::mem_pestat] skip orientation RF
[M::mem_pestat] skip orientation RR
[M::mem_process_seqs] Processed 3357056 reads in 3165.930 CPU sec, 101.207 real sec
[M::process] read 3346558 sequences (320000131 bp)...
[M::mem_pestat] # candidate unique pairs for (FF, FR, RF, RR): (35, 557829, 22, 39)
[M::mem_pestat] analyzing insert size distribution for orientation FF...
[M::mem_pestat] (25, 50, 75) percentile: (31, 45, 62)
[M::mem_pestat] low and high boundaries for computing mean and std.dev: (1, 124)
[M::mem_pestat] mean and std.dev: (47.00, 22.06)
[M::mem_pestat] low and high boundaries for proper pairs: (1, 155)
[M::mem_pestat] analyzing insert size distribution for orientation FR...
[M::mem_pestat] (25, 50, 75) percentile: (78, 91, 110)
[M::mem_pestat] low and high boundaries for computing mean and std.dev: (14, 174)
[M::mem_pestat] mean and std.dev: (95.86, 23.04)
[M::mem_pestat] low and high boundaries for proper pairs: (1, 206)
[M::mem_pestat] analyzing insert size distribution for orientation RF...
[M::mem_pestat] (25, 50, 75) percentile: (529, 593, 629)
[M::mem_pestat] low and high boundaries for computing mean and std.dev: (329, 829)
[M::mem_pestat] mean and std.dev: (589.56, 61.24)
[M::mem_pestat] low and high boundaries for proper pairs: (229, 929)
[M::mem_pestat] analyzing insert size distribution for orientation RR...
[M::mem_pestat] (25, 50, 75) percentile: (37, 53, 74)
[M::mem_pestat] low and high boundaries for computing mean and std.dev: (1, 148)
[M::mem_pestat] mean and std.dev: (59.82, 30.36)
[M::mem_pestat] low and high boundaries for proper pairs: (1, 185)
[M::mem_pestat] skip orientation FF
[M::mem_pestat] skip orientation RF
[M::mem_pestat] skip orientation RR
[M::mem_pestat] # candidate unique pairs for (FF, FR, RF, RR): (2, 331527, 66, 4)
[M::mem_pestat] skip orientation FF as there are not enough pairs
[M::mem_pestat] analyzing insert size distribution for orientation FR...
[M::mem_pestat] (25, 50, 75) percentile: (82, 99, 126)
[M::mem_pestat] low and high boundaries for computing mean and std.dev: (1, 214)
[M::mem_pestat] mean and std.dev: (105.57, 31.99)
[M::mem_pestat] low and high boundaries for proper pairs: (1, 258)
[M::mem_pestat] analyzing insert size distribution for orientation RF...
[M::mem_pestat] (25, 50, 75) percentile: (519, 562, 596)
[M::mem_pestat] low and high boundaries for computing mean and std.dev: (365, 750)
[M::mem_pestat] mean and std.dev: (571.33, 45.33)
[M::mem_pestat] low and high boundaries for proper pairs: (288, 827)
[M::mem_pestat] skip orientation RR as there are not enough pairs
[M::mem_pestat] skip orientation RF
[M::mem_process_seqs] Processed 3412164 reads in 2852.663 CPU sec, 90.367 real sec
[M::mem_process_seqs] Processed 3301006 reads in 2584.589 CPU sec, 81.471 real sec
[M::process] read 3410576 sequences (320000020 bp)...
[M::process] read 3302644 sequences (320000112 bp)...
[M::mem_pestat] # candidate unique pairs for (FF, FR, RF, RR): (57, 610777, 47, 78)
[M::mem_pestat] analyzing insert size distribution for orientation FF...
[M::mem_pestat] (25, 50, 75) percentile: (33, 52, 82)
[M::mem_pestat] low and high boundaries for computing mean and std.dev: (1, 180)
[M::mem_pestat] mean and std.dev: (58.18, 29.92)
[M::mem_pestat] low and high boundaries for proper pairs: (1, 229)
[M::mem_pestat] analyzing insert size distribution for orientation FR...
[M::mem_pestat] (25, 50, 75) percentile: (79, 94, 115)
[M::mem_pestat] low and high boundaries for computing mean and std.dev: (7, 187)
[M::mem_pestat] mean and std.dev: (99.24, 25.69)
[M::mem_pestat] low and high boundaries for proper pairs: (1, 223)
[M::mem_pestat] analyzing insert size distribution for orientation RF...
[M::mem_pestat] (25, 50, 75) percentile: (511, 581, 605)
[M::mem_pestat] low and high boundaries for computing mean and std.dev: (323, 793)
[M::mem_pestat] mean and std.dev: (592.06, 45.69)
[M::mem_pestat] low and high boundaries for proper pairs: (229, 887)
[M::mem_pestat] analyzing insert size distribution for orientation RR...
[M::mem_pestat] (25, 50, 75) percentile: (45, 57, 85)
[M::mem_pestat] low and high boundaries for computing mean and std.dev: (1, 165)
[M::mem_pestat] mean and std.dev: (64.61, 29.84)
[M::mem_pestat] low and high boundaries for proper pairs: (1, 205)
[M::mem_pestat] skip orientation FF
[M::mem_pestat] skip orientation RF
[M::mem_pestat] skip orientation RR
[M::mem_process_seqs] Processed 3343956 reads in 2898.603 CPU sec, 92.908 real sec
[M::mem_pestat] # candidate unique pairs for (FF, FR, RF, RR): (2, 332437, 51, 1)
[M::mem_pestat] skip orientation FF as there are not enough pairs
[M::mem_pestat] analyzing insert size distribution for orientation FR...
[M::mem_pestat] (25, 50, 75) percentile: (82, 99, 126)
[M::mem_pestat] low and high boundaries for computing mean and std.dev: (1, 214)
[M::mem_pestat] mean and std.dev: (105.59, 32.06)
[M::mem_pestat] low and high boundaries for proper pairs: (1, 258)
[M::mem_pestat] analyzing insert size distribution for orientation RF...
[M::mem_pestat] (25, 50, 75) percentile: (538, 582, 590)
[M::mem_pestat] low and high boundaries for computing mean and std.dev: (434, 694)
[M::mem_pestat] mean and std.dev: (578.65, 29.90)
[M::mem_pestat] low and high boundaries for proper pairs: (382, 746)
[M::mem_pestat] skip orientation RR as there are not enough pairs
[M::mem_pestat] skip orientation RF
[M::process] read 3342418 sequences (320000007 bp)...
[M::mem_pestat] # candidate unique pairs for (FF, FR, RF, RR): (42, 558513, 26, 47)
[M::mem_pestat] analyzing insert size distribution for orientation FF...
[M::mem_pestat] (25, 50, 75) percentile: (34, 48, 75)
[M::mem_pestat] low and high boundaries for computing mean and std.dev: (1, 157)
[M::mem_pestat] mean and std.dev: (49.26, 26.24)
[M::mem_pestat] low and high boundaries for proper pairs: (1, 198)
[M::mem_pestat] analyzing insert size distribution for orientation FR...
[M::mem_pestat] (25, 50, 75) percentile: (78, 91, 110)
[M::mem_pestat] low and high boundaries for computing mean and std.dev: (14, 174)
[M::mem_pestat] mean and std.dev: (95.90, 23.08)
[M::mem_pestat] low and high boundaries for proper pairs: (1, 206)
[M::mem_pestat] analyzing insert size distribution for orientation RF...
[M::mem_pestat] (25, 50, 75) percentile: (71, 585, 592)
[M::mem_pestat] low and high boundaries for computing mean and std.dev: (1, 1634)
[M::mem_pestat] mean and std.dev: (362.40, 266.42)
[M::mem_pestat] low and high boundaries for proper pairs: (1, 2155)
[M::mem_pestat] analyzing insert size distribution for orientation RR...
[M::mem_pestat] (25, 50, 75) percentile: (31, 46, 61)
[M::mem_pestat] low and high boundaries for computing mean and std.dev: (1, 121)
[M::mem_pestat] mean and std.dev: (45.56, 19.98)
[M::mem_pestat] low and high boundaries for proper pairs: (1, 151)
[M::mem_pestat] skip orientation FF
[M::mem_pestat] skip orientation RF
[M::mem_pestat] skip orientation RR
[M::mem_process_seqs] Processed 3300118 reads in 2517.809 CPU sec, 79.179 real sec
[M::mem_process_seqs] Processed 3411800 reads in 2843.783 CPU sec, 89.535 real sec
[M::process] read 3297384 sequences (320000092 bp)...
[M::process] read 3410400 sequences (320000157 bp)...
[M::mem_pestat] # candidate unique pairs for (FF, FR, RF, RR): (73, 611996, 33, 83)
[M::mem_pestat] analyzing insert size distribution for orientation FF...
[M::mem_pestat] (25, 50, 75) percentile: (43, 56, 83)
[M::mem_pestat] low and high boundaries for computing mean and std.dev: (1, 163)
[M::mem_pestat] mean and std.dev: (62.80, 30.92)
[M::mem_pestat] low and high boundaries for proper pairs: (1, 203)
[M::mem_pestat] analyzing insert size distribution for orientation FR...
[M::mem_pestat] (25, 50, 75) percentile: (79, 94, 115)
[M::mem_pestat] low and high boundaries for computing mean and std.dev: (7, 187)
[M::mem_pestat] mean and std.dev: (99.12, 25.67)
[M::mem_pestat] low and high boundaries for proper pairs: (1, 223)
[M::mem_pestat] analyzing insert size distribution for orientation RF...
[M::mem_pestat] (25, 50, 75) percentile: (551, 582, 605)
[M::mem_pestat] low and high boundaries for computing mean and std.dev: (443, 713)
[M::mem_pestat] mean and std.dev: (588.35, 18.49)
[M::mem_pestat] low and high boundaries for proper pairs: (389, 767)
[M::mem_pestat] analyzing insert size distribution for orientation RR...
[M::mem_pestat] (25, 50, 75) percentile: (34, 50, 85)
[M::mem_pestat] low and high boundaries for computing mean and std.dev: (1, 187)
[M::mem_pestat] mean and std.dev: (59.80, 34.00)
[M::mem_pestat] low and high boundaries for proper pairs: (1, 238)
[M::mem_pestat] skip orientation FF
[M::mem_pestat] skip orientation RF
[M::mem_pestat] skip orientation RR
[M::mem_process_seqs] Processed 3346558 reads in 2798.071 CPU sec, 88.897 real sec
[M::mem_pestat] # candidate unique pairs for (FF, FR, RF, RR): (3, 332584, 38, 1)
[M::mem_pestat] skip orientation FF as there are not enough pairs
[M::mem_pestat] analyzing insert size distribution for orientation FR...
[M::mem_pestat] (25, 50, 75) percentile: (81, 99, 125)
[M::mem_pestat] low and high boundaries for computing mean and std.dev: (1, 213)
[M::mem_pestat] mean and std.dev: (105.44, 31.91)
[M::mem_pestat] low and high boundaries for proper pairs: (1, 257)
[M::mem_pestat] analyzing insert size distribution for orientation RF...
[M::mem_pestat] (25, 50, 75) percentile: (546, 584, 626)
[M::mem_pestat] low and high boundaries for computing mean and std.dev: (386, 786)
[M::mem_pestat] mean and std.dev: (584.39, 35.95)
[M::mem_pestat] low and high boundaries for proper pairs: (306, 866)
[M::mem_pestat] skip orientation RR as there are not enough pairs
[M::mem_pestat] skip orientation RF
[M::mem_pestat] # candidate unique pairs for (FF, FR, RF, RR): (47, 558213, 24, 41)
[M::mem_pestat] analyzing insert size distribution for orientation FF...
[M::mem_pestat] (25, 50, 75) percentile: (35, 45, 61)
[M::mem_pestat] low and high boundaries for computing mean and std.dev: (1, 113)
[M::mem_pestat] mean and std.dev: (47.24, 18.41)
[M::mem_pestat] low and high boundaries for proper pairs: (1, 139)
[M::mem_pestat] analyzing insert size distribution for orientation FR...
[M::mem_pestat] (25, 50, 75) percentile: (78, 91, 111)
[M::mem_pestat] low and high boundaries for computing mean and std.dev: (12, 177)
[M::mem_pestat] mean and std.dev: (96.20, 23.47)
[M::mem_pestat] low and high boundaries for proper pairs: (1, 210)
[M::mem_pestat] analyzing insert size distribution for orientation RF...
[M::mem_pestat] (25, 50, 75) percentile: (299, 583, 634)
[M::mem_pestat] low and high boundaries for computing mean and std.dev: (1, 1304)
[M::mem_pestat] mean and std.dev: (461.81, 285.05)
[M::mem_pestat] low and high boundaries for proper pairs: (1, 1639)
[M::mem_pestat] analyzing insert size distribution for orientation RR...
[M::mem_pestat] (25, 50, 75) percentile: (34, 51, 77)
[M::mem_pestat] low and high boundaries for computing mean and std.dev: (1, 163)
[M::mem_pestat] mean and std.dev: (53.97, 28.20)
[M::mem_pestat] low and high boundaries for proper pairs: (1, 206)
[M::mem_pestat] skip orientation FF
[M::mem_pestat] skip orientation RF
[M::mem_pestat] skip orientation RR
[M::process] read 3344640 sequences (320000022 bp)...
[M::mem_process_seqs] Processed 3302644 reads in 2637.944 CPU sec, 83.420 real sec
[M::process] read 3299332 sequences (320000204 bp)...
[M::mem_process_seqs] Processed 3410576 reads in 2884.371 CPU sec, 91.235 real sec
[M::process] read 3407208 sequences (320000014 bp)...
[M::mem_pestat] # candidate unique pairs for (FF, FR, RF, RR): (73, 610399, 37, 91)
[M::mem_pestat] analyzing insert size distribution for orientation FF...
[M::mem_pestat] (25, 50, 75) percentile: (40, 55, 83)
[M::mem_pestat] low and high boundaries for computing mean and std.dev: (1, 169)
[M::mem_pestat] mean and std.dev: (59.34, 29.45)
[M::mem_pestat] low and high boundaries for proper pairs: (1, 212)
[M::mem_pestat] analyzing insert size distribution for orientation FR...
[M::mem_pestat] (25, 50, 75) percentile: (79, 94, 115)
[M::mem_pestat] low and high boundaries for computing mean and std.dev: (7, 187)
[M::mem_pestat] mean and std.dev: (99.29, 25.71)
[M::mem_pestat] low and high boundaries for proper pairs: (1, 223)
[M::mem_pestat] analyzing insert size distribution for orientation RF...
[M::mem_pestat] (25, 50, 75) percentile: (516, 581, 626)
[M::mem_pestat] low and high boundaries for computing mean and std.dev: (296, 846)
[M::mem_pestat] mean and std.dev: (591.48, 57.54)
[M::mem_pestat] low and high boundaries for proper pairs: (186, 956)
[M::mem_pestat] analyzing insert size distribution for orientation RR...
[M::mem_pestat] (25, 50, 75) percentile: (40, 54, 85)
[M::mem_pestat] low and high boundaries for computing mean and std.dev: (1, 175)
[M::mem_pestat] mean and std.dev: (62.66, 34.21)
[M::mem_pestat] low and high boundaries for proper pairs: (1, 220)
[M::mem_pestat] skip orientation FF
[M::mem_pestat] skip orientation RF
[M::mem_pestat] skip orientation RR
[M::mem_pestat] # candidate unique pairs for (FF, FR, RF, RR): (0, 331812, 58, 2)
[M::mem_pestat] skip orientation FF as there are not enough pairs
[M::mem_pestat] analyzing insert size distribution for orientation FR...
[M::mem_pestat] (25, 50, 75) percentile: (82, 99, 126)
[M::mem_pestat] low and high boundaries for computing mean and std.dev: (1, 214)
[M::mem_pestat] mean and std.dev: (105.81, 32.15)
[M::mem_pestat] low and high boundaries for proper pairs: (1, 258)
[M::mem_pestat] analyzing insert size distribution for orientation RF...
[M::mem_pestat] (25, 50, 75) percentile: (537, 576, 605)
[M::mem_pestat] low and high boundaries for computing mean and std.dev: (401, 741)
[M::mem_pestat] mean and std.dev: (576.36, 33.25)
[M::mem_pestat] low and high boundaries for proper pairs: (333, 809)
[M::mem_pestat] skip orientation RR as there are not enough pairs
[M::mem_pestat] skip orientation RF
[M::mem_process_seqs] Processed 3342418 reads in 2853.391 CPU sec, 90.526 real sec
[M::mem_process_seqs] Processed 3297384 reads in 2531.505 CPU sec, 80.098 real sec
[M::process] read 3346896 sequences (320000128 bp)...
[M::mem_pestat] # candidate unique pairs for (FF, FR, RF, RR): (34, 557660, 20, 48)
[M::mem_pestat] analyzing insert size distribution for orientation FF...
[M::mem_pestat] (25, 50, 75) percentile: (34, 49, 65)
[M::mem_pestat] low and high boundaries for computing mean and std.dev: (1, 127)
[M::mem_pestat] mean and std.dev: (48.65, 23.22)
[M::mem_pestat] low and high boundaries for proper pairs: (1, 158)
[M::mem_pestat] analyzing insert size distribution for orientation FR...
[M::mem_pestat] (25, 50, 75) percentile: (78, 91, 110)
[M::mem_pestat] low and high boundaries for computing mean and std.dev: (14, 174)
[M::mem_pestat] mean and std.dev: (95.91, 23.08)
[M::mem_pestat] low and high boundaries for proper pairs: (1, 206)
[M::mem_pestat] analyzing insert size distribution for orientation RF...
[M::mem_pestat] (25, 50, 75) percentile: (590, 626, 634)
[M::mem_pestat] low and high boundaries for computing mean and std.dev: (502, 722)
[M::mem_pestat] mean and std.dev: (615.67, 16.89)
[M::mem_pestat] low and high boundaries for proper pairs: (458, 766)
[M::mem_pestat] analyzing insert size distribution for orientation RR...
[M::mem_pestat] (25, 50, 75) percentile: (32, 50, 71)
[M::mem_pestat] low and high boundaries for computing mean and std.dev: (1, 149)
[M::mem_pestat] mean and std.dev: (52.24, 27.25)
[M::mem_pestat] low and high boundaries for proper pairs: (1, 188)
[M::mem_pestat] skip orientation FF
[M::mem_pestat] skip orientation RF
[M::mem_pestat] skip orientation RR
[M::process] read 3299944 sequences (320000131 bp)...
[M::mem_process_seqs] Processed 3410400 reads in 2976.906 CPU sec, 94.541 real sec
[M::process] read 3410562 sequences (320000124 bp)...
[M::mem_pestat] # candidate unique pairs for (FF, FR, RF, RR): (3, 330852, 61, 6)
[M::mem_pestat] skip orientation FF as there are not enough pairs
[M::mem_pestat] analyzing insert size distribution for orientation FR...
[M::mem_pestat] (25, 50, 75) percentile: (82, 99, 126)
[M::mem_pestat] low and high boundaries for computing mean and std.dev: (1, 214)
[M::mem_pestat] mean and std.dev: (105.70, 32.12)
[M::mem_pestat] low and high boundaries for proper pairs: (1, 258)
[M::mem_pestat] analyzing insert size distribution for orientation RF...
[M::mem_pestat] (25, 50, 75) percentile: (531, 566, 594)
[M::mem_pestat] low and high boundaries for computing mean and std.dev: (405, 720)
[M::mem_pestat] mean and std.dev: (574.11, 32.48)
[M::mem_pestat] low and high boundaries for proper pairs: (342, 783)
[M::mem_pestat] skip orientation RR as there are not enough pairs
[M::mem_pestat] skip orientation RF
[M::mem_pestat] # candidate unique pairs for (FF, FR, RF, RR): (65, 611308, 24, 72)
[M::mem_pestat] analyzing insert size distribution for orientation FF...
[M::mem_pestat] (25, 50, 75) percentile: (39, 57, 91)
[M::mem_pestat] low and high boundaries for computing mean and std.dev: (1, 195)
[M::mem_pestat] mean and std.dev: (61.17, 30.16)
[M::mem_pestat] low and high boundaries for proper pairs: (1, 247)
[M::mem_pestat] analyzing insert size distribution for orientation FR...
[M::mem_pestat] (25, 50, 75) percentile: (79, 94, 115)
[M::mem_pestat] low and high boundaries for computing mean and std.dev: (7, 187)
[M::mem_pestat] mean and std.dev: (99.18, 25.68)
[M::mem_pestat] low and high boundaries for proper pairs: (1, 223)
[M::mem_pestat] analyzing insert size distribution for orientation RF...
[M::mem_pestat] (25, 50, 75) percentile: (542, 585, 629)
[M::mem_pestat] low and high boundaries for computing mean and std.dev: (368, 803)
[M::mem_pestat] mean and std.dev: (598.94, 58.30)
[M::mem_pestat] low and high boundaries for proper pairs: (281, 890)
[M::mem_pestat] analyzing insert size distribution for orientation RR...
[M::mem_pestat] (25, 50, 75) percentile: (36, 58, 80)
[M::mem_pestat] low and high boundaries for computing mean and std.dev: (1, 168)
[M::mem_pestat] mean and std.dev: (59.28, 28.02)
[M::mem_pestat] low and high boundaries for proper pairs: (1, 212)
[M::mem_pestat] skip orientation FF
[M::mem_pestat] skip orientation RF
[M::mem_pestat] skip orientation RR
[M::mem_process_seqs] Processed 3344640 reads in 2806.082 CPU sec, 90.426 real sec
[M::mem_process_seqs] Processed 3299332 reads in 2558.212 CPU sec, 80.585 real sec
[M::process] read 3302486 sequences (320000063 bp)...
[M::process] read 3346096 sequences (320000193 bp)...
[M::mem_pestat] # candidate unique pairs for (FF, FR, RF, RR): (30, 558461, 19, 53)
[M::mem_pestat] analyzing insert size distribution for orientation FF...
[M::mem_pestat] (25, 50, 75) percentile: (28, 41, 61)
[M::mem_pestat] low and high boundaries for computing mean and std.dev: (1, 127)
[M::mem_pestat] mean and std.dev: (44.93, 18.83)
[M::mem_pestat] low and high boundaries for proper pairs: (1, 160)
[M::mem_pestat] analyzing insert size distribution for orientation FR...
[M::mem_pestat] (25, 50, 75) percentile: (78, 91, 111)
[M::mem_pestat] low and high boundaries for computing mean and std.dev: (12, 177)
[M::mem_pestat] mean and std.dev: (96.30, 23.52)
[M::mem_pestat] low and high boundaries for proper pairs: (1, 210)
[M::mem_pestat] analyzing insert size distribution for orientation RF...
[M::mem_pestat] (25, 50, 75) percentile: (583, 619, 631)
[M::mem_pestat] low and high boundaries for computing mean and std.dev: (487, 727)
[M::mem_pestat] mean and std.dev: (609.17, 23.49)
[M::mem_pestat] low and high boundaries for proper pairs: (439, 775)
[M::mem_pestat] analyzing insert size distribution for orientation RR...
[M::mem_pestat] (25, 50, 75) percentile: (28, 47, 74)
[M::mem_pestat] low and high boundaries for computing mean and std.dev: (1, 166)
[M::mem_pestat] mean and std.dev: (54.00, 29.08)
[M::mem_pestat] low and high boundaries for proper pairs: (1, 212)
[M::mem_pestat] skip orientation FF
[M::mem_pestat] skip orientation RF
[M::mem_pestat] skip orientation RR
[M::mem_process_seqs] Processed 3407208 reads in 2827.368 CPU sec, 89.451 real sec
[M::process] read 3408170 sequences (320000077 bp)...
[M::mem_pestat] # candidate unique pairs for (FF, FR, RF, RR): (3, 331572, 55, 1)
[M::mem_pestat] skip orientation FF as there are not enough pairs
[M::mem_pestat] analyzing insert size distribution for orientation FR...
[M::mem_pestat] (25, 50, 75) percentile: (81, 99, 126)
[M::mem_pestat] low and high boundaries for computing mean and std.dev: (1, 216)
[M::mem_pestat] mean and std.dev: (105.73, 32.26)
[M::mem_pestat] low and high boundaries for proper pairs: (1, 261)
[M::mem_pestat] analyzing insert size distribution for orientation RF...
[M::mem_pestat] (25, 50, 75) percentile: (233, 554, 594)
[M::mem_pestat] low and high boundaries for computing mean and std.dev: (1, 1316)
[M::mem_pestat] mean and std.dev: (448.26, 193.35)
[M::mem_pestat] low and high boundaries for proper pairs: (1, 1677)
[M::mem_pestat] skip orientation RR as there are not enough pairs
[M::mem_pestat] skip orientation RF
[M::mem_pestat] # candidate unique pairs for (FF, FR, RF, RR): (65, 610022, 41, 84)
[M::mem_pestat] analyzing insert size distribution for orientation FF...
[M::mem_pestat] (25, 50, 75) percentile: (33, 48, 83)
[M::mem_pestat] low and high boundaries for computing mean and std.dev: (1, 183)
[M::mem_pestat] mean and std.dev: (55.98, 27.31)
[M::mem_pestat] low and high boundaries for proper pairs: (1, 233)
[M::mem_pestat] analyzing insert size distribution for orientation FR...
[M::mem_pestat] (25, 50, 75) percentile: (79, 94, 115)
[M::mem_pestat] low and high boundaries for computing mean and std.dev: (7, 187)
[M::mem_pestat] mean and std.dev: (99.14, 25.65)
[M::mem_pestat] low and high boundaries for proper pairs: (1, 223)
[M::mem_pestat] analyzing insert size distribution for orientation RF...
[M::mem_pestat] (25, 50, 75) percentile: (539, 587, 630)
[M::mem_pestat] low and high boundaries for computing mean and std.dev: (357, 812)
[M::mem_pestat] mean and std.dev: (591.44, 45.57)
[M::mem_pestat] low and high boundaries for proper pairs: (266, 903)
[M::mem_pestat] analyzing insert size distribution for orientation RR...
[M::mem_pestat] (25, 50, 75) percentile: (34, 53, 78)
[M::mem_pestat] low and high boundaries for computing mean and std.dev: (1, 166)
[M::mem_pestat] mean and std.dev: (55.21, 26.32)
[M::mem_pestat] low and high boundaries for proper pairs: (1, 210)
[M::mem_pestat] skip orientation FF
[M::mem_pestat] skip orientation RF
[M::mem_pestat] skip orientation RR
[M::mem_process_seqs] Processed 3299944 reads in 2816.349 CPU sec, 88.926 real sec
[M::mem_process_seqs] Processed 3346896 reads in 2813.494 CPU sec, 89.731 real sec
[M::process] read 3302056 sequences (320000005 bp)...
[M::process] read 3344632 sequences (320000065 bp)...
[M::mem_pestat] # candidate unique pairs for (FF, FR, RF, RR): (45, 558141, 22, 48)
[M::mem_pestat] analyzing insert size distribution for orientation FF...
[M::mem_pestat] (25, 50, 75) percentile: (29, 42, 89)
[M::mem_pestat] low and high boundaries for computing mean and std.dev: (1, 209)
[M::mem_pestat] mean and std.dev: (47.67, 25.59)
[M::mem_pestat] low and high boundaries for proper pairs: (1, 269)
[M::mem_pestat] analyzing insert size distribution for orientation FR...
[M::mem_pestat] (25, 50, 75) percentile: (78, 91, 110)
[M::mem_pestat] low and high boundaries for computing mean and std.dev: (14, 174)
[M::mem_pestat] mean and std.dev: (95.92, 23.11)
[M::mem_pestat] low and high boundaries for proper pairs: (1, 206)
[M::mem_pestat] analyzing insert size distribution for orientation RF...
[M::mem_pestat] (25, 50, 75) percentile: (162, 581, 626)
[M::mem_pestat] low and high boundaries for computing mean and std.dev: (1, 1554)
[M::mem_pestat] mean and std.dev: (420.85, 244.18)
[M::mem_pestat] low and high boundaries for proper pairs: (1, 2018)
[M::mem_pestat] analyzing insert size distribution for orientation RR...
[M::mem_pestat] (25, 50, 75) percentile: (34, 42, 55)
[M::mem_pestat] low and high boundaries for computing mean and std.dev: (1, 97)
[M::mem_pestat] mean and std.dev: (42.78, 16.47)
[M::mem_pestat] low and high boundaries for proper pairs: (1, 118)
[M::mem_pestat] skip orientation FF
[M::mem_pestat] skip orientation RF
[M::mem_pestat] skip orientation RR
[M::mem_process_seqs] Processed 3410562 reads in 2850.759 CPU sec, 89.920 real sec
[M::process] read 3410002 sequences (320000119 bp)...
[M::mem_pestat] # candidate unique pairs for (FF, FR, RF, RR): (1, 333975, 47, 2)
[M::mem_pestat] skip orientation FF as there are not enough pairs
[M::mem_pestat] analyzing insert size distribution for orientation FR...
[M::mem_pestat] (25, 50, 75) percentile: (81, 99, 125)
[M::mem_pestat] low and high boundaries for computing mean and std.dev: (1, 213)
[M::mem_pestat] mean and std.dev: (105.31, 31.80)
[M::mem_pestat] low and high boundaries for proper pairs: (1, 257)
[M::mem_pestat] analyzing insert size distribution for orientation RF...
[M::mem_pestat] (25, 50, 75) percentile: (518, 573, 590)
[M::mem_pestat] low and high boundaries for computing mean and std.dev: (374, 734)
[M::mem_pestat] mean and std.dev: (574.61, 34.05)
[M::mem_pestat] low and high boundaries for proper pairs: (302, 806)
[M::mem_pestat] skip orientation RR as there are not enough pairs
[M::mem_pestat] skip orientation RF
[M::mem_pestat] # candidate unique pairs for (FF, FR, RF, RR): (55, 611007, 29, 88)
[M::mem_pestat] analyzing insert size distribution for orientation FF...
[M::mem_pestat] (25, 50, 75) percentile: (26, 46, 66)
[M::mem_pestat] low and high boundaries for computing mean and std.dev: (1, 146)
[M::mem_pestat] mean and std.dev: (51.16, 28.49)
[M::mem_pestat] low and high boundaries for proper pairs: (1, 186)
[M::mem_pestat] analyzing insert size distribution for orientation FR...
[M::mem_pestat] (25, 50, 75) percentile: (79, 94, 115)
[M::mem_pestat] low and high boundaries for computing mean and std.dev: (7, 187)
[M::mem_pestat] mean and std.dev: (99.15, 25.63)
[M::mem_pestat] low and high boundaries for proper pairs: (1, 223)
[M::mem_pestat] analyzing insert size distribution for orientation RF...
[M::mem_pestat] (25, 50, 75) percentile: (549, 587, 616)
[M::mem_pestat] low and high boundaries for computing mean and std.dev: (415, 750)
[M::mem_pestat] mean and std.dev: (592.64, 29.56)
[M::mem_pestat] low and high boundaries for proper pairs: (348, 817)
[M::mem_pestat] analyzing insert size distribution for orientation RR...
[M::mem_pestat] (25, 50, 75) percentile: (38, 50, 86)
[M::mem_pestat] low and high boundaries for computing mean and std.dev: (1, 182)
[M::mem_pestat] mean and std.dev: (63.07, 37.77)
[M::mem_pestat] low and high boundaries for proper pairs: (1, 230)
[M::mem_pestat] skip orientation FF
[M::mem_pestat] skip orientation RF
[M::mem_pestat] skip orientation RR
[M::mem_process_seqs] Processed 3302486 reads in 2670.863 CPU sec, 84.861 real sec
[M::mem_process_seqs] Processed 3346096 reads in 2954.421 CPU sec, 94.124 real sec
[M::process] read 3301584 sequences (320000173 bp)...
[M::process] read 3346522 sequences (320000148 bp)...
[M::mem_pestat] # candidate unique pairs for (FF, FR, RF, RR): (37, 558113, 24, 53)
[M::mem_pestat] analyzing insert size distribution for orientation FF...
[M::mem_pestat] (25, 50, 75) percentile: (29, 40, 66)
[M::mem_pestat] low and high boundaries for computing mean and std.dev: (1, 140)
[M::mem_pestat] mean and std.dev: (44.38, 20.77)
[M::mem_pestat] low and high boundaries for proper pairs: (1, 177)
[M::mem_pestat] analyzing insert size distribution for orientation FR...
[M::mem_pestat] (25, 50, 75) percentile: (78, 91, 111)
[M::mem_pestat] low and high boundaries for computing mean and std.dev: (12, 177)
[M::mem_pestat] mean and std.dev: (96.17, 23.44)
[M::mem_pestat] low and high boundaries for proper pairs: (1, 210)
[M::mem_pestat] analyzing insert size distribution for orientation RF...
[M::mem_pestat] (25, 50, 75) percentile: (186, 573, 627)
[M::mem_pestat] low and high boundaries for computing mean and std.dev: (1, 1509)
[M::mem_pestat] mean and std.dev: (414.86, 219.94)
[M::mem_pestat] low and high boundaries for proper pairs: (1, 1950)
[M::mem_pestat] analyzing insert size distribution for orientation RR...
[M::mem_pestat] (25, 50, 75) percentile: (36, 50, 81)
[M::mem_pestat] low and high boundaries for computing mean and std.dev: (1, 171)
[M::mem_pestat] mean and std.dev: (55.08, 29.16)
[M::mem_pestat] low and high boundaries for proper pairs: (1, 216)
[M::mem_pestat] skip orientation FF
[M::mem_pestat] skip orientation RF
[M::mem_pestat] skip orientation RR
[M::mem_process_seqs] Processed 3408170 reads in 2853.666 CPU sec, 89.817 real sec
[M::process] read 3408964 sequences (320000044 bp)...
[M::mem_pestat] # candidate unique pairs for (FF, FR, RF, RR): (0, 332619, 44, 4)
[M::mem_pestat] skip orientation FF as there are not enough pairs
[M::mem_pestat] analyzing insert size distribution for orientation FR...
[M::mem_pestat] (25, 50, 75) percentile: (82, 99, 125)
[M::mem_pestat] low and high boundaries for computing mean and std.dev: (1, 211)
[M::mem_pestat] mean and std.dev: (105.42, 31.63)
[M::mem_pestat] low and high boundaries for proper pairs: (1, 254)
[M::mem_pestat] analyzing insert size distribution for orientation RF...
[M::mem_pestat] (25, 50, 75) percentile: (177, 559, 594)
[M::mem_pestat] low and high boundaries for computing mean and std.dev: (1, 1428)
[M::mem_pestat] mean and std.dev: (438.25, 201.52)
[M::mem_pestat] low and high boundaries for proper pairs: (1, 1845)
[M::mem_pestat] skip orientation RR as there are not enough pairs
[M::mem_pestat] skip orientation RF
[M::mem_pestat] # candidate unique pairs for (FF, FR, RF, RR): (68, 610128, 25, 79)
[M::mem_pestat] analyzing insert size distribution for orientation FF...
[M::mem_pestat] (25, 50, 75) percentile: (33, 48, 75)
[M::mem_pestat] low and high boundaries for computing mean and std.dev: (1, 159)
[M::mem_pestat] mean and std.dev: (54.15, 28.86)
[M::mem_pestat] low and high boundaries for proper pairs: (1, 201)
[M::mem_pestat] analyzing insert size distribution for orientation FR...
[M::mem_pestat] (25, 50, 75) percentile: (79, 94, 115)
[M::mem_pestat] low and high boundaries for computing mean and std.dev: (7, 187)
[M::mem_pestat] mean and std.dev: (99.21, 25.70)
[M::mem_pestat] low and high boundaries for proper pairs: (1, 223)
[M::mem_pestat] analyzing insert size distribution for orientation RF...
[M::mem_pestat] (25, 50, 75) percentile: (551, 581, 626)
[M::mem_pestat] low and high boundaries for computing mean and std.dev: (401, 776)
[M::mem_pestat] mean and std.dev: (583.00, 31.05)
[M::mem_pestat] low and high boundaries for proper pairs: (326, 851)
[M::mem_pestat] analyzing insert size distribution for orientation RR...
[M::mem_pestat] (25, 50, 75) percentile: (39, 57, 89)
[M::mem_pestat] low and high boundaries for computing mean and std.dev: (1, 189)
[M::mem_pestat] mean and std.dev: (64.63, 33.00)
[M::mem_pestat] low and high boundaries for proper pairs: (1, 239)
[M::mem_pestat] skip orientation FF
[M::mem_pestat] skip orientation RF
[M::mem_pestat] skip orientation RR
[M::mem_process_seqs] Processed 3302056 reads in 2737.212 CPU sec, 86.684 real sec
[M::process] read 3298946 sequences (320000117 bp)...
[M::mem_process_seqs] Processed 3344632 reads in 2821.897 CPU sec, 90.256 real sec
[M::mem_pestat] # candidate unique pairs for (FF, FR, RF, RR): (39, 558561, 25, 73)
[M::mem_pestat] analyzing insert size distribution for orientation FF...
[M::mem_pestat] (25, 50, 75) percentile: (36, 51, 63)
[M::mem_pestat] low and high boundaries for computing mean and std.dev: (1, 117)
[M::mem_pestat] mean and std.dev: (51.24, 22.06)
[M::mem_pestat] low and high boundaries for proper pairs: (1, 144)
[M::mem_pestat] analyzing insert size distribution for orientation FR...
[M::mem_pestat] (25, 50, 75) percentile: (78, 91, 110)
[M::mem_pestat] low and high boundaries for computing mean and std.dev: (14, 174)
[M::mem_pestat] mean and std.dev: (95.93, 23.12)
[M::mem_pestat] low and high boundaries for proper pairs: (1, 206)
[M::mem_pestat] analyzing insert size distribution for orientation RF...
[M::mem_pestat] (25, 50, 75) percentile: (585, 593, 897)
[M::mem_pestat] low and high boundaries for computing mean and std.dev: (1, 1521)
[M::mem_pestat] mean and std.dev: (525.65, 221.06)
[M::mem_pestat] low and high boundaries for proper pairs: (1, 1833)
[M::mem_pestat] analyzing insert size distribution for orientation RR...
[M::mem_pestat] (25, 50, 75) percentile: (36, 47, 67)
[M::mem_pestat] low and high boundaries for computing mean and std.dev: (1, 129)
[M::mem_pestat] mean and std.dev: (51.04, 23.18)
[M::mem_pestat] low and high boundaries for proper pairs: (1, 160)
[M::mem_pestat] skip orientation FF
[M::mem_pestat] skip orientation RF
[M::mem_pestat] skip orientation RR
[M::process] read 3353432 sequences (320000000 bp)...
[M::mem_process_seqs] Processed 3410002 reads in 2779.948 CPU sec, 87.732 real sec
[M::process] read 3418194 sequences (320000045 bp)...
[M::mem_pestat] # candidate unique pairs for (FF, FR, RF, RR): (2, 331881, 52, 4)
[M::mem_pestat] skip orientation FF as there are not enough pairs
[M::mem_pestat] analyzing insert size distribution for orientation FR...
[M::mem_pestat] (25, 50, 75) percentile: (82, 99, 125)
[M::mem_pestat] low and high boundaries for computing mean and std.dev: (1, 211)
[M::mem_pestat] mean and std.dev: (105.34, 31.63)
[M::mem_pestat] low and high boundaries for proper pairs: (1, 254)
[M::mem_pestat] analyzing insert size distribution for orientation RF...
[M::mem_pestat] (25, 50, 75) percentile: (539, 585, 594)
[M::mem_pestat] low and high boundaries for computing mean and std.dev: (429, 704)
[M::mem_pestat] mean and std.dev: (577.60, 28.47)
[M::mem_pestat] low and high boundaries for proper pairs: (374, 759)
[M::mem_pestat] skip orientation RR as there are not enough pairs
[M::mem_pestat] skip orientation RF
[M::mem_process_seqs] Processed 3301584 reads in 2709.802 CPU sec, 85.245 real sec
[M::mem_pestat] # candidate unique pairs for (FF, FR, RF, RR): (53, 610248, 29, 71)
[M::mem_pestat] analyzing insert size distribution for orientation FF...
[M::mem_pestat] (25, 50, 75) percentile: (37, 52, 75)
[M::mem_pestat] low and high boundaries for computing mean and std.dev: (1, 151)
[M::mem_pestat] mean and std.dev: (52.23, 27.06)
[M::mem_pestat] low and high boundaries for proper pairs: (1, 189)
[M::mem_pestat] analyzing insert size distribution for orientation FR...
[M::mem_pestat] (25, 50, 75) percentile: (79, 94, 115)
[M::mem_pestat] low and high boundaries for computing mean and std.dev: (7, 187)
[M::mem_pestat] mean and std.dev: (99.12, 25.63)
[M::mem_pestat] low and high boundaries for proper pairs: (1, 223)
[M::mem_pestat] analyzing insert size distribution for orientation RF...
[M::mem_pestat] (25, 50, 75) percentile: (546, 582, 626)
[M::mem_pestat] low and high boundaries for computing mean and std.dev: (386, 786)
[M::mem_pestat] mean and std.dev: (576.85, 31.45)
[M::mem_pestat] low and high boundaries for proper pairs: (306, 866)
[M::mem_pestat] analyzing insert size distribution for orientation RR...
[M::mem_pestat] (25, 50, 75) percentile: (40, 55, 79)
[M::mem_pestat] low and high boundaries for computing mean and std.dev: (1, 157)
[M::mem_pestat] mean and std.dev: (61.22, 29.00)
[M::mem_pestat] low and high boundaries for proper pairs: (1, 196)
[M::mem_pestat] skip orientation FF
[M::mem_pestat] skip orientation RF
[M::mem_pestat] skip orientation RR
[M::process] read 3299388 sequences (320000008 bp)...
[M::mem_process_seqs] Processed 3346522 reads in 2885.521 CPU sec, 91.419 real sec
[M::mem_pestat] # candidate unique pairs for (FF, FR, RF, RR): (41, 557833, 35, 48)
[M::mem_pestat] analyzing insert size distribution for orientation FF...
[M::mem_pestat] (25, 50, 75) percentile: (29, 39, 78)
[M::mem_pestat] low and high boundaries for computing mean and std.dev: (1, 176)
[M::mem_pestat] mean and std.dev: (47.13, 24.89)
[M::mem_pestat] low and high boundaries for proper pairs: (1, 225)
[M::mem_pestat] analyzing insert size distribution for orientation FR...
[M::mem_pestat] (25, 50, 75) percentile: (78, 91, 111)
[M::mem_pestat] low and high boundaries for computing mean and std.dev: (12, 177)
[M::mem_pestat] mean and std.dev: (96.16, 23.40)
[M::mem_pestat] low and high boundaries for proper pairs: (1, 210)
[M::mem_pestat] analyzing insert size distribution for orientation RF...
[M::mem_pestat] (25, 50, 75) percentile: (303, 583, 634)
[M::mem_pestat] low and high boundaries for computing mean and std.dev: (1, 1296)
[M::mem_pestat] mean and std.dev: (403.64, 238.16)
[M::mem_pestat] low and high boundaries for proper pairs: (1, 1627)
[M::mem_pestat] analyzing insert size distribution for orientation RR...
[M::mem_pestat] (25, 50, 75) percentile: (27, 52, 81)
[M::mem_pestat] low and high boundaries for computing mean and std.dev: (1, 189)
[M::mem_pestat] mean and std.dev: (54.60, 28.83)
[M::mem_pestat] low and high boundaries for proper pairs: (1, 243)
[M::mem_pestat] skip orientation FF
[M::mem_pestat] skip orientation RF
[M::mem_pestat] skip orientation RR
[M::process] read 3354214 sequences (320000074 bp)...
[M::mem_process_seqs] Processed 3408964 reads in 2920.772 CPU sec, 92.391 real sec
[M::process] read 2219704 sequences (207106593 bp)...
[M::mem_pestat] # candidate unique pairs for (FF, FR, RF, RR): (0, 332766, 64, 0)
[M::mem_pestat] skip orientation FF as there are not enough pairs
[M::mem_pestat] analyzing insert size distribution for orientation FR...
[M::mem_pestat] (25, 50, 75) percentile: (82, 99, 126)
[M::mem_pestat] low and high boundaries for computing mean and std.dev: (1, 214)
[M::mem_pestat] mean and std.dev: (105.69, 32.10)
[M::mem_pestat] low and high boundaries for proper pairs: (1, 258)
[M::mem_pestat] analyzing insert size distribution for orientation RF...
[M::mem_pestat] (25, 50, 75) percentile: (542, 583, 593)
[M::mem_pestat] low and high boundaries for computing mean and std.dev: (440, 695)
[M::mem_pestat] mean and std.dev: (577.12, 29.31)
[M::mem_pestat] low and high boundaries for proper pairs: (389, 746)
[M::mem_pestat] skip orientation RR as there are not enough pairs
[M::mem_pestat] skip orientation RF
[M::mem_process_seqs] Processed 3298946 reads in 2694.366 CPU sec, 85.203 real sec
[M::mem_pestat] # candidate unique pairs for (FF, FR, RF, RR): (52, 609081, 46, 68)
[M::mem_pestat] analyzing insert size distribution for orientation FF...
[M::mem_pestat] (25, 50, 75) percentile: (28, 49, 70)
[M::mem_pestat] low and high boundaries for computing mean and std.dev: (1, 154)
[M::mem_pestat] mean and std.dev: (53.41, 30.50)
[M::mem_pestat] low and high boundaries for proper pairs: (1, 196)
[M::mem_pestat] analyzing insert size distribution for orientation FR...
[M::mem_pestat] (25, 50, 75) percentile: (79, 93, 114)
[M::mem_pestat] low and high boundaries for computing mean and std.dev: (9, 184)
[M::mem_pestat] mean and std.dev: (98.62, 25.20)
[M::mem_pestat] low and high boundaries for proper pairs: (1, 219)
[M::mem_pestat] analyzing insert size distribution for orientation RF...
[M::mem_pestat] (25, 50, 75) percentile: (174, 573, 601)
[M::mem_pestat] low and high boundaries for computing mean and std.dev: (1, 1455)
[M::mem_pestat] mean and std.dev: (429.47, 256.16)
[M::mem_pestat] low and high boundaries for proper pairs: (1, 1882)
[M::mem_pestat] analyzing insert size distribution for orientation RR...
[M::mem_pestat] (25, 50, 75) percentile: (38, 57, 82)
[M::mem_pestat] low and high boundaries for computing mean and std.dev: (1, 170)
[M::mem_pestat] mean and std.dev: (60.76, 33.21)
[M::mem_pestat] low and high boundaries for proper pairs: (1, 214)
[M::mem_pestat] skip orientation FF
[M::mem_pestat] skip orientation RF
[M::mem_pestat] skip orientation RR
[M::process] read 3302504 sequences (320000050 bp)...
[M::mem_process_seqs] Processed 3353432 reads in 2946.080 CPU sec, 93.674 real sec
[M::mem_pestat] # candidate unique pairs for (FF, FR, RF, RR): (53, 556648, 23, 39)
[M::mem_pestat] analyzing insert size distribution for orientation FF...
[M::mem_pestat] (25, 50, 75) percentile: (31, 46, 65)
[M::mem_pestat] low and high boundaries for computing mean and std.dev: (1, 133)
[M::mem_pestat] mean and std.dev: (48.86, 24.69)
[M::mem_pestat] low and high boundaries for proper pairs: (1, 167)
[M::mem_pestat] analyzing insert size distribution for orientation FR...
[M::mem_pestat] (25, 50, 75) percentile: (78, 91, 110)
[M::mem_pestat] low and high boundaries for computing mean and std.dev: (14, 174)
[M::mem_pestat] mean and std.dev: (95.67, 22.98)
[M::mem_pestat] low and high boundaries for proper pairs: (1, 206)
[M::mem_pestat] analyzing insert size distribution for orientation RF...
[M::mem_pestat] (25, 50, 75) percentile: (154, 615, 629)
[M::mem_pestat] low and high boundaries for computing mean and std.dev: (1, 1579)
[M::mem_pestat] mean and std.dev: (418.55, 262.75)
[M::mem_pestat] low and high boundaries for proper pairs: (1, 2054)
[M::mem_pestat] analyzing insert size distribution for orientation RR...
[M::mem_pestat] (25, 50, 75) percentile: (36, 50, 77)
[M::mem_pestat] low and high boundaries for computing mean and std.dev: (1, 159)
[M::mem_pestat] mean and std.dev: (56.05, 31.75)
[M::mem_pestat] low and high boundaries for proper pairs: (1, 200)
[M::mem_pestat] skip orientation FF
[M::mem_pestat] skip orientation RF
[M::mem_pestat] skip orientation RR
[M::process] read 3346596 sequences (320000042 bp)...
[M::mem_process_seqs] Processed 3418194 reads in 2902.191 CPU sec, 91.457 real sec
[M::mem_pestat] # candidate unique pairs for (FF, FR, RF, RR): (6, 332712, 51, 1)
[M::mem_pestat] skip orientation FF as there are not enough pairs
[M::mem_pestat] analyzing insert size distribution for orientation FR...
[M::mem_pestat] (25, 50, 75) percentile: (82, 99, 126)
[M::mem_pestat] low and high boundaries for computing mean and std.dev: (1, 214)
[M::mem_pestat] mean and std.dev: (105.72, 32.09)
[M::mem_pestat] low and high boundaries for proper pairs: (1, 258)
[M::mem_pestat] analyzing insert size distribution for orientation RF...
[M::mem_pestat] (25, 50, 75) percentile: (173, 546, 594)
[M::mem_pestat] low and high boundaries for computing mean and std.dev: (1, 1436)
[M::mem_pestat] mean and std.dev: (414.57, 208.54)
[M::mem_pestat] low and high boundaries for proper pairs: (1, 1857)
[M::mem_pestat] skip orientation RR as there are not enough pairs
[M::mem_pestat] skip orientation RF
[M::mem_process_seqs] Processed 3299388 reads in 2741.519 CPU sec, 86.843 real sec
[M::process] read 3304658 sequences (320000009 bp)...
[M::mem_pestat] # candidate unique pairs for (FF, FR, RF, RR): (58, 609313, 29, 60)
[M::mem_pestat] analyzing insert size distribution for orientation FF...
[M::mem_pestat] (25, 50, 75) percentile: (33, 48, 63)
[M::mem_pestat] low and high boundaries for computing mean and std.dev: (1, 123)
[M::mem_pestat] mean and std.dev: (49.48, 21.69)
[M::mem_pestat] low and high boundaries for proper pairs: (1, 153)
[M::mem_pestat] analyzing insert size distribution for orientation FR...
[M::mem_pestat] (25, 50, 75) percentile: (79, 93, 114)
[M::mem_pestat] low and high boundaries for computing mean and std.dev: (9, 184)
[M::mem_pestat] mean and std.dev: (98.58, 25.16)
[M::mem_pestat] low and high boundaries for proper pairs: (1, 219)
[M::mem_pestat] analyzing insert size distribution for orientation RF...
[M::mem_pestat] (25, 50, 75) percentile: (162, 556, 594)
[M::mem_pestat] low and high boundaries for computing mean and std.dev: (1, 1458)
[M::mem_pestat] mean and std.dev: (417.04, 233.96)
[M::mem_pestat] low and high boundaries for proper pairs: (1, 1890)
[M::mem_pestat] analyzing insert size distribution for orientation RR...
[M::mem_pestat] (25, 50, 75) percentile: (40, 57, 78)
[M::mem_pestat] low and high boundaries for computing mean and std.dev: (1, 154)
[M::mem_pestat] mean and std.dev: (63.02, 32.35)
[M::mem_pestat] low and high boundaries for proper pairs: (1, 192)
[M::mem_pestat] skip orientation FF
[M::mem_pestat] skip orientation RF
[M::mem_pestat] skip orientation RR
[M::mem_pestat] # candidate unique pairs for (FF, FR, RF, RR): (16, 359424, 17, 24)
[M::mem_pestat] analyzing insert size distribution for orientation FF...
[M::mem_pestat] (25, 50, 75) percentile: (29, 40, 63)
[M::mem_pestat] low and high boundaries for computing mean and std.dev: (1, 131)
[M::mem_pestat] mean and std.dev: (45.81, 22.63)
[M::mem_pestat] low and high boundaries for proper pairs: (1, 165)
[M::mem_pestat] analyzing insert size distribution for orientation FR...
[M::mem_pestat] (25, 50, 75) percentile: (78, 90, 109)
[M::mem_pestat] low and high boundaries for computing mean and std.dev: (16, 171)
[M::mem_pestat] mean and std.dev: (95.08, 22.42)
[M::mem_pestat] low and high boundaries for proper pairs: (1, 202)
[M::mem_pestat] analyzing insert size distribution for orientation RF...
[M::mem_pestat] (25, 50, 75) percentile: (162, 587, 634)
[M::mem_pestat] low and high boundaries for computing mean and std.dev: (1, 1578)
[M::mem_pestat] mean and std.dev: (377.60, 265.08)
[M::mem_pestat] low and high boundaries for proper pairs: (1, 2050)
[M::mem_pestat] analyzing insert size distribution for orientation RR...
[M::mem_pestat] (25, 50, 75) percentile: (32, 43, 79)
[M::mem_pestat] low and high boundaries for computing mean and std.dev: (1, 173)
[M::mem_pestat] mean and std.dev: (50.30, 27.13)
[M::mem_pestat] low and high boundaries for proper pairs: (1, 220)
[M::mem_pestat] skip orientation FF
[M::mem_pestat] skip orientation RF
[M::mem_pestat] skip orientation RR
[M::mem_process_seqs] Processed 3354214 reads in 2899.620 CPU sec, 91.388 real sec
[M::mem_process_seqs] Processed 2219704 reads in 2030.342 CPU sec, 64.679 real sec
[main] Version: 0.7.19-r1273
[main] CMD: bwa mem -t 32 /datapool/home/zhijian/data/wheat/genome/3.ref.mask.fasta.gz /datapool/data/Users/zhijian/projects/scumiatac/result/step4_trim/ATACP1000_1_final_1P.fq.gz /datapool/data/Users/zhijian/projects/scumiatac/result/step4_trim/ATACP1000_1_final_2P.fq.gz
[main] Real time: 2161.523 sec; CPU: 66727.012 sec
[bam_sort_core] merging from 1 files and 32 in-memory blocks...
[M::process] read 3347042 sequences (320000051 bp)...
[M::mem_pestat] # candidate unique pairs for (FF, FR, RF, RR): (1, 330920, 66, 0)
[M::mem_pestat] skip orientation FF as there are not enough pairs
[M::mem_pestat] analyzing insert size distribution for orientation FR...
[M::mem_pestat] (25, 50, 75) percentile: (82, 99, 125)
[M::mem_pestat] low and high boundaries for computing mean and std.dev: (1, 211)
[M::mem_pestat] mean and std.dev: (105.24, 31.56)
[M::mem_pestat] low and high boundaries for proper pairs: (1, 254)
[M::mem_pestat] analyzing insert size distribution for orientation RF...
[M::mem_pestat] (25, 50, 75) percentile: (538, 576, 591)
[M::mem_pestat] low and high boundaries for computing mean and std.dev: (432, 697)
[M::mem_pestat] mean and std.dev: (578.18, 29.15)
[M::mem_pestat] low and high boundaries for proper pairs: (379, 750)
[M::mem_pestat] skip orientation RR as there are not enough pairs
[M::mem_pestat] skip orientation RF
[Wed Nov 26 10:15:57 2025]
Finished job 4.
8 of 26 steps (31%) done
Select jobs to execute...

[Wed Nov 26 10:15:57 2025]
rule bam_qc:
    input: /datapool/data/Users/zhijian/projects/scumiatac/result/step5_bwa/ATACP500_1.finished
    output: /datapool/data/Users/zhijian/projects/scumiatac/result/step6_bam_qc/ATACP500_1.finished
    jobid: 19
    reason: Missing output files: /datapool/data/Users/zhijian/projects/scumiatac/result/step6_bam_qc/ATACP500_1.finished; Input files updated by another job: /datapool/data/Users/zhijian/projects/scumiatac/result/step5_bwa/ATACP500_1.finished
    wildcards: sample=ATACP500_1
    resources: tmpdir=/tmp


python /datapool/data/Users/zhijian/projects/scumiatac/pipeline/scripts/bamFilterAndQc.py /datapool/data/Users/zhijian/projects/scumiatac/result/step5_bwa/ATACP500_1.bwa.bam /datapool/data/Users/zhijian/projects/scumiatac/result/step6_bam_qc/ATACP500_1.qc.bam
touch /datapool/data/Users/zhijian/projects/scumiatac/result/step6_bam_qc/ATACP500_1.finished
        

[Wed Nov 26 10:15:57 2025]
rule bam_qc:
    input: /datapool/data/Users/zhijian/projects/scumiatac/result/step5_bwa/ATACP1000_1.finished
    output: /datapool/data/Users/zhijian/projects/scumiatac/result/step6_bam_qc/ATACP1000_1.finished
    jobid: 3
    reason: Missing output files: /datapool/data/Users/zhijian/projects/scumiatac/result/step6_bam_qc/ATACP1000_1.finished; Input files updated by another job: /datapool/data/Users/zhijian/projects/scumiatac/result/step5_bwa/ATACP1000_1.finished
    wildcards: sample=ATACP1000_1
    resources: tmpdir=/tmp


python /datapool/data/Users/zhijian/projects/scumiatac/pipeline/scripts/bamFilterAndQc.py /datapool/data/Users/zhijian/projects/scumiatac/result/step5_bwa/ATACP1000_1.bwa.bam /datapool/data/Users/zhijian/projects/scumiatac/result/step6_bam_qc/ATACP1000_1.qc.bam
touch /datapool/data/Users/zhijian/projects/scumiatac/result/step6_bam_qc/ATACP1000_1.finished
        

[Wed Nov 26 10:15:57 2025]
rule bam_qc:
    input: /datapool/data/Users/zhijian/projects/scumiatac/result/step5_bwa/ATACP500_2.finished
    output: /datapool/data/Users/zhijian/projects/scumiatac/result/step6_bam_qc/ATACP500_2.finished
    jobid: 27
    reason: Missing output files: /datapool/data/Users/zhijian/projects/scumiatac/result/step6_bam_qc/ATACP500_2.finished; Input files updated by another job: /datapool/data/Users/zhijian/projects/scumiatac/result/step5_bwa/ATACP500_2.finished
    wildcards: sample=ATACP500_2
    resources: tmpdir=/tmp


python /datapool/data/Users/zhijian/projects/scumiatac/pipeline/scripts/bamFilterAndQc.py /datapool/data/Users/zhijian/projects/scumiatac/result/step5_bwa/ATACP500_2.bwa.bam /datapool/data/Users/zhijian/projects/scumiatac/result/step6_bam_qc/ATACP500_2.qc.bam
touch /datapool/data/Users/zhijian/projects/scumiatac/result/step6_bam_qc/ATACP500_2.finished
        
[M::mem_process_seqs] Processed 3302504 reads in 2552.573 CPU sec, 80.831 real sec
[M::process] read 3310366 sequences (320000175 bp)...
[M::mem_pestat] # candidate unique pairs for (FF, FR, RF, RR): (66, 609334, 28, 66)
[M::mem_pestat] analyzing insert size distribution for orientation FF...
[M::mem_pestat] (25, 50, 75) percentile: (42, 52, 83)
[M::mem_pestat] low and high boundaries for computing mean and std.dev: (1, 165)
[M::mem_pestat] mean and std.dev: (58.82, 29.37)
[M::mem_pestat] low and high boundaries for proper pairs: (1, 206)
[M::mem_pestat] analyzing insert size distribution for orientation FR...
[M::mem_pestat] (25, 50, 75) percentile: (79, 94, 115)
[M::mem_pestat] low and high boundaries for computing mean and std.dev: (7, 187)
[M::mem_pestat] mean and std.dev: (99.09, 25.63)
[M::mem_pestat] low and high boundaries for proper pairs: (1, 223)
[M::mem_pestat] analyzing insert size distribution for orientation RF...
[M::mem_pestat] (25, 50, 75) percentile: (221, 582, 626)
[M::mem_pestat] low and high boundaries for computing mean and std.dev: (1, 1436)
[M::mem_pestat] mean and std.dev: (427.16, 266.27)
[M::mem_pestat] low and high boundaries for proper pairs: (1, 1841)
[M::mem_pestat] analyzing insert size distribution for orientation RR...
[M::mem_pestat] (25, 50, 75) percentile: (31, 47, 70)
[M::mem_pestat] low and high boundaries for computing mean and std.dev: (1, 148)
[M::mem_pestat] mean and std.dev: (54.35, 30.87)
[M::mem_pestat] low and high boundaries for proper pairs: (1, 187)
[M::mem_pestat] skip orientation FF
[M::mem_pestat] skip orientation RF
[M::mem_pestat] skip orientation RR
[M::mem_process_seqs] Processed 3346596 reads in 2438.206 CPU sec, 78.216 real sec
[M::process] read 3346576 sequences (320000092 bp)...
[M::mem_pestat] # candidate unique pairs for (FF, FR, RF, RR): (2, 331932, 52, 3)
[M::mem_pestat] skip orientation FF as there are not enough pairs
[M::mem_pestat] analyzing insert size distribution for orientation FR...
[M::mem_pestat] (25, 50, 75) percentile: (81, 98, 125)
[M::mem_pestat] low and high boundaries for computing mean and std.dev: (1, 213)
[M::mem_pestat] mean and std.dev: (105.32, 31.85)
[M::mem_pestat] low and high boundaries for proper pairs: (1, 257)
[M::mem_pestat] analyzing insert size distribution for orientation RF...
[M::mem_pestat] (25, 50, 75) percentile: (530, 573, 615)
[M::mem_pestat] low and high boundaries for computing mean and std.dev: (360, 785)
[M::mem_pestat] mean and std.dev: (576.24, 30.88)
[M::mem_pestat] low and high boundaries for proper pairs: (275, 870)
[M::mem_pestat] skip orientation RR as there are not enough pairs
[M::mem_pestat] skip orientation RF
[M::mem_process_seqs] Processed 3304658 reads in 2283.013 CPU sec, 72.147 real sec
[M::process] read 3321734 sequences (320000111 bp)...
[M::mem_pestat] # candidate unique pairs for (FF, FR, RF, RR): (60, 611163, 27, 81)
[M::mem_pestat] analyzing insert size distribution for orientation FF...
[M::mem_pestat] (25, 50, 75) percentile: (42, 54, 75)
[M::mem_pestat] low and high boundaries for computing mean and std.dev: (1, 141)
[M::mem_pestat] mean and std.dev: (56.91, 25.14)
[M::mem_pestat] low and high boundaries for proper pairs: (1, 174)
[M::mem_pestat] analyzing insert size distribution for orientation FR...
[M::mem_pestat] (25, 50, 75) percentile: (79, 94, 115)
[M::mem_pestat] low and high boundaries for computing mean and std.dev: (7, 187)
[M::mem_pestat] mean and std.dev: (99.14, 25.68)
[M::mem_pestat] low and high boundaries for proper pairs: (1, 223)
[M::mem_pestat] analyzing insert size distribution for orientation RF...
[M::mem_pestat] (25, 50, 75) percentile: (550, 586, 595)
[M::mem_pestat] low and high boundaries for computing mean and std.dev: (460, 685)
[M::mem_pestat] mean and std.dev: (586.68, 20.24)
[M::mem_pestat] low and high boundaries for proper pairs: (415, 730)
[M::mem_pestat] analyzing insert size distribution for orientation RR...
[M::mem_pestat] (25, 50, 75) percentile: (40, 57, 83)
[M::mem_pestat] low and high boundaries for computing mean and std.dev: (1, 169)
[M::mem_pestat] mean and std.dev: (64.72, 31.92)
[M::mem_pestat] low and high boundaries for proper pairs: (1, 212)
[M::mem_pestat] skip orientation FF
[M::mem_pestat] skip orientation RF
[M::mem_pestat] skip orientation RR
[M::mem_process_seqs] Processed 3347042 reads in 2341.810 CPU sec, 75.373 real sec
[M::process] read 3343864 sequences (320000052 bp)...
[M::mem_pestat] # candidate unique pairs for (FF, FR, RF, RR): (0, 332729, 42, 1)
[M::mem_pestat] skip orientation FF as there are not enough pairs
[M::mem_pestat] analyzing insert size distribution for orientation FR...
[M::mem_pestat] (25, 50, 75) percentile: (81, 98, 124)
[M::mem_pestat] low and high boundaries for computing mean and std.dev: (1, 210)
[M::mem_pestat] mean and std.dev: (104.83, 31.28)
[M::mem_pestat] low and high boundaries for proper pairs: (1, 253)
[M::mem_pestat] analyzing insert size distribution for orientation RF...
[M::mem_pestat] (25, 50, 75) percentile: (537, 582, 590)
[M::mem_pestat] low and high boundaries for computing mean and std.dev: (431, 696)
[M::mem_pestat] mean and std.dev: (576.17, 28.16)
[M::mem_pestat] low and high boundaries for proper pairs: (378, 749)
[M::mem_pestat] skip orientation RR as there are not enough pairs
[M::mem_pestat] skip orientation RF
[M::mem_process_seqs] Processed 3310366 reads in 2271.634 CPU sec, 71.993 real sec
[M::process] read 3309682 sequences (320000097 bp)...
[M::mem_pestat] # candidate unique pairs for (FF, FR, RF, RR): (58, 609401, 31, 90)
[M::mem_pestat] analyzing insert size distribution for orientation FF...
[M::mem_pestat] (25, 50, 75) percentile: (33, 46, 66)
[M::mem_pestat] low and high boundaries for computing mean and std.dev: (1, 132)
[M::mem_pestat] mean and std.dev: (49.33, 24.00)
[M::mem_pestat] low and high boundaries for proper pairs: (1, 165)
[M::mem_pestat] analyzing insert size distribution for orientation FR...
[M::mem_pestat] (25, 50, 75) percentile: (79, 94, 115)
[M::mem_pestat] low and high boundaries for computing mean and std.dev: (7, 187)
[M::mem_pestat] mean and std.dev: (99.11, 25.67)
[M::mem_pestat] low and high boundaries for proper pairs: (1, 223)
[M::mem_pestat] analyzing insert size distribution for orientation RF...
[M::mem_pestat] (25, 50, 75) percentile: (318, 581, 630)
[M::mem_pestat] low and high boundaries for computing mean and std.dev: (1, 1254)
[M::mem_pestat] mean and std.dev: (432.19, 258.31)
[M::mem_pestat] low and high boundaries for proper pairs: (1, 1566)
[M::mem_pestat] analyzing insert size distribution for orientation RR...
[M::mem_pestat] (25, 50, 75) percentile: (37, 59, 81)
[M::mem_pestat] low and high boundaries for computing mean and std.dev: (1, 169)
[M::mem_pestat] mean and std.dev: (61.01, 33.94)
[M::mem_pestat] low and high boundaries for proper pairs: (1, 213)
[M::mem_pestat] skip orientation FF
[M::mem_pestat] skip orientation RF
[M::mem_pestat] skip orientation RR
[M::mem_process_seqs] Processed 3346576 reads in 2163.780 CPU sec, 68.768 real sec
[M::process] read 3344906 sequences (320000109 bp)...
[M::mem_pestat] # candidate unique pairs for (FF, FR, RF, RR): (0, 331590, 54, 4)
[M::mem_pestat] skip orientation FF as there are not enough pairs
[M::mem_pestat] analyzing insert size distribution for orientation FR...
[M::mem_pestat] (25, 50, 75) percentile: (81, 98, 123)
[M::mem_pestat] low and high boundaries for computing mean and std.dev: (1, 207)
[M::mem_pestat] mean and std.dev: (104.02, 30.47)
[M::mem_pestat] low and high boundaries for proper pairs: (1, 249)
[M::mem_pestat] analyzing insert size distribution for orientation RF...
[M::mem_pestat] (25, 50, 75) percentile: (539, 582, 595)
[M::mem_pestat] low and high boundaries for computing mean and std.dev: (427, 707)
[M::mem_pestat] mean and std.dev: (571.86, 39.36)
[M::mem_pestat] low and high boundaries for proper pairs: (371, 763)
[M::mem_pestat] skip orientation RR as there are not enough pairs
[M::mem_pestat] skip orientation RF
[M::mem_process_seqs] Processed 3321734 reads in 2202.278 CPU sec, 69.407 real sec
[M::process] read 3301518 sequences (320000045 bp)...
[M::mem_pestat] # candidate unique pairs for (FF, FR, RF, RR): (65, 610493, 29, 71)
[M::mem_pestat] analyzing insert size distribution for orientation FF...
[M::mem_pestat] (25, 50, 75) percentile: (38, 54, 70)
[M::mem_pestat] low and high boundaries for computing mean and std.dev: (1, 134)
[M::mem_pestat] mean and std.dev: (54.39, 25.93)
[M::mem_pestat] low and high boundaries for proper pairs: (1, 166)
[M::mem_pestat] analyzing insert size distribution for orientation FR...
[M::mem_pestat] (25, 50, 75) percentile: (79, 94, 115)
[M::mem_pestat] low and high boundaries for computing mean and std.dev: (7, 187)
[M::mem_pestat] mean and std.dev: (99.27, 25.78)
[M::mem_pestat] low and high boundaries for proper pairs: (1, 223)
[M::mem_pestat] analyzing insert size distribution for orientation RF...
[M::mem_pestat] (25, 50, 75) percentile: (245, 584, 606)
[M::mem_pestat] low and high boundaries for computing mean and std.dev: (1, 1328)
[M::mem_pestat] mean and std.dev: (467.26, 234.11)
[M::mem_pestat] low and high boundaries for proper pairs: (1, 1689)
[M::mem_pestat] analyzing insert size distribution for orientation RR...
[M::mem_pestat] (25, 50, 75) percentile: (32, 42, 64)
[M::mem_pestat] low and high boundaries for computing mean and std.dev: (1, 128)
[M::mem_pestat] mean and std.dev: (47.96, 23.83)
[M::mem_pestat] low and high boundaries for proper pairs: (1, 160)
[M::mem_pestat] skip orientation FF
[M::mem_pestat] skip orientation RF
[M::mem_pestat] skip orientation RR
[M::mem_process_seqs] Processed 3343864 reads in 2171.236 CPU sec, 69.907 real sec
[M::process] read 3341208 sequences (320000105 bp)...
[M::mem_pestat] # candidate unique pairs for (FF, FR, RF, RR): (3, 332365, 56, 0)
[M::mem_pestat] skip orientation FF as there are not enough pairs
[M::mem_pestat] analyzing insert size distribution for orientation FR...
[M::mem_pestat] (25, 50, 75) percentile: (81, 98, 124)
[M::mem_pestat] low and high boundaries for computing mean and std.dev: (1, 210)
[M::mem_pestat] mean and std.dev: (104.73, 31.16)
[M::mem_pestat] low and high boundaries for proper pairs: (1, 253)
[M::mem_pestat] analyzing insert size distribution for orientation RF...
[M::mem_pestat] (25, 50, 75) percentile: (514, 583, 616)
[M::mem_pestat] low and high boundaries for computing mean and std.dev: (310, 820)
[M::mem_pestat] mean and std.dev: (581.08, 41.85)
[M::mem_pestat] low and high boundaries for proper pairs: (208, 922)
[M::mem_pestat] skip orientation RR as there are not enough pairs
[M::mem_pestat] skip orientation RF
[M::mem_process_seqs] Processed 3309682 reads in 2159.192 CPU sec, 68.306 real sec
[M::process] read 3304986 sequences (320000040 bp)...
[M::mem_pestat] # candidate unique pairs for (FF, FR, RF, RR): (58, 608611, 40, 77)
[M::mem_pestat] analyzing insert size distribution for orientation FF...
[M::mem_pestat] (25, 50, 75) percentile: (29, 54, 90)
[M::mem_pestat] low and high boundaries for computing mean and std.dev: (1, 212)
[M::mem_pestat] mean and std.dev: (59.53, 36.65)
[M::mem_pestat] low and high boundaries for proper pairs: (1, 273)
[M::mem_pestat] analyzing insert size distribution for orientation FR...
[M::mem_pestat] (25, 50, 75) percentile: (79, 94, 115)
[M::mem_pestat] low and high boundaries for computing mean and std.dev: (7, 187)
[M::mem_pestat] mean and std.dev: (99.21, 25.68)
[M::mem_pestat] low and high boundaries for proper pairs: (1, 223)
[M::mem_pestat] analyzing insert size distribution for orientation RF...
[M::mem_pestat] (25, 50, 75) percentile: (516, 582, 626)
[M::mem_pestat] low and high boundaries for computing mean and std.dev: (296, 846)
[M::mem_pestat] mean and std.dev: (578.85, 60.51)
[M::mem_pestat] low and high boundaries for proper pairs: (186, 956)
[M::mem_pestat] analyzing insert size distribution for orientation RR...
[M::mem_pestat] (25, 50, 75) percentile: (48, 57, 79)
[M::mem_pestat] low and high boundaries for computing mean and std.dev: (1, 141)
[M::mem_pestat] mean and std.dev: (62.88, 23.61)
[M::mem_pestat] low and high boundaries for proper pairs: (1, 172)
[M::mem_pestat] skip orientation FF
[M::mem_pestat] skip orientation RF
[M::mem_pestat] skip orientation RR
[M::mem_process_seqs] Processed 3344906 reads in 2048.292 CPU sec, 65.394 real sec
[M::process] read 3344372 sequences (320000154 bp)...
[M::mem_pestat] # candidate unique pairs for (FF, FR, RF, RR): (4, 333008, 59, 6)
[M::mem_pestat] skip orientation FF as there are not enough pairs
[M::mem_pestat] analyzing insert size distribution for orientation FR...
[M::mem_pestat] (25, 50, 75) percentile: (81, 99, 125)
[M::mem_pestat] low and high boundaries for computing mean and std.dev: (1, 213)
[M::mem_pestat] mean and std.dev: (105.44, 31.91)
[M::mem_pestat] low and high boundaries for proper pairs: (1, 257)
[M::mem_pestat] analyzing insert size distribution for orientation RF...
[M::mem_pestat] (25, 50, 75) percentile: (526, 558, 599)
[M::mem_pestat] low and high boundaries for computing mean and std.dev: (380, 745)
[M::mem_pestat] mean and std.dev: (574.67, 35.19)
[M::mem_pestat] low and high boundaries for proper pairs: (307, 818)
[M::mem_pestat] skip orientation RR as there are not enough pairs
[M::mem_pestat] skip orientation RF
[M::mem_process_seqs] Processed 3301518 reads in 2033.619 CPU sec, 64.224 real sec
[M::process] read 3301650 sequences (320000002 bp)...
[M::mem_pestat] # candidate unique pairs for (FF, FR, RF, RR): (54, 609530, 31, 63)
[M::mem_pestat] analyzing insert size distribution for orientation FF...
[M::mem_pestat] (25, 50, 75) percentile: (39, 53, 68)
[M::mem_pestat] low and high boundaries for computing mean and std.dev: (1, 126)
[M::mem_pestat] mean and std.dev: (51.69, 20.39)
[M::mem_pestat] low and high boundaries for proper pairs: (1, 155)
[M::mem_pestat] analyzing insert size distribution for orientation FR...
[M::mem_pestat] (25, 50, 75) percentile: (79, 94, 115)
[M::mem_pestat] low and high boundaries for computing mean and std.dev: (7, 187)
[M::mem_pestat] mean and std.dev: (99.37, 25.78)
[M::mem_pestat] low and high boundaries for proper pairs: (1, 223)
[M::mem_pestat] analyzing insert size distribution for orientation RF...
[M::mem_pestat] (25, 50, 75) percentile: (556, 593, 632)
[M::mem_pestat] low and high boundaries for computing mean and std.dev: (404, 784)
[M::mem_pestat] mean and std.dev: (591.58, 28.35)
[M::mem_pestat] low and high boundaries for proper pairs: (328, 860)
[M::mem_pestat] analyzing insert size distribution for orientation RR...
[M::mem_pestat] (25, 50, 75) percentile: (39, 55, 75)
[M::mem_pestat] low and high boundaries for computing mean and std.dev: (1, 147)
[M::mem_pestat] mean and std.dev: (59.62, 28.40)
[M::mem_pestat] low and high boundaries for proper pairs: (1, 183)
[M::mem_pestat] skip orientation FF
[M::mem_pestat] skip orientation RF
[M::mem_pestat] skip orientation RR
[M::mem_process_seqs] Processed 3341208 reads in 1977.217 CPU sec, 62.894 real sec
[M::process] read 3343782 sequences (320000125 bp)...
[M::mem_pestat] # candidate unique pairs for (FF, FR, RF, RR): (2, 332636, 58, 1)
[M::mem_pestat] skip orientation FF as there are not enough pairs
[M::mem_pestat] analyzing insert size distribution for orientation FR...
[M::mem_pestat] (25, 50, 75) percentile: (81, 99, 125)
[M::mem_pestat] low and high boundaries for computing mean and std.dev: (1, 213)
[M::mem_pestat] mean and std.dev: (105.36, 31.77)
[M::mem_pestat] low and high boundaries for proper pairs: (1, 257)
[M::mem_pestat] analyzing insert size distribution for orientation RF...
[M::mem_pestat] (25, 50, 75) percentile: (356, 571, 594)
[M::mem_pestat] low and high boundaries for computing mean and std.dev: (1, 1070)
[M::mem_pestat] mean and std.dev: (471.23, 193.45)
[M::mem_pestat] low and high boundaries for proper pairs: (1, 1308)
[M::mem_pestat] skip orientation RR as there are not enough pairs
[M::mem_pestat] skip orientation RF
[M::mem_process_seqs] Processed 3304986 reads in 2042.188 CPU sec, 64.252 real sec
[M::mem_pestat] # candidate unique pairs for (FF, FR, RF, RR): (74, 609021, 31, 82)
[M::mem_pestat] analyzing insert size distribution for orientation FF...
[M::mem_pestat] (25, 50, 75) percentile: (45, 66, 86)
[M::mem_pestat] low and high boundaries for computing mean and std.dev: (1, 168)
[M::mem_pestat] mean and std.dev: (64.54, 29.96)
[M::mem_pestat] low and high boundaries for proper pairs: (1, 209)
[M::mem_pestat] analyzing insert size distribution for orientation FR...
[M::mem_pestat] (25, 50, 75) percentile: (79, 94, 115)
[M::mem_pestat] low and high boundaries for computing mean and std.dev: (7, 187)
[M::mem_pestat] mean and std.dev: (99.25, 25.69)
[M::mem_pestat] low and high boundaries for proper pairs: (1, 223)
[M::mem_pestat] analyzing insert size distribution for orientation RF...
[M::mem_pestat] (25, 50, 75) percentile: (571, 589, 2488)
[M::mem_pestat] low and high boundaries for computing mean and std.dev: (1, 6322)
[M::mem_pestat] mean and std.dev: (1013.07, 1201.60)
[M::mem_pestat] low and high boundaries for proper pairs: (1, 8239)
[M::mem_pestat] analyzing insert size distribution for orientation RR...
[M::mem_pestat] (25, 50, 75) percentile: (40, 61, 75)
[M::mem_pestat] low and high boundaries for computing mean and std.dev: (1, 145)
[M::mem_pestat] mean and std.dev: (61.35, 27.67)
[M::mem_pestat] low and high boundaries for proper pairs: (1, 180)
[M::mem_pestat] skip orientation FF
[M::mem_pestat] skip orientation RF
[M::mem_pestat] skip orientation RR
[M::mem_process_seqs] Processed 3344372 reads in 1989.656 CPU sec, 62.589 real sec
[M::process] read 3342052 sequences (320000088 bp)...
[M::mem_pestat] # candidate unique pairs for (FF, FR, RF, RR): (2, 332326, 42, 1)
[M::mem_pestat] skip orientation FF as there are not enough pairs
[M::mem_pestat] analyzing insert size distribution for orientation FR...
[M::mem_pestat] (25, 50, 75) percentile: (81, 99, 126)
[M::mem_pestat] low and high boundaries for computing mean and std.dev: (1, 216)
[M::mem_pestat] mean and std.dev: (105.69, 32.21)
[M::mem_pestat] low and high boundaries for proper pairs: (1, 261)
[M::mem_pestat] analyzing insert size distribution for orientation RF...
[M::mem_pestat] (25, 50, 75) percentile: (516, 571, 588)
[M::mem_pestat] low and high boundaries for computing mean and std.dev: (372, 732)
[M::mem_pestat] mean and std.dev: (575.34, 39.53)
[M::mem_pestat] low and high boundaries for proper pairs: (300, 804)
[M::mem_pestat] skip orientation RR as there are not enough pairs
[M::mem_pestat] skip orientation RF
[M::process] read 3297298 sequences (320000024 bp)...
[M::mem_process_seqs] Processed 3301650 reads in 2132.487 CPU sec, 67.096 real sec
[M::process] read 3298216 sequences (320000026 bp)...
[M::mem_pestat] # candidate unique pairs for (FF, FR, RF, RR): (52, 610701, 28, 87)
[M::mem_pestat] analyzing insert size distribution for orientation FF...
[M::mem_pestat] (25, 50, 75) percentile: (37, 49, 63)
[M::mem_pestat] low and high boundaries for computing mean and std.dev: (1, 115)
[M::mem_pestat] mean and std.dev: (48.02, 21.33)
[M::mem_pestat] low and high boundaries for proper pairs: (1, 141)
[M::mem_pestat] analyzing insert size distribution for orientation FR...
[M::mem_pestat] (25, 50, 75) percentile: (79, 94, 115)
[M::mem_pestat] low and high boundaries for computing mean and std.dev: (7, 187)
[M::mem_pestat] mean and std.dev: (99.19, 25.74)
[M::mem_pestat] low and high boundaries for proper pairs: (1, 223)
[M::mem_pestat] analyzing insert size distribution for orientation RF...
[M::mem_pestat] (25, 50, 75) percentile: (250, 555, 589)
[M::mem_pestat] low and high boundaries for computing mean and std.dev: (1, 1267)
[M::mem_pestat] mean and std.dev: (423.96, 233.21)
[M::mem_pestat] low and high boundaries for proper pairs: (1, 1606)
[M::mem_pestat] analyzing insert size distribution for orientation RR...
[M::mem_pestat] (25, 50, 75) percentile: (39, 52, 76)
[M::mem_pestat] low and high boundaries for computing mean and std.dev: (1, 150)
[M::mem_pestat] mean and std.dev: (57.07, 27.96)
[M::mem_pestat] low and high boundaries for proper pairs: (1, 187)
[M::mem_pestat] skip orientation FF
[M::mem_pestat] skip orientation RF
[M::mem_pestat] skip orientation RR
[M::mem_process_seqs] Processed 3343782 reads in 2037.307 CPU sec, 64.539 real sec
[M::process] read 3345270 sequences (320000038 bp)...
[M::mem_pestat] # candidate unique pairs for (FF, FR, RF, RR): (1, 332757, 48, 2)
[M::mem_pestat] skip orientation FF as there are not enough pairs
[M::mem_pestat] analyzing insert size distribution for orientation FR...
[M::mem_pestat] (25, 50, 75) percentile: (82, 99, 126)
[M::mem_pestat] low and high boundaries for computing mean and std.dev: (1, 214)
[M::mem_pestat] mean and std.dev: (105.72, 32.14)
[M::mem_pestat] low and high boundaries for proper pairs: (1, 258)
[M::mem_pestat] analyzing insert size distribution for orientation RF...
[M::mem_pestat] (25, 50, 75) percentile: (546, 582, 590)
[M::mem_pestat] low and high boundaries for computing mean and std.dev: (458, 678)
[M::mem_pestat] mean and std.dev: (576.92, 28.87)
[M::mem_pestat] low and high boundaries for proper pairs: (414, 722)
[M::mem_pestat] skip orientation RR as there are not enough pairs
[M::mem_pestat] skip orientation RF
[M::mem_process_seqs] Processed 3297298 reads in 2044.417 CPU sec, 64.741 real sec
[M::mem_pestat] # candidate unique pairs for (FF, FR, RF, RR): (78, 611023, 29, 80)
[M::mem_pestat] analyzing insert size distribution for orientation FF...
[M::mem_pestat] (25, 50, 75) percentile: (42, 55, 78)
[M::mem_pestat] low and high boundaries for computing mean and std.dev: (1, 150)
[M::mem_pestat] mean and std.dev: (57.31, 24.86)
[M::mem_pestat] low and high boundaries for proper pairs: (1, 186)
[M::mem_pestat] analyzing insert size distribution for orientation FR...
[M::mem_pestat] (25, 50, 75) percentile: (79, 94, 115)
[M::mem_pestat] low and high boundaries for computing mean and std.dev: (7, 187)
[M::mem_pestat] mean and std.dev: (99.33, 25.78)
[M::mem_pestat] low and high boundaries for proper pairs: (1, 223)
[M::mem_pestat] analyzing insert size distribution for orientation RF...
[M::mem_pestat] (25, 50, 75) percentile: (527, 577, 615)
[M::mem_pestat] low and high boundaries for computing mean and std.dev: (351, 791)
[M::mem_pestat] mean and std.dev: (583.67, 30.71)
[M::mem_pestat] low and high boundaries for proper pairs: (263, 879)
[M::mem_pestat] analyzing insert size distribution for orientation RR...
[M::mem_pestat] (25, 50, 75) percentile: (34, 47, 70)
[M::mem_pestat] low and high boundaries for computing mean and std.dev: (1, 142)
[M::mem_pestat] mean and std.dev: (52.91, 26.72)
[M::mem_pestat] low and high boundaries for proper pairs: (1, 178)
[M::mem_pestat] skip orientation FF
[M::mem_pestat] skip orientation RF
[M::mem_pestat] skip orientation RR
[M::process] read 3306866 sequences (320000069 bp)...
[M::mem_process_seqs] Processed 3342052 reads in 1973.277 CPU sec, 62.208 real sec
[M::process] read 3347206 sequences (320000066 bp)...
[M::mem_pestat] # candidate unique pairs for (FF, FR, RF, RR): (0, 332977, 48, 3)
[M::mem_pestat] skip orientation FF as there are not enough pairs
[M::mem_pestat] analyzing insert size distribution for orientation FR...
[M::mem_pestat] (25, 50, 75) percentile: (82, 99, 126)
[M::mem_pestat] low and high boundaries for computing mean and std.dev: (1, 214)
[M::mem_pestat] mean and std.dev: (105.66, 32.08)
[M::mem_pestat] low and high boundaries for proper pairs: (1, 258)
[M::mem_pestat] analyzing insert size distribution for orientation RF...
[M::mem_pestat] (25, 50, 75) percentile: (530, 581, 595)
[M::mem_pestat] low and high boundaries for computing mean and std.dev: (400, 725)
[M::mem_pestat] mean and std.dev: (576.97, 36.12)
[M::mem_pestat] low and high boundaries for proper pairs: (335, 790)
[M::mem_pestat] skip orientation RR as there are not enough pairs
[M::mem_pestat] skip orientation RF
开始处理文件: /datapool/data/Users/zhijian/projects/scumiatac/result/step5_bwa/ATACP500_1.bwa.bam ...
已处理 1000000 条 reads...
已处理 2000000 条 reads...
已处理 3000000 条 reads...
已处理 4000000 条 reads...
已处理 5000000 条 reads...
已处理 6000000 条 reads...
已处理 7000000 条 reads...
已处理 8000000 条 reads...
已处理 9000000 条 reads...
已处理 10000000 条 reads...
已处理 11000000 条 reads...
已处理 12000000 条 reads...
已处理 13000000 条 reads...
已处理 14000000 条 reads...
已处理 15000000 条 reads...
已处理 16000000 条 reads...
已处理 17000000 条 reads...
已处理 18000000 条 reads...
已处理 19000000 条 reads...
已处理 20000000 条 reads...
已处理 21000000 条 reads...
已处理 22000000 条 reads...
已处理 23000000 条 reads...
已处理 24000000 条 reads...
已处理 25000000 条 reads...
已处理 26000000 条 reads...
已处理 27000000 条 reads...
已处理 28000000 条 reads...
已处理 29000000 条 reads...
已处理 30000000 条 reads...
已处理 31000000 条 reads...
已处理 32000000 条 reads...
已处理 33000000 条 reads...
已处理 34000000 条 reads...
已处理 35000000 条 reads...
已处理 36000000 条 reads...
已处理 37000000 条 reads...
已处理 38000000 条 reads...
已处理 39000000 条 reads...
已处理 40000000 条 reads...
已处理 41000000 条 reads...
已处理 42000000 条 reads...
已处理 43000000 条 reads...
已处理 44000000 条 reads...
已处理 45000000 条 reads...
已处理 46000000 条 reads...
已处理 47000000 条 reads...
已处理 48000000 条 reads...
已处理 49000000 条 reads...
已处理 50000000 条 reads...
已处理 51000000 条 reads...
已处理 52000000 条 reads...
已处理 53000000 条 reads...
已处理 54000000 条 reads...
已处理 55000000 条 reads...
已处理 56000000 条 reads...
已处理 57000000 条 reads...
已处理 58000000 条 reads...
已处理 59000000 条 reads...
已处理 60000000 条 reads...
BAM文件处理完成，正在生成统计报表...
[Wed Nov 26 10:26:11 2025]
Finished job 19.
9 of 26 steps (35%) done
Select jobs to execute...

[Wed Nov 26 10:26:11 2025]
rule dedup:
    input: /datapool/data/Users/zhijian/projects/scumiatac/result/step6_bam_qc/ATACP500_1.finished
    output: /datapool/data/Users/zhijian/projects/scumiatac/result/step7_dedup/ATACP500_1.finished
    jobid: 18
    reason: Missing output files: /datapool/data/Users/zhijian/projects/scumiatac/result/step7_dedup/ATACP500_1.finished; Input files updated by another job: /datapool/data/Users/zhijian/projects/scumiatac/result/step6_bam_qc/ATACP500_1.finished
    wildcards: sample=ATACP500_1
    threads: 8
    resources: tmpdir=/tmp


       
_JAVA_OPTIONS="-Xmx16g" fgbio GroupReadsByUmi --input=/datapool/data/Users/zhijian/projects/scumiatac/result/step6_bam_qc/ATACP500_1.qc.bam --output=/datapool/data/Users/zhijian/projects/scumiatac/result/step6_bam_qc/ATACP500_1.qc.bam.gp.bam                      --strategy=adjacency --edits=1 --min-map-q=20 --threads 8 --family-size-histogram=/datapool/data/Users/zhijian/projects/scumiatac/result/step7_dedup/ATACP500_1.family.txt
__JAVA_OPTIONS="-Xmx16g" fgbio CallMolecularConsensusReads   --input=/datapool/data/Users/zhijian/projects/scumiatac/result/step6_bam_qc/ATACP500_1.qc.bam.gp.bam   --output=/datapool/data/Users/zhijian/projects/scumiatac/result/step7_dedup/ATACP500_1.dedup.bam   --min-reads=5   --min-input-base-quality=20   --threads 8
rm /datapool/data/Users/zhijian/projects/scumiatac/result/step6_bam_qc/ATACP500_1.qc.bam.gp.bam           
touch /datapool/data/Users/zhijian/projects/scumiatac/result/step7_dedup/ATACP500_1.finished
        
Activating conda environment: scumiatac
[M::mem_process_seqs] Processed 3298216 reads in 2030.064 CPU sec, 64.334 real sec
Picked up _JAVA_OPTIONS: -Xmx16g
Nov 26, 2025 10:26:16 AM com.intel.gkl.NativeLibraryLoader load
INFO: Loading libgkl_compression.so from jar:file:/datapool/data/Users/zhijian/miniconda3/envs/scumiatac/share/fgbio/fgbio.jar!/com/intel/gkl/native/libgkl_compression.so
[M::mem_pestat] # candidate unique pairs for (FF, FR, RF, RR): (58, 610467, 35, 77)
[M::mem_pestat] analyzing insert size distribution for orientation FF...
[M::mem_pestat] (25, 50, 75) percentile: (28, 48, 104)
[M::mem_pestat] low and high boundaries for computing mean and std.dev: (1, 256)
[M::mem_pestat] mean and std.dev: (64.74, 49.00)
[M::mem_pestat] low and high boundaries for proper pairs: (1, 332)
[M::mem_pestat] analyzing insert size distribution for orientation FR...
[M::mem_pestat] (25, 50, 75) percentile: (79, 94, 115)
[M::mem_pestat] low and high boundaries for computing mean and std.dev: (7, 187)
[M::mem_pestat] mean and std.dev: (99.17, 25.65)
[M::mem_pestat] low and high boundaries for proper pairs: (1, 223)
[M::mem_pestat] analyzing insert size distribution for orientation RF...
[M::mem_pestat] (25, 50, 75) percentile: (516, 582, 597)
[M::mem_pestat] low and high boundaries for computing mean and std.dev: (354, 759)
[M::mem_pestat] mean and std.dev: (585.22, 22.69)
[M::mem_pestat] low and high boundaries for proper pairs: (273, 840)
[M::mem_pestat] analyzing insert size distribution for orientation RR...
[M::mem_pestat] (25, 50, 75) percentile: (36, 52, 82)
[M::mem_pestat] low and high boundaries for computing mean and std.dev: (1, 174)
[M::mem_pestat] mean and std.dev: (57.42, 31.89)
[M::mem_pestat] low and high boundaries for proper pairs: (1, 220)
[M::mem_pestat] skip orientation FF
[M::mem_pestat] skip orientation RF
[M::mem_pestat] skip orientation RR
[2025/11/26 10:26:18 | FgBioMain | Info] Executing GroupReadsByUmi from fgbio version 3.1.0 as zhijian@epilab-gpu on JRE 23.0.2-internal-adhoc.conda.src with snappy, IntelInflater, and IntelDeflater
[2025/11/26 10:26:18 | GroupReadsByUmi | Info] Filtering the input.
[2025/11/26 10:26:18 | GroupReadsByUmi | Info] Sorting the input to TemplateCoordinate order.
[2025/11/26 10:26:22 | GroupReadsByUmi | Info] Sorted     1,000,000 records.  Elapsed time: 00:00:03s.  Time for last 1,000,000:    3s.  Last read position: Chr1A:487,594,696
开始处理文件: /datapool/data/Users/zhijian/projects/scumiatac/result/step5_bwa/ATACP500_2.bwa.bam ...
已处理 1000000 条 reads...
已处理 2000000 条 reads...
已处理 3000000 条 reads...
已处理 4000000 条 reads...
已处理 5000000 条 reads...
已处理 6000000 条 reads...
已处理 7000000 条 reads...
已处理 8000000 条 reads...
已处理 9000000 条 reads...
已处理 10000000 条 reads...
已处理 11000000 条 reads...
已处理 12000000 条 reads...
已处理 13000000 条 reads...
已处理 14000000 条 reads...
已处理 15000000 条 reads...
已处理 16000000 条 reads...
已处理 17000000 条 reads...
已处理 18000000 条 reads...
已处理 19000000 条 reads...
已处理 20000000 条 reads...
已处理 21000000 条 reads...
已处理 22000000 条 reads...
已处理 23000000 条 reads...
已处理 24000000 条 reads...
已处理 25000000 条 reads...
已处理 26000000 条 reads...
已处理 27000000 条 reads...
已处理 28000000 条 reads...
已处理 29000000 条 reads...
已处理 30000000 条 reads...
已处理 31000000 条 reads...
已处理 32000000 条 reads...
已处理 33000000 条 reads...
已处理 34000000 条 reads...
已处理 35000000 条 reads...
已处理 36000000 条 reads...
已处理 37000000 条 reads...
已处理 38000000 条 reads...
已处理 39000000 条 reads...
已处理 40000000 条 reads...
已处理 41000000 条 reads...
已处理 42000000 条 reads...
已处理 43000000 条 reads...
已处理 44000000 条 reads...
已处理 45000000 条 reads...
已处理 46000000 条 reads...
已处理 47000000 条 reads...
已处理 48000000 条 reads...
已处理 49000000 条 reads...
已处理 50000000 条 reads...
已处理 51000000 条 reads...
已处理 52000000 条 reads...
已处理 53000000 条 reads...
已处理 54000000 条 reads...
已处理 55000000 条 reads...
已处理 56000000 条 reads...
已处理 57000000 条 reads...
已处理 58000000 条 reads...
已处理 59000000 条 reads...
已处理 60000000 条 reads...
已处理 61000000 条 reads...
已处理 62000000 条 reads...
已处理 63000000 条 reads...
已处理 64000000 条 reads...
BAM文件处理完成，正在生成统计报表...
[Wed Nov 26 10:26:22 2025]
Finished job 27.
10 of 26 steps (38%) done
Select jobs to execute...

[Wed Nov 26 10:26:22 2025]
rule dedup:
    input: /datapool/data/Users/zhijian/projects/scumiatac/result/step6_bam_qc/ATACP500_2.finished
    output: /datapool/data/Users/zhijian/projects/scumiatac/result/step7_dedup/ATACP500_2.finished
    jobid: 26
    reason: Missing output files: /datapool/data/Users/zhijian/projects/scumiatac/result/step7_dedup/ATACP500_2.finished; Input files updated by another job: /datapool/data/Users/zhijian/projects/scumiatac/result/step6_bam_qc/ATACP500_2.finished
    wildcards: sample=ATACP500_2
    threads: 8
    resources: tmpdir=/tmp


       
_JAVA_OPTIONS="-Xmx16g" fgbio GroupReadsByUmi --input=/datapool/data/Users/zhijian/projects/scumiatac/result/step6_bam_qc/ATACP500_2.qc.bam --output=/datapool/data/Users/zhijian/projects/scumiatac/result/step6_bam_qc/ATACP500_2.qc.bam.gp.bam                      --strategy=adjacency --edits=1 --min-map-q=20 --threads 8 --family-size-histogram=/datapool/data/Users/zhijian/projects/scumiatac/result/step7_dedup/ATACP500_2.family.txt
__JAVA_OPTIONS="-Xmx16g" fgbio CallMolecularConsensusReads   --input=/datapool/data/Users/zhijian/projects/scumiatac/result/step6_bam_qc/ATACP500_2.qc.bam.gp.bam   --output=/datapool/data/Users/zhijian/projects/scumiatac/result/step7_dedup/ATACP500_2.dedup.bam   --min-reads=5   --min-input-base-quality=20   --threads 8
rm /datapool/data/Users/zhijian/projects/scumiatac/result/step6_bam_qc/ATACP500_2.qc.bam.gp.bam           
touch /datapool/data/Users/zhijian/projects/scumiatac/result/step7_dedup/ATACP500_2.finished
        
Activating conda environment: scumiatac
[M::process] read 3299992 sequences (320000174 bp)...
Picked up _JAVA_OPTIONS: -Xmx16g
[2025/11/26 10:26:26 | GroupReadsByUmi | Info] Sorted     2,000,000 records.  Elapsed time: 00:00:07s.  Time for last 1,000,000:    4s.  Last read position: Chr1B:615,908,199
Nov 26, 2025 10:26:26 AM com.intel.gkl.NativeLibraryLoader load
INFO: Loading libgkl_compression.so from jar:file:/datapool/data/Users/zhijian/miniconda3/envs/scumiatac/share/fgbio/fgbio.jar!/com/intel/gkl/native/libgkl_compression.so
[2025/11/26 10:26:28 | FgBioMain | Info] Executing GroupReadsByUmi from fgbio version 3.1.0 as zhijian@epilab-gpu on JRE 23.0.2-internal-adhoc.conda.src with snappy, IntelInflater, and IntelDeflater
[2025/11/26 10:26:28 | GroupReadsByUmi | Info] Filtering the input.
[2025/11/26 10:26:28 | GroupReadsByUmi | Info] Sorting the input to TemplateCoordinate order.
[2025/11/26 10:26:30 | GroupReadsByUmi | Info] Sorted     3,000,000 records.  Elapsed time: 00:00:11s.  Time for last 1,000,000:    3s.  Last read position: Chr1D:373,939,142
[2025/11/26 10:26:32 | GroupReadsByUmi | Info] Sorted     1,000,000 records.  Elapsed time: 00:00:03s.  Time for last 1,000,000:    3s.  Last read position: Chr1A:515,456,789
[M::mem_process_seqs] Processed 3345270 reads in 2078.374 CPU sec, 66.058 real sec
[2025/11/26 10:26:34 | GroupReadsByUmi | Info] Sorted     4,000,000 records.  Elapsed time: 00:00:15s.  Time for last 1,000,000:    3s.  Last read position: Chr2A:353,428,152
[2025/11/26 10:26:36 | GroupReadsByUmi | Info] Sorted     2,000,000 records.  Elapsed time: 00:00:07s.  Time for last 1,000,000:    4s.  Last read position: Chr1B:679,273,084
[2025/11/26 10:26:38 | GroupReadsByUmi | Info] Sorted     5,000,000 records.  Elapsed time: 00:00:19s.  Time for last 1,000,000:    4s.  Last read position: Chr2B:68,782,588
[2025/11/26 10:26:40 | GroupReadsByUmi | Info] Sorted     3,000,000 records.  Elapsed time: 00:00:11s.  Time for last 1,000,000:    4s.  Last read position: Chr1D:480,052,756
[2025/11/26 10:26:42 | GroupReadsByUmi | Info] Sorted     6,000,000 records.  Elapsed time: 00:00:23s.  Time for last 1,000,000:    4s.  Last read position: Chr2B:527,033,344
[2025/11/26 10:26:44 | GroupReadsByUmi | Info] Sorted     4,000,000 records.  Elapsed time: 00:00:15s.  Time for last 1,000,000:    3s.  Last read position: Chr2A:510,805,396
[M::process] read 3214134 sequences (305834761 bp)...
[2025/11/26 10:26:46 | GroupReadsByUmi | Info] Sorted     7,000,000 records.  Elapsed time: 00:00:27s.  Time for last 1,000,000:    4s.  Last read position: Chr2D:227,905,778
[2025/11/26 10:26:48 | GroupReadsByUmi | Info] Sorted     5,000,000 records.  Elapsed time: 00:00:19s.  Time for last 1,000,000:    4s.  Last read position: Chr2B:281,874,783
[2025/11/26 10:26:50 | GroupReadsByUmi | Info] Sorted     8,000,000 records.  Elapsed time: 00:00:31s.  Time for last 1,000,000:    3s.  Last read position: Chr3A:15,107,550
[2025/11/26 10:26:51 | GroupReadsByUmi | Info] Sorted     6,000,000 records.  Elapsed time: 00:00:22s.  Time for last 1,000,000:    3s.  Last read position: Chr2B:790,618,696
[2025/11/26 10:26:54 | GroupReadsByUmi | Info] Sorted     9,000,000 records.  Elapsed time: 00:00:35s.  Time for last 1,000,000:    3s.  Last read position: Chr3A:460,935,152
[2025/11/26 10:26:54 | GroupReadsByUmi | Info] Sorted     7,000,000 records.  Elapsed time: 00:00:26s.  Time for last 1,000,000:    3s.  Last read position: Chr2D:468,732,148
[2025/11/26 10:26:57 | GroupReadsByUmi | Info] Sorted    10,000,000 records.  Elapsed time: 00:00:38s.  Time for last 1,000,000:    3s.  Last read position: Chr3B:207,904,665
[2025/11/26 10:26:57 | GroupReadsByUmi | Info] Sorted     8,000,000 records.  Elapsed time: 00:00:29s.  Time for last 1,000,000:    3s.  Last read position: Chr3A:294,237,792
[2025/11/26 10:27:00 | GroupReadsByUmi | Info] Sorted    11,000,000 records.  Elapsed time: 00:00:41s.  Time for last 1,000,000:    2s.  Last read position: Chr3B:645,998,877
[2025/11/26 10:27:00 | GroupReadsByUmi | Info] Sorted     9,000,000 records.  Elapsed time: 00:00:32s.  Time for last 1,000,000:    3s.  Last read position: Chr3B:40,193,456
[2025/11/26 10:27:03 | GroupReadsByUmi | Info] Sorted    12,000,000 records.  Elapsed time: 00:00:44s.  Time for last 1,000,000:    3s.  Last read position: Chr3D:235,011,071
[2025/11/26 10:27:03 | GroupReadsByUmi | Info] Sorted    10,000,000 records.  Elapsed time: 00:00:35s.  Time for last 1,000,000:    2s.  Last read position: Chr3B:509,993,023
[2025/11/26 10:27:06 | GroupReadsByUmi | Info] Sorted    13,000,000 records.  Elapsed time: 00:00:47s.  Time for last 1,000,000:    3s.  Last read position: Chr4A:76,917,662
[2025/11/26 10:27:07 | GroupReadsByUmi | Info] Sorted    11,000,000 records.  Elapsed time: 00:00:38s.  Time for last 1,000,000:    3s.  Last read position: Chr3D:161,574,284
[2025/11/26 10:27:09 | GroupReadsByUmi | Info] Sorted    14,000,000 records.  Elapsed time: 00:00:50s.  Time for last 1,000,000:    3s.  Last read position: Chr4A:538,283,784
[2025/11/26 10:27:10 | GroupReadsByUmi | Info] Sorted    12,000,000 records.  Elapsed time: 00:00:41s.  Time for last 1,000,000:    3s.  Last read position: Chr4A:32,288,678
[2025/11/26 10:27:13 | GroupReadsByUmi | Info] Sorted    15,000,000 records.  Elapsed time: 00:00:54s.  Time for last 1,000,000:    3s.  Last read position: Chr4B:233,113,547
[M::mem_pestat] # candidate unique pairs for (FF, FR, RF, RR): (1, 332802, 42, 1)
[M::mem_pestat] skip orientation FF as there are not enough pairs
[M::mem_pestat] analyzing insert size distribution for orientation FR...
[M::mem_pestat] (25, 50, 75) percentile: (81, 98, 125)
[M::mem_pestat] low and high boundaries for computing mean and std.dev: (1, 213)
[M::mem_pestat] mean and std.dev: (105.16, 31.66)
[M::mem_pestat] low and high boundaries for proper pairs: (1, 257)
[M::mem_pestat] analyzing insert size distribution for orientation RF...
[M::mem_pestat] (25, 50, 75) percentile: (536, 574, 607)
[M::mem_pestat] low and high boundaries for computing mean and std.dev: (394, 749)
[M::mem_pestat] mean and std.dev: (575.52, 32.66)
[M::mem_pestat] low and high boundaries for proper pairs: (323, 820)
[M::mem_pestat] skip orientation RR as there are not enough pairs
[M::mem_pestat] skip orientation RF
[2025/11/26 10:27:14 | GroupReadsByUmi | Info] Sorted    13,000,000 records.  Elapsed time: 00:00:45s.  Time for last 1,000,000:    3s.  Last read position: Chr4A:502,265,683
[2025/11/26 10:27:16 | GroupReadsByUmi | Info] Sorted    16,000,000 records.  Elapsed time: 00:00:57s.  Time for last 1,000,000:    3s.  Last read position: Chr4B:654,790,729
[2025/11/26 10:27:18 | GroupReadsByUmi | Info] Sorted    14,000,000 records.  Elapsed time: 00:00:49s.  Time for last 1,000,000:    3s.  Last read position: Chr4B:234,673,659
[2025/11/26 10:27:19 | GroupReadsByUmi | Info] Sorted    17,000,000 records.  Elapsed time: 00:01:00s.  Time for last 1,000,000:    3s.  Last read position: Chr4D:419,505,053
[2025/11/26 10:27:21 | GroupReadsByUmi | Info] Sorted    15,000,000 records.  Elapsed time: 00:00:53s.  Time for last 1,000,000:    3s.  Last read position: Chr4D:921,158
[2025/11/26 10:27:23 | GroupReadsByUmi | Info] Sorted    18,000,000 records.  Elapsed time: 00:01:04s.  Time for last 1,000,000:    3s.  Last read position: Chr5A:334,195,748
[2025/11/26 10:27:25 | GroupReadsByUmi | Info] Sorted    16,000,000 records.  Elapsed time: 00:00:56s.  Time for last 1,000,000:    3s.  Last read position: Chr4D:473,952,828
[2025/11/26 10:27:27 | GroupReadsByUmi | Info] Sorted    19,000,000 records.  Elapsed time: 00:01:08s.  Time for last 1,000,000:    3s.  Last read position: Chr5B:60,382,021
[2025/11/26 10:27:29 | GroupReadsByUmi | Info] Sorted    17,000,000 records.  Elapsed time: 00:01:00s.  Time for last 1,000,000:    3s.  Last read position: Chr5A:412,432,133
[2025/11/26 10:27:30 | GroupReadsByUmi | Info] Sorted    20,000,000 records.  Elapsed time: 00:01:11s.  Time for last 1,000,000:    3s.  Last read position: Chr5B:499,672,718
[M::mem_process_seqs] Processed 3306866 reads in 2530.007 CPU sec, 80.001 real sec
[M::mem_pestat] # candidate unique pairs for (FF, FR, RF, RR): (58, 606836, 25, 72)
[M::mem_pestat] analyzing insert size distribution for orientation FF...
[M::mem_pestat] (25, 50, 75) percentile: (36, 49, 73)
[M::mem_pestat] low and high boundaries for computing mean and std.dev: (1, 147)
[M::mem_pestat] mean and std.dev: (54.62, 25.78)
[M::mem_pestat] low and high boundaries for proper pairs: (1, 184)
[M::mem_pestat] analyzing insert size distribution for orientation FR...
[M::mem_pestat] (25, 50, 75) percentile: (79, 94, 115)
[M::mem_pestat] low and high boundaries for computing mean and std.dev: (7, 187)
[M::mem_pestat] mean and std.dev: (99.10, 25.62)
[M::mem_pestat] low and high boundaries for proper pairs: (1, 223)
[M::mem_pestat] analyzing insert size distribution for orientation RF...
[M::mem_pestat] (25, 50, 75) percentile: (556, 589, 629)
[M::mem_pestat] low and high boundaries for computing mean and std.dev: (410, 775)
[M::mem_pestat] mean and std.dev: (585.12, 28.33)
[M::mem_pestat] low and high boundaries for proper pairs: (337, 848)
[M::mem_pestat] analyzing insert size distribution for orientation RR...
[M::mem_pestat] (25, 50, 75) percentile: (34, 51, 86)
[M::mem_pestat] low and high boundaries for computing mean and std.dev: (1, 190)
[M::mem_pestat] mean and std.dev: (57.43, 31.55)
[M::mem_pestat] low and high boundaries for proper pairs: (1, 242)
[M::mem_pestat] skip orientation FF
[M::mem_pestat] skip orientation RF
[M::mem_pestat] skip orientation RR
[2025/11/26 10:27:32 | GroupReadsByUmi | Info] Sorted    18,000,000 records.  Elapsed time: 00:01:03s.  Time for last 1,000,000:    3s.  Last read position: Chr5B:171,170,698
[2025/11/26 10:27:33 | GroupReadsByUmi | Info] Sorted    21,000,000 records.  Elapsed time: 00:01:14s.  Time for last 1,000,000:    3s.  Last read position: Chr5D:218,078,368
[2025/11/26 10:27:35 | GroupReadsByUmi | Info] Sorted    19,000,000 records.  Elapsed time: 00:01:06s.  Time for last 1,000,000:    3s.  Last read position: Chr5B:652,082,085
[2025/11/26 10:27:37 | GroupReadsByUmi | Info] Sorted    22,000,000 records.  Elapsed time: 00:01:18s.  Time for last 1,000,000:    3s.  Last read position: Chr6A:119,452,143
[2025/11/26 10:27:39 | GroupReadsByUmi | Info] Sorted    20,000,000 records.  Elapsed time: 00:01:10s.  Time for last 1,000,000:    3s.  Last read position: Chr5D:424,547,672
[2025/11/26 10:27:40 | GroupReadsByUmi | Info] Sorted    23,000,000 records.  Elapsed time: 00:01:21s.  Time for last 1,000,000:    3s.  Last read position: Chr6A:566,553,896
[2025/11/26 10:27:42 | GroupReadsByUmi | Info] Sorted    21,000,000 records.  Elapsed time: 00:01:13s.  Time for last 1,000,000:    3s.  Last read position: Chr6A:350,705,817
[M::process] read 3297814 sequences (320000004 bp)...
[2025/11/26 10:27:44 | GroupReadsByUmi | Info] Sorted    24,000,000 records.  Elapsed time: 00:01:25s.  Time for last 1,000,000:    3s.  Last read position: Chr6B:430,519,520
[2025/11/26 10:27:46 | GroupReadsByUmi | Info] Sorted    22,000,000 records.  Elapsed time: 00:01:17s.  Time for last 1,000,000:    3s.  Last read position: Chr6B:266,014,807
[M::mem_process_seqs] Processed 3347206 reads in 2318.509 CPU sec, 73.153 real sec
[2025/11/26 10:27:48 | GroupReadsByUmi | Info] Sorted    25,000,000 records.  Elapsed time: 00:01:29s.  Time for last 1,000,000:    4s.  Last read position: Chr6D:175,687,768
[2025/11/26 10:27:50 | GroupReadsByUmi | Info] Sorted    23,000,000 records.  Elapsed time: 00:01:21s.  Time for last 1,000,000:    3s.  Last read position: Chr6D:24,849,728
[2025/11/26 10:27:53 | GroupReadsByUmi | Info] Sorted    26,000,000 records.  Elapsed time: 00:01:34s.  Time for last 1,000,000:    4s.  Last read position: Chr7A:125,466,990
[2025/11/26 10:27:53 | GroupReadsByUmi | Info] Sorted    24,000,000 records.  Elapsed time: 00:01:24s.  Time for last 1,000,000:    3s.  Last read position: Chr7A:14,079,742
[2025/11/26 10:27:57 | GroupReadsByUmi | Info] Sorted    27,000,000 records.  Elapsed time: 00:01:38s.  Time for last 1,000,000:    4s.  Last read position: Chr7A:608,119,575
[2025/11/26 10:27:57 | GroupReadsByUmi | Info] Sorted    25,000,000 records.  Elapsed time: 00:01:29s.  Time for last 1,000,000:    4s.  Last read position: Chr7A:528,338,552
[2025/11/26 10:28:01 | GroupReadsByUmi | Info] Sorted    28,000,000 records.  Elapsed time: 00:01:42s.  Time for last 1,000,000:    3s.  Last read position: Chr7B:303,053,478
[2025/11/26 10:28:01 | GroupReadsByUmi | Info] Sorted    26,000,000 records.  Elapsed time: 00:01:32s.  Time for last 1,000,000:    3s.  Last read position: Chr7B:268,996,584
[2025/11/26 10:28:04 | GroupReadsByUmi | Info] Sorted    29,000,000 records.  Elapsed time: 00:01:45s.  Time for last 1,000,000:    3s.  Last read position: Chr7B:724,905,207
[2025/11/26 10:28:04 | GroupReadsByUmi | Info] Sorted    27,000,000 records.  Elapsed time: 00:01:36s.  Time for last 1,000,000:    3s.  Last read position: Chr7B:722,390,469
[2025/11/26 10:28:08 | GroupReadsByUmi | Info] Sorted    30,000,000 records.  Elapsed time: 00:01:49s.  Time for last 1,000,000:    3s.  Last read position: Chr7D:408,793,870
[2025/11/26 10:28:08 | GroupReadsByUmi | Info] Sorted    28,000,000 records.  Elapsed time: 00:01:40s.  Time for last 1,000,000:    3s.  Last read position: Chr7D:449,268,517
[2025/11/26 10:28:12 | GroupReadsByUmi | Info] Sorted    29,000,000 records.  Elapsed time: 00:01:43s.  Time for last 1,000,000:    3s.  Last read position: NC_002762.1:3,021
[2025/11/26 10:28:13 | GroupReadsByUmi | Info] Sorted    31,000,000 records.  Elapsed time: 00:01:54s.  Time for last 1,000,000:    4s.  Last read position: NC_002762.1:2,865
[2025/11/26 10:28:15 | GroupReadsByUmi | Info] Sorted    30,000,000 records.  Elapsed time: 00:01:46s.  Time for last 1,000,000:    2s.  Last read position: NC_002762.1:12,298
[2025/11/26 10:28:16 | GroupReadsByUmi | Info] Sorted    32,000,000 records.  Elapsed time: 00:01:57s.  Time for last 1,000,000:    2s.  Last read position: NC_002762.1:16,313
[2025/11/26 10:28:18 | GroupReadsByUmi | Info] Sorted    31,000,000 records.  Elapsed time: 00:01:49s.  Time for last 1,000,000:    2s.  Last read position: NC_002762.1:20,318
[2025/11/26 10:28:18 | GroupReadsByUmi | Info] Sorted    33,000,000 records.  Elapsed time: 00:01:59s.  Time for last 1,000,000:    2s.  Last read position: NC_002762.1:27,335
[2025/11/26 10:28:21 | GroupReadsByUmi | Info] Sorted    32,000,000 records.  Elapsed time: 00:01:52s.  Time for last 1,000,000:    2s.  Last read position: NC_002762.1:27,081
[2025/11/26 10:28:21 | GroupReadsByUmi | Info] Sorted    34,000,000 records.  Elapsed time: 00:02:02s.  Time for last 1,000,000:    3s.  Last read position: NC_002762.1:38,867
[2025/11/26 10:28:24 | GroupReadsByUmi | Info] Sorted    33,000,000 records.  Elapsed time: 00:01:55s.  Time for last 1,000,000:    2s.  Last read position: NC_002762.1:34,585
[2025/11/26 10:28:24 | GroupReadsByUmi | Info] Sorted    35,000,000 records.  Elapsed time: 00:02:05s.  Time for last 1,000,000:    2s.  Last read position: NC_002762.1:50,291
[2025/11/26 10:28:27 | GroupReadsByUmi | Info] Sorted    36,000,000 records.  Elapsed time: 00:02:08s.  Time for last 1,000,000:    2s.  Last read position: NC_002762.1:61,466
[2025/11/26 10:28:27 | GroupReadsByUmi | Info] Sorted    34,000,000 records.  Elapsed time: 00:01:58s.  Time for last 1,000,000:    3s.  Last read position: NC_002762.1:41,944
[M::mem_pestat] # candidate unique pairs for (FF, FR, RF, RR): (2, 330997, 64, 2)
[M::mem_pestat] skip orientation FF as there are not enough pairs
[M::mem_pestat] analyzing insert size distribution for orientation FR...
[M::mem_pestat] (25, 50, 75) percentile: (82, 99, 126)
[M::mem_pestat] low and high boundaries for computing mean and std.dev: (1, 214)
[M::mem_pestat] mean and std.dev: (105.59, 31.96)
[M::mem_pestat] low and high boundaries for proper pairs: (1, 258)
[M::mem_pestat] analyzing insert size distribution for orientation RF...
[M::mem_pestat] (25, 50, 75) percentile: (533, 582, 608)
[M::mem_pestat] low and high boundaries for computing mean and std.dev: (383, 758)
[M::mem_pestat] mean and std.dev: (580.92, 37.79)
[M::mem_pestat] low and high boundaries for proper pairs: (308, 833)
[M::mem_pestat] skip orientation RR as there are not enough pairs
[M::mem_pestat] skip orientation RF
[2025/11/26 10:28:29 | GroupReadsByUmi | Info] Sorted    35,000,000 records.  Elapsed time: 00:02:00s.  Time for last 1,000,000:    2s.  Last read position: NC_002762.1:49,619
[2025/11/26 10:28:30 | GroupReadsByUmi | Info] Sorted    37,000,000 records.  Elapsed time: 00:02:11s.  Time for last 1,000,000:    2s.  Last read position: NC_002762.1:72,657
[2025/11/26 10:28:32 | GroupReadsByUmi | Info] Sorted    36,000,000 records.  Elapsed time: 00:02:03s.  Time for last 1,000,000:    2s.  Last read position: NC_002762.1:56,811
[2025/11/26 10:28:34 | GroupReadsByUmi | Info] Sorted    38,000,000 records.  Elapsed time: 00:02:15s.  Time for last 1,000,000:    4s.  Last read position: NC_002762.1:105,499
[2025/11/26 10:28:35 | GroupReadsByUmi | Info] Sorted    37,000,000 records.  Elapsed time: 00:02:06s.  Time for last 1,000,000:    2s.  Last read position: NC_002762.1:64,191
[2025/11/26 10:28:37 | GroupReadsByUmi | Info] Sorted    38,000,000 records.  Elapsed time: 00:02:08s.  Time for last 1,000,000:    2s.  Last read position: NC_002762.1:71,580
[2025/11/26 10:28:38 | GroupReadsByUmi | Info] Sorted    39,000,000 records.  Elapsed time: 00:02:19s.  Time for last 1,000,000:    4s.  Last read position: NC_036024.1:289,186
Nov 26, 2025 10:28:40 AM com.intel.gkl.compression.IntelInflater inflate
WARNING: Zero Bytes Written : 0
[2025/11/26 10:28:40 | GroupReadsByUmi | Info] Sorted    39,398,842 records.  Elapsed time: 00:02:21s.  Time for last 398,842:    1s.  Last read position: NC_036024.1:452,471
[2025/11/26 10:28:40 | GroupReadsByUmi | Info] Sorted    39,000,000 records.  Elapsed time: 00:02:11s.  Time for last 1,000,000:    2s.  Last read position: NC_002762.1:79,002
[2025/11/26 10:28:40 | GroupReadsByUmi | Info] Accepted 39,398,842 SAM records for grouping.
[2025/11/26 10:28:40 | GroupReadsByUmi | Info] Filtered out 21,083,644 SAM records due to mapping issues.
[2025/11/26 10:28:40 | GroupReadsByUmi | Info] Filtered out 0 SAM records that contained one or more Ns in their UMIs.
[2025/11/26 10:28:40 | GroupReadsByUmi | Info] Assigning reads to UMIs and outputting.
[2025/11/26 10:28:40 | SamWriter | Info] Seen many non-increasing record positions. Printing Read-names as well.
[M::mem_process_seqs] Processed 3299992 reads in 2217.714 CPU sec, 70.100 real sec
[M::mem_pestat] # candidate unique pairs for (FF, FR, RF, RR): (51, 580267, 26, 46)
[M::mem_pestat] analyzing insert size distribution for orientation FF...
[M::mem_pestat] (25, 50, 75) percentile: (42, 56, 73)
[M::mem_pestat] low and high boundaries for computing mean and std.dev: (1, 135)
[M::mem_pestat] mean and std.dev: (57.98, 26.00)
[M::mem_pestat] low and high boundaries for proper pairs: (1, 166)
[M::mem_pestat] analyzing insert size distribution for orientation FR...
[M::mem_pestat] (25, 50, 75) percentile: (79, 93, 113)
[M::mem_pestat] low and high boundaries for computing mean and std.dev: (11, 181)
[M::mem_pestat] mean and std.dev: (97.96, 24.61)
[M::mem_pestat] low and high boundaries for proper pairs: (1, 215)
[M::mem_pestat] analyzing insert size distribution for orientation RF...
[M::mem_pestat] (25, 50, 75) percentile: (528, 597, 2803)
[M::mem_pestat] low and high boundaries for computing mean and std.dev: (1, 7353)
[M::mem_pestat] mean and std.dev: (1521.44, 2108.78)
[M::mem_pestat] low and high boundaries for proper pairs: (1, 9957)
[M::mem_pestat] analyzing insert size distribution for orientation RR...
[M::mem_pestat] (25, 50, 75) percentile: (31, 56, 69)
[M::mem_pestat] low and high boundaries for computing mean and std.dev: (1, 145)
[M::mem_pestat] mean and std.dev: (54.63, 26.37)
[M::mem_pestat] low and high boundaries for proper pairs: (1, 183)
[M::mem_pestat] skip orientation FF
[M::mem_pestat] skip orientation RF
[M::mem_pestat] skip orientation RR
[2025/11/26 10:28:44 | GroupReadsByUmi | Info] Sorted    40,000,000 records.  Elapsed time: 00:02:15s.  Time for last 1,000,000:    4s.  Last read position: NC_002762.1:107,916
[2025/11/26 10:28:49 | GroupReadsByUmi | Info] Sorted    41,000,000 records.  Elapsed time: 00:02:20s.  Time for last 1,000,000:    4s.  Last read position: NC_036024.1:128,317
Nov 26, 2025 10:28:51 AM com.intel.gkl.compression.IntelInflater inflate
WARNING: Zero Bytes Written : 0
[2025/11/26 10:28:51 | GroupReadsByUmi | Info] Sorted    41,821,090 records.  Elapsed time: 00:02:22s.  Time for last 821,090:    2s.  Last read position: NC_036024.1:452,477
[2025/11/26 10:28:52 | GroupReadsByUmi | Info] Accepted 41,821,090 SAM records for grouping.
[2025/11/26 10:28:52 | GroupReadsByUmi | Info] Filtered out 21,698,110 SAM records due to mapping issues.
[2025/11/26 10:28:52 | GroupReadsByUmi | Info] Filtered out 0 SAM records that contained one or more Ns in their UMIs.
[2025/11/26 10:28:52 | GroupReadsByUmi | Info] Assigning reads to UMIs and outputting.
[M::process] read 3303036 sequences (320000061 bp)...
[2025/11/26 10:28:52 | SamWriter | Info] Seen many non-increasing record positions. Printing Read-names as well.
[M::mem_process_seqs] Processed 3214134 reads in 2254.947 CPU sec, 71.695 real sec
[main] Version: 0.7.19-r1273
[main] CMD: bwa mem -t 32 /datapool/home/zhijian/data/wheat/genome/3.ref.mask.fasta.gz /datapool/data/Users/zhijian/projects/scumiatac/result/step4_trim/ATACP1000_2_final_1P.fq.gz /datapool/data/Users/zhijian/projects/scumiatac/result/step4_trim/ATACP1000_2_final_2P.fq.gz
[main] Real time: 1978.995 sec; CPU: 60800.540 sec
[bam_sort_core] merging from 1 files and 32 in-memory blocks...
[2025/11/26 10:29:07 | SamWriter | Info] Wrote      2,000,000 records.  Elapsed time: 00:02:48s.  Time for last 2,000,000:   27s.  Last read position: Chr1B:615,929,902.  Last read name: V350363065L1C006R02801089281:0:0:0:UMI_AACAACACAACACTGAATGTCATGAAGA
[2025/11/26 10:29:17 | SamWriter | Info] Wrote      2,000,000 records.  Elapsed time: 00:02:48s.  Time for last 2,000,000:   25s.  Last read position: Chr1B:679,388,007.  Last read name: V350363065L2C002R01600763471:0:0:0:UMI_AACAACACAACACTGAAGCGTGAGAGCA
开始处理文件: /datapool/data/Users/zhijian/projects/scumiatac/result/step5_bwa/ATACP1000_1.bwa.bam ...
已处理 1000000 条 reads...
已处理 2000000 条 reads...
已处理 3000000 条 reads...
已处理 4000000 条 reads...
已处理 5000000 条 reads...
已处理 6000000 条 reads...
已处理 7000000 条 reads...
已处理 8000000 条 reads...
已处理 9000000 条 reads...
已处理 10000000 条 reads...
已处理 11000000 条 reads...
已处理 12000000 条 reads...
已处理 13000000 条 reads...
已处理 14000000 条 reads...
已处理 15000000 条 reads...
已处理 16000000 条 reads...
已处理 17000000 条 reads...
已处理 18000000 条 reads...
已处理 19000000 条 reads...
已处理 20000000 条 reads...
已处理 21000000 条 reads...
已处理 22000000 条 reads...
已处理 23000000 条 reads...
已处理 24000000 条 reads...
已处理 25000000 条 reads...
已处理 26000000 条 reads...
已处理 27000000 条 reads...
已处理 28000000 条 reads...
已处理 29000000 条 reads...
已处理 30000000 条 reads...
已处理 31000000 条 reads...
已处理 32000000 条 reads...
已处理 33000000 条 reads...
已处理 34000000 条 reads...
已处理 35000000 条 reads...
已处理 36000000 条 reads...
已处理 37000000 条 reads...
已处理 38000000 条 reads...
已处理 39000000 条 reads...
已处理 40000000 条 reads...
已处理 41000000 条 reads...
已处理 42000000 条 reads...
已处理 43000000 条 reads...
已处理 44000000 条 reads...
已处理 45000000 条 reads...
已处理 46000000 条 reads...
已处理 47000000 条 reads...
已处理 48000000 条 reads...
已处理 49000000 条 reads...
已处理 50000000 条 reads...
已处理 51000000 条 reads...
已处理 52000000 条 reads...
已处理 53000000 条 reads...
已处理 54000000 条 reads...
已处理 55000000 条 reads...
已处理 56000000 条 reads...
已处理 57000000 条 reads...
已处理 58000000 条 reads...
已处理 59000000 条 reads...
已处理 60000000 条 reads...
已处理 61000000 条 reads...
已处理 62000000 条 reads...
已处理 63000000 条 reads...
已处理 64000000 条 reads...
已处理 65000000 条 reads...
已处理 66000000 条 reads...
已处理 67000000 条 reads...
已处理 68000000 条 reads...
已处理 69000000 条 reads...
已处理 70000000 条 reads...
已处理 71000000 条 reads...
已处理 72000000 条 reads...
已处理 73000000 条 reads...
已处理 74000000 条 reads...
已处理 75000000 条 reads...
已处理 76000000 条 reads...
已处理 77000000 条 reads...
BAM文件处理完成，正在生成统计报表...
[Wed Nov 26 10:29:24 2025]
Finished job 3.
11 of 26 steps (42%) done
Select jobs to execute...

[Wed Nov 26 10:29:24 2025]
rule dedup:
    input: /datapool/data/Users/zhijian/projects/scumiatac/result/step6_bam_qc/ATACP1000_1.finished
    output: /datapool/data/Users/zhijian/projects/scumiatac/result/step7_dedup/ATACP1000_1.finished
    jobid: 2
    reason: Missing output files: /datapool/data/Users/zhijian/projects/scumiatac/result/step7_dedup/ATACP1000_1.finished; Input files updated by another job: /datapool/data/Users/zhijian/projects/scumiatac/result/step6_bam_qc/ATACP1000_1.finished
    wildcards: sample=ATACP1000_1
    threads: 8
    resources: tmpdir=/tmp


       
_JAVA_OPTIONS="-Xmx16g" fgbio GroupReadsByUmi --input=/datapool/data/Users/zhijian/projects/scumiatac/result/step6_bam_qc/ATACP1000_1.qc.bam --output=/datapool/data/Users/zhijian/projects/scumiatac/result/step6_bam_qc/ATACP1000_1.qc.bam.gp.bam                      --strategy=adjacency --edits=1 --min-map-q=20 --threads 8 --family-size-histogram=/datapool/data/Users/zhijian/projects/scumiatac/result/step7_dedup/ATACP1000_1.family.txt
__JAVA_OPTIONS="-Xmx16g" fgbio CallMolecularConsensusReads   --input=/datapool/data/Users/zhijian/projects/scumiatac/result/step6_bam_qc/ATACP1000_1.qc.bam.gp.bam   --output=/datapool/data/Users/zhijian/projects/scumiatac/result/step7_dedup/ATACP1000_1.dedup.bam   --min-reads=5   --min-input-base-quality=20   --threads 8
rm /datapool/data/Users/zhijian/projects/scumiatac/result/step6_bam_qc/ATACP1000_1.qc.bam.gp.bam           
touch /datapool/data/Users/zhijian/projects/scumiatac/result/step7_dedup/ATACP1000_1.finished
        
Activating conda environment: scumiatac
Picked up _JAVA_OPTIONS: -Xmx16g
Nov 26, 2025 10:29:28 AM com.intel.gkl.NativeLibraryLoader load
INFO: Loading libgkl_compression.so from jar:file:/datapool/data/Users/zhijian/miniconda3/envs/scumiatac/share/fgbio/fgbio.jar!/com/intel/gkl/native/libgkl_compression.so
[2025/11/26 10:29:30 | FgBioMain | Info] Executing GroupReadsByUmi from fgbio version 3.1.0 as zhijian@epilab-gpu on JRE 23.0.2-internal-adhoc.conda.src with snappy, IntelInflater, and IntelDeflater
[2025/11/26 10:29:30 | GroupReadsByUmi | Info] Filtering the input.
[2025/11/26 10:29:30 | GroupReadsByUmi | Info] Sorting the input to TemplateCoordinate order.
[Wed Nov 26 10:29:33 2025]
Finished job 12.
12 of 26 steps (46%) done
Select jobs to execute...

[Wed Nov 26 10:29:33 2025]
rule bam_qc:
    input: /datapool/data/Users/zhijian/projects/scumiatac/result/step5_bwa/ATACP1000_2.finished
    output: /datapool/data/Users/zhijian/projects/scumiatac/result/step6_bam_qc/ATACP1000_2.finished
    jobid: 11
    reason: Missing output files: /datapool/data/Users/zhijian/projects/scumiatac/result/step6_bam_qc/ATACP1000_2.finished; Input files updated by another job: /datapool/data/Users/zhijian/projects/scumiatac/result/step5_bwa/ATACP1000_2.finished
    wildcards: sample=ATACP1000_2
    resources: tmpdir=/tmp


python /datapool/data/Users/zhijian/projects/scumiatac/pipeline/scripts/bamFilterAndQc.py /datapool/data/Users/zhijian/projects/scumiatac/result/step5_bwa/ATACP1000_2.bwa.bam /datapool/data/Users/zhijian/projects/scumiatac/result/step6_bam_qc/ATACP1000_2.qc.bam
touch /datapool/data/Users/zhijian/projects/scumiatac/result/step6_bam_qc/ATACP1000_2.finished
        
[2025/11/26 10:29:34 | GroupReadsByUmi | Info] Sorted     1,000,000 records.  Elapsed time: 00:00:03s.  Time for last 1,000,000:    3s.  Last read position: Chr1A:350,958,469
[M::mem_pestat] # candidate unique pairs for (FF, FR, RF, RR): (1, 332518, 47, 0)
[M::mem_pestat] skip orientation FF as there are not enough pairs
[M::mem_pestat] analyzing insert size distribution for orientation FR...
[M::mem_pestat] (25, 50, 75) percentile: (82, 99, 126)
[M::mem_pestat] low and high boundaries for computing mean and std.dev: (1, 214)
[M::mem_pestat] mean and std.dev: (105.79, 32.16)
[M::mem_pestat] low and high boundaries for proper pairs: (1, 258)
[M::mem_pestat] analyzing insert size distribution for orientation RF...
[M::mem_pestat] (25, 50, 75) percentile: (519, 572, 597)
[M::mem_pestat] low and high boundaries for computing mean and std.dev: (363, 753)
[M::mem_pestat] mean and std.dev: (573.94, 37.24)
[M::mem_pestat] low and high boundaries for proper pairs: (285, 831)
[M::mem_pestat] skip orientation RR as there are not enough pairs
[M::mem_pestat] skip orientation RF
[2025/11/26 10:29:36 | SamWriter | Info] Wrote      4,000,000 records.  Elapsed time: 00:03:17s.  Time for last 2,000,000:   28s.  Last read position: Chr2A:353,236,548.  Last read name: V350363065L2C004R01300574632:0:0:0:UMI_AACAACACAACACTGATTTCGTGAAGTC
[2025/11/26 10:29:39 | GroupReadsByUmi | Info] Sorted     2,000,000 records.  Elapsed time: 00:00:09s.  Time for last 1,000,000:    5s.  Last read position: Chr1B:392,148,681
[2025/11/26 10:29:43 | SamWriter | Info] Wrote      4,000,000 records.  Elapsed time: 00:03:14s.  Time for last 2,000,000:   26s.  Last read position: Chr2A:510,601,893.  Last read name: V350363065L1C002R00901110408:0:0:0:UMI_AACAACACAACACTGAGGTCGAACAAGG
[2025/11/26 10:29:43 | GroupReadsByUmi | Info] Sorted     3,000,000 records.  Elapsed time: 00:00:12s.  Time for last 1,000,000:    3s.  Last read position: Chr1D:73,526,859
[2025/11/26 10:29:47 | GroupReadsByUmi | Info] Sorted     4,000,000 records.  Elapsed time: 00:00:17s.  Time for last 1,000,000:    4s.  Last read position: Chr1D:426,921,029
[M::mem_process_seqs] Processed 3297814 reads in 2097.474 CPU sec, 66.311 real sec
[2025/11/26 10:29:51 | GroupReadsByUmi | Info] Sorted     5,000,000 records.  Elapsed time: 00:00:20s.  Time for last 1,000,000:    3s.  Last read position: Chr2A:304,335,224
[2025/11/26 10:29:55 | GroupReadsByUmi | Info] Sorted     6,000,000 records.  Elapsed time: 00:00:24s.  Time for last 1,000,000:    3s.  Last read position: Chr2A:689,396,209
[M::process] read 3296406 sequences (320000183 bp)...
[2025/11/26 10:29:59 | GroupReadsByUmi | Info] Sorted     7,000,000 records.  Elapsed time: 00:00:28s.  Time for last 1,000,000:    3s.  Last read position: Chr2B:291,961,532
[2025/11/26 10:30:02 | GroupReadsByUmi | Info] Sorted     8,000,000 records.  Elapsed time: 00:00:31s.  Time for last 1,000,000:    3s.  Last read position: Chr2B:614,900,375
[2025/11/26 10:30:06 | SamWriter | Info] Wrote      6,000,000 records.  Elapsed time: 00:03:47s.  Time for last 2,000,000:   29s.  Last read position: Chr2B:526,784,482.  Last read name: V350363065L2C001R06200649186:0:0:0:UMI_AACAACACAACACTGACGTTTGGCTGAA
[2025/11/26 10:30:06 | GroupReadsByUmi | Info] Sorted     9,000,000 records.  Elapsed time: 00:00:35s.  Time for last 1,000,000:    4s.  Last read position: Chr2D:208,696,874
[2025/11/26 10:30:10 | GroupReadsByUmi | Info] Sorted    10,000,000 records.  Elapsed time: 00:00:39s.  Time for last 1,000,000:    3s.  Last read position: Chr2D:548,014,816
[2025/11/26 10:30:10 | SamWriter | Info] Wrote      6,000,000 records.  Elapsed time: 00:03:42s.  Time for last 2,000,000:   27s.  Last read position: Chr2B:790,382,940.  Last read name: V350363065L1C004R00200637765:0:0:0:UMI_AACAACACAACACTGATACGCTTTGTTT
[2025/11/26 10:30:14 | GroupReadsByUmi | Info] Sorted    11,000,000 records.  Elapsed time: 00:00:43s.  Time for last 1,000,000:    3s.  Last read position: Chr3A:247,283,495
[2025/11/26 10:30:17 | GroupReadsByUmi | Info] Sorted    12,000,000 records.  Elapsed time: 00:00:47s.  Time for last 1,000,000:    3s.  Last read position: Chr3A:587,691,096
[2025/11/26 10:30:21 | GroupReadsByUmi | Info] Sorted    13,000,000 records.  Elapsed time: 00:00:51s.  Time for last 1,000,000:    3s.  Last read position: Chr3B:222,025,912
[2025/11/26 10:30:25 | GroupReadsByUmi | Info] Sorted    14,000,000 records.  Elapsed time: 00:00:54s.  Time for last 1,000,000:    3s.  Last read position: Chr3B:545,121,312
[2025/11/26 10:30:29 | GroupReadsByUmi | Info] Sorted    15,000,000 records.  Elapsed time: 00:00:58s.  Time for last 1,000,000:    3s.  Last read position: Chr3D:50,169,852
[2025/11/26 10:30:32 | SamWriter | Info] Wrote      8,000,000 records.  Elapsed time: 00:04:13s.  Time for last 2,000,000:   26s.  Last read position: Chr3A:14,343,958.  Last read name: V350363065L1C002R05500757817:0:0:0:UMI_AACAACACAACACTGACTGAGTAGAAAC
[2025/11/26 10:30:33 | GroupReadsByUmi | Info] Sorted    16,000,000 records.  Elapsed time: 00:01:02s.  Time for last 1,000,000:    3s.  Last read position: Chr3D:398,997,304
[2025/11/26 10:30:35 | SamWriter | Info] Wrote      8,000,000 records.  Elapsed time: 00:04:06s.  Time for last 2,000,000:   24s.  Last read position: Chr3A:293,379,153.  Last read name: V350363065L1C004R05900704898:0:0:0:UMI_AACAACACAACACTGATCTCTGTGTTCA
[2025/11/26 10:30:37 | GroupReadsByUmi | Info] Sorted    17,000,000 records.  Elapsed time: 00:01:06s.  Time for last 1,000,000:    3s.  Last read position: Chr4A:160,987,665
[M::mem_pestat] # candidate unique pairs for (FF, FR, RF, RR): (0, 331976, 55, 1)
[M::mem_pestat] skip orientation FF as there are not enough pairs
[M::mem_pestat] analyzing insert size distribution for orientation FR...
[M::mem_pestat] (25, 50, 75) percentile: (81, 99, 125)
[M::mem_pestat] low and high boundaries for computing mean and std.dev: (1, 213)
[M::mem_pestat] mean and std.dev: (105.38, 31.80)
[M::mem_pestat] low and high boundaries for proper pairs: (1, 257)
[M::mem_pestat] analyzing insert size distribution for orientation RF...
[M::mem_pestat] (25, 50, 75) percentile: (546, 582, 626)
[M::mem_pestat] low and high boundaries for computing mean and std.dev: (386, 786)
[M::mem_pestat] mean and std.dev: (582.60, 36.00)
[M::mem_pestat] low and high boundaries for proper pairs: (306, 866)
[M::mem_pestat] skip orientation RR as there are not enough pairs
[M::mem_pestat] skip orientation RF
[2025/11/26 10:30:40 | GroupReadsByUmi | Info] Sorted    18,000,000 records.  Elapsed time: 00:01:10s.  Time for last 1,000,000:    3s.  Last read position: Chr4A:478,035,576
[2025/11/26 10:30:44 | GroupReadsByUmi | Info] Sorted    19,000,000 records.  Elapsed time: 00:01:14s.  Time for last 1,000,000:    3s.  Last read position: Chr4B:78,995,625
[2025/11/26 10:30:47 | GroupReadsByUmi | Info] Sorted    20,000,000 records.  Elapsed time: 00:01:17s.  Time for last 1,000,000:    2s.  Last read position: Chr4B:403,417,091
[2025/11/26 10:30:51 | GroupReadsByUmi | Info] Sorted    21,000,000 records.  Elapsed time: 00:01:20s.  Time for last 1,000,000:    3s.  Last read position: Chr4D:72,227,439
[M::mem_process_seqs] Processed 3303036 reads in 2036.575 CPU sec, 64.458 real sec
[2025/11/26 10:30:54 | GroupReadsByUmi | Info] Sorted    22,000,000 records.  Elapsed time: 00:01:23s.  Time for last 1,000,000:    3s.  Last read position: Chr4D:409,093,993
[2025/11/26 10:30:57 | GroupReadsByUmi | Info] Sorted    23,000,000 records.  Elapsed time: 00:01:26s.  Time for last 1,000,000:    3s.  Last read position: Chr5A:238,262,005
[2025/11/26 10:30:58 | SamWriter | Info] Wrote     10,000,000 records.  Elapsed time: 00:04:29s.  Time for last 2,000,000:   22s.  Last read position: Chr3B:508,992,720.  Last read name: V350363065L1C005R05200264927:0:0:0:UMI_AACAACACAACACTGAACCCCCCTGTCT
[2025/11/26 10:30:58 | SamWriter | Info] Wrote     10,000,000 records.  Elapsed time: 00:04:39s.  Time for last 2,000,000:   25s.  Last read position: Chr3B:207,055,734.  Last read name: V350363065L1C006R00400847317:0:0:0:UMI_AACAACACAACACTGACGTCGCTGTGCA
[2025/11/26 10:31:01 | GroupReadsByUmi | Info] Sorted    24,000,000 records.  Elapsed time: 00:01:30s.  Time for last 1,000,000:    3s.  Last read position: Chr5A:581,048,089
[M::process] read 3297816 sequences (320000114 bp)...
[2025/11/26 10:31:04 | GroupReadsByUmi | Info] Sorted    25,000,000 records.  Elapsed time: 00:01:34s.  Time for last 1,000,000:    3s.  Last read position: Chr5B:197,399,971
[2025/11/26 10:31:07 | GroupReadsByUmi | Info] Sorted    26,000,000 records.  Elapsed time: 00:01:37s.  Time for last 1,000,000:    3s.  Last read position: Chr5B:540,940,290
[2025/11/26 10:31:11 | GroupReadsByUmi | Info] Sorted    27,000,000 records.  Elapsed time: 00:01:40s.  Time for last 1,000,000:    3s.  Last read position: Chr5D:175,045,397
[2025/11/26 10:31:14 | GroupReadsByUmi | Info] Sorted    28,000,000 records.  Elapsed time: 00:01:43s.  Time for last 1,000,000:    3s.  Last read position: Chr5D:526,838,492
[2025/11/26 10:31:17 | GroupReadsByUmi | Info] Sorted    29,000,000 records.  Elapsed time: 00:01:46s.  Time for last 1,000,000:    3s.  Last read position: Chr6A:319,757,188
[2025/11/26 10:31:20 | GroupReadsByUmi | Info] Sorted    30,000,000 records.  Elapsed time: 00:01:50s.  Time for last 1,000,000:    3s.  Last read position: Chr6B:59,245,772
[2025/11/26 10:31:21 | SamWriter | Info] Wrote     12,000,000 records.  Elapsed time: 00:04:52s.  Time for last 2,000,000:   22s.  Last read position: Chr4A:30,818,834.  Last read name: V350363065L2C004R07101338895:0:0:0:UMI_AACAACACAACACTGACCCATATGCTCA
[2025/11/26 10:31:23 | SamWriter | Info] Wrote     12,000,000 records.  Elapsed time: 00:05:04s.  Time for last 2,000,000:   25s.  Last read position: Chr3D:234,333,316.  Last read name: V350363065L2C002R02500057196:0:0:0:UMI_AACAACACAACACTGACCGGTTATGAAC
[2025/11/26 10:31:24 | GroupReadsByUmi | Info] Sorted    31,000,000 records.  Elapsed time: 00:01:53s.  Time for last 1,000,000:    3s.  Last read position: Chr6B:441,833,974
[2025/11/26 10:31:27 | GroupReadsByUmi | Info] Sorted    32,000,000 records.  Elapsed time: 00:01:56s.  Time for last 1,000,000:    3s.  Last read position: Chr6D:82,213,840
[2025/11/26 10:31:30 | GroupReadsByUmi | Info] Sorted    33,000,000 records.  Elapsed time: 00:01:59s.  Time for last 1,000,000:    3s.  Last read position: Chr6D:424,099,802
[2025/11/26 10:31:34 | GroupReadsByUmi | Info] Sorted    34,000,000 records.  Elapsed time: 00:02:03s.  Time for last 1,000,000:    4s.  Last read position: Chr7A:315,709,657
[2025/11/26 10:31:38 | GroupReadsByUmi | Info] Sorted    35,000,000 records.  Elapsed time: 00:02:07s.  Time for last 1,000,000:    3s.  Last read position: Chr7A:659,743,439
[2025/11/26 10:31:42 | GroupReadsByUmi | Info] Sorted    36,000,000 records.  Elapsed time: 00:02:11s.  Time for last 1,000,000:    3s.  Last read position: Chr7B:266,475,900
[2025/11/26 10:31:42 | SamWriter | Info] Wrote     14,000,000 records.  Elapsed time: 00:05:13s.  Time for last 2,000,000:   21s.  Last read position: Chr4B:233,560,995.  Last read name: V350363065L2C003R01800687769:0:0:0:UMI_AACAACACAACACTGAGTCTCACCACAC
[M::mem_pestat] # candidate unique pairs for (FF, FR, RF, RR): (1, 331914, 42, 0)
[M::mem_pestat] skip orientation FF as there are not enough pairs
[M::mem_pestat] analyzing insert size distribution for orientation FR...
[M::mem_pestat] (25, 50, 75) percentile: (82, 99, 126)
[M::mem_pestat] low and high boundaries for computing mean and std.dev: (1, 214)
[M::mem_pestat] mean and std.dev: (105.73, 32.14)
[M::mem_pestat] low and high boundaries for proper pairs: (1, 258)
[M::mem_pestat] analyzing insert size distribution for orientation RF...
[M::mem_pestat] (25, 50, 75) percentile: (483, 583, 615)
[M::mem_pestat] low and high boundaries for computing mean and std.dev: (219, 879)
[M::mem_pestat] mean and std.dev: (580.31, 38.86)
[M::mem_pestat] low and high boundaries for proper pairs: (87, 1011)
[M::mem_pestat] skip orientation RR as there are not enough pairs
[M::mem_pestat] skip orientation RF
[2025/11/26 10:31:45 | GroupReadsByUmi | Info] Sorted    37,000,000 records.  Elapsed time: 00:02:14s.  Time for last 1,000,000:    3s.  Last read position: Chr7B:580,311,088
[2025/11/26 10:31:48 | SamWriter | Info] Wrote     14,000,000 records.  Elapsed time: 00:05:29s.  Time for last 2,000,000:   24s.  Last read position: Chr4A:537,540,503.  Last read name: V350363065L1C005R01900628017:0:0:0:UMI_AACAACACAACACTGAGAGTCTATACTA
[2025/11/26 10:31:48 | GroupReadsByUmi | Info] Sorted    38,000,000 records.  Elapsed time: 00:02:18s.  Time for last 1,000,000:    3s.  Last read position: Chr7D:170,288,399
[2025/11/26 10:31:51 | GroupReadsByUmi | Info] Sorted    39,000,000 records.  Elapsed time: 00:02:21s.  Time for last 1,000,000:    3s.  Last read position: Chr7D:523,411,388
[2025/11/26 10:31:56 | GroupReadsByUmi | Info] Sorted    40,000,000 records.  Elapsed time: 00:02:26s.  Time for last 1,000,000:    4s.  Last read position: NC_002762.1:3,812
[M::mem_process_seqs] Processed 3296406 reads in 2026.887 CPU sec, 64.157 real sec
[2025/11/26 10:31:59 | GroupReadsByUmi | Info] Sorted    41,000,000 records.  Elapsed time: 00:02:29s.  Time for last 1,000,000:    3s.  Last read position: NC_002762.1:15,443
[2025/11/26 10:32:02 | GroupReadsByUmi | Info] Sorted    42,000,000 records.  Elapsed time: 00:02:31s.  Time for last 1,000,000:    2s.  Last read position: NC_002762.1:24,609
[2025/11/26 10:32:05 | GroupReadsByUmi | Info] Sorted    43,000,000 records.  Elapsed time: 00:02:34s.  Time for last 1,000,000:    2s.  Last read position: NC_002762.1:33,699
[M::process] read 3300356 sequences (320000101 bp)...
[2025/11/26 10:32:06 | SamWriter | Info] Wrote     16,000,000 records.  Elapsed time: 00:05:37s.  Time for last 2,000,000:   24s.  Last read position: Chr4D:472,601,691.  Last read name: V350363065L2C006R03301298989:0:0:0:UMI_AACAACACAACACTGACCGCTCCTGTCA
[2025/11/26 10:32:07 | GroupReadsByUmi | Info] Sorted    44,000,000 records.  Elapsed time: 00:02:37s.  Time for last 1,000,000:    2s.  Last read position: NC_002762.1:43,013
[2025/11/26 10:32:10 | GroupReadsByUmi | Info] Sorted    45,000,000 records.  Elapsed time: 00:02:39s.  Time for last 1,000,000:    2s.  Last read position: NC_002762.1:52,709
[2025/11/26 10:32:13 | GroupReadsByUmi | Info] Sorted    46,000,000 records.  Elapsed time: 00:02:42s.  Time for last 1,000,000:    2s.  Last read position: NC_002762.1:61,778
[2025/11/26 10:32:16 | GroupReadsByUmi | Info] Sorted    47,000,000 records.  Elapsed time: 00:02:45s.  Time for last 1,000,000:    2s.  Last read position: NC_002762.1:71,077
[2025/11/26 10:32:16 | SamWriter | Info] Wrote     16,000,000 records.  Elapsed time: 00:05:57s.  Time for last 2,000,000:   28s.  Last read position: Chr4B:654,461,641.  Last read name: V350363065L1C001R04600530189:0:0:0:UMI_AACAACACAACACTGACGTTACTCAGGG
[2025/11/26 10:32:21 | GroupReadsByUmi | Info] Sorted    48,000,000 records.  Elapsed time: 00:02:50s.  Time for last 1,000,000:    4s.  Last read position: NC_002762.1:101,489
[2025/11/26 10:32:24 | GroupReadsByUmi | Info] Sorted    49,000,000 records.  Elapsed time: 00:02:53s.  Time for last 1,000,000:    2s.  Last read position: NC_002762.1:112,366
Nov 26, 2025 10:32:29 AM com.intel.gkl.compression.IntelInflater inflate
WARNING: Zero Bytes Written : 0
[2025/11/26 10:32:29 | GroupReadsByUmi | Info] Sorted    49,969,024 records.  Elapsed time: 00:02:58s.  Time for last 969,024:    5s.  Last read position: NC_036024.1:452,489
[2025/11/26 10:32:30 | GroupReadsByUmi | Info] Accepted 49,969,024 SAM records for grouping.
[2025/11/26 10:32:30 | GroupReadsByUmi | Info] Filtered out 27,331,152 SAM records due to mapping issues.
[2025/11/26 10:32:30 | GroupReadsByUmi | Info] Filtered out 0 SAM records that contained one or more Ns in their UMIs.
[2025/11/26 10:32:30 | GroupReadsByUmi | Info] Assigning reads to UMIs and outputting.
[2025/11/26 10:32:30 | SamWriter | Info] Wrote     18,000,000 records.  Elapsed time: 00:06:01s.  Time for last 2,000,000:   23s.  Last read position: Chr5B:169,724,724.  Last read name: V350363065L1C001R03301403568:0:0:0:UMI_AACAACACAACACTGAGGCTTATCTCGG
[2025/11/26 10:32:30 | SamWriter | Info] Seen many non-increasing record positions. Printing Read-names as well.
[2025/11/26 10:32:40 | SamWriter | Info] Wrote     18,000,000 records.  Elapsed time: 00:06:21s.  Time for last 2,000,000:   24s.  Last read position: Chr5A:333,395,783.  Last read name: V350363065L1C002R04300603447:0:0:0:UMI_AACAACACAACACTGAGGGCATTCAGGA
[M::mem_pestat] # candidate unique pairs for (FF, FR, RF, RR): (1, 331913, 69, 0)
[M::mem_pestat] skip orientation FF as there are not enough pairs
[M::mem_pestat] analyzing insert size distribution for orientation FR...
[M::mem_pestat] (25, 50, 75) percentile: (82, 99, 126)
[M::mem_pestat] low and high boundaries for computing mean and std.dev: (1, 214)
[M::mem_pestat] mean and std.dev: (105.83, 32.18)
[M::mem_pestat] low and high boundaries for proper pairs: (1, 258)
[M::mem_pestat] analyzing insert size distribution for orientation RF...
[M::mem_pestat] (25, 50, 75) percentile: (180, 554, 591)
[M::mem_pestat] low and high boundaries for computing mean and std.dev: (1, 1413)
[M::mem_pestat] mean and std.dev: (446.50, 200.04)
[M::mem_pestat] low and high boundaries for proper pairs: (1, 1824)
[M::mem_pestat] skip orientation RR as there are not enough pairs
[M::mem_pestat] skip orientation RF
[2025/11/26 10:32:53 | SamWriter | Info] Wrote     20,000,000 records.  Elapsed time: 00:06:24s.  Time for last 2,000,000:   23s.  Last read position: Chr5D:423,360,576.  Last read name: V350363065L1C005R05800288138:0:0:0:UMI_AACAACACAACACTGAGTCCTTAGCAGA
[M::mem_process_seqs] Processed 3297816 reads in 2079.221 CPU sec, 66.031 real sec
[2025/11/26 10:33:03 | SamWriter | Info] Wrote      2,000,000 records.  Elapsed time: 00:03:32s.  Time for last 2,000,000:   33s.  Last read position: Chr1B:392,086,847.  Last read name: V350363065L2C005R02900846339:0:0:0:UMI_AACAACACAACACTGAATGTTGTACCCC
[2025/11/26 10:33:04 | SamWriter | Info] Wrote     20,000,000 records.  Elapsed time: 00:06:45s.  Time for last 2,000,000:   24s.  Last read position: Chr5B:498,960,257.  Last read name: V350363065L2C005R05100115743:0:0:0:UMI_AAAACACGAACACTGAGATAGAGTAACA
[M::process] read 3299500 sequences (320000040 bp)...
[2025/11/26 10:33:13 | SamWriter | Info] Wrote     22,000,000 records.  Elapsed time: 00:06:44s.  Time for last 2,000,000:   19s.  Last read position: Chr6B:264,270,242.  Last read name: V350363065L2C004R07200468512:0:0:0:UMI_AACAACACAACACTGATTGAGCGCGCGT
[2025/11/26 10:33:28 | SamWriter | Info] Wrote     22,000,000 records.  Elapsed time: 00:07:09s.  Time for last 2,000,000:   23s.  Last read position: Chr6A:118,209,565.  Last read name: V350363065L1C006R04801360091:0:0:0:UMI_AACAACACAACACTGAAATCTACAGGAT
[2025/11/26 10:33:33 | SamWriter | Info] Wrote     24,000,000 records.  Elapsed time: 00:07:04s.  Time for last 2,000,000:   20s.  Last read position: Chr7A:11,873,648.  Last read name: V350363065L1C001R00801217806:0:0:0:UMI_AACAACACAACACTGACTCAGTACGTCA
[2025/11/26 10:33:33 | SamWriter | Info] Wrote      4,000,000 records.  Elapsed time: 00:04:02s.  Time for last 2,000,000:   30s.  Last read position: Chr1D:426,910,149.  Last read name: V350363065L2C001R01001261515:0:0:0:UMI_AACAACACAACACTGACATCCAAAGAGC
[2025/11/26 10:33:52 | SamWriter | Info] Wrote     24,000,000 records.  Elapsed time: 00:07:33s.  Time for last 2,000,000:   23s.  Last read position: Chr6B:430,123,215.  Last read name: V350363065L2C005R02300814869:0:0:0:UMI_AACAACACAACACTGAAACGTAACGCGT
[2025/11/26 10:33:54 | SamWriter | Info] Wrote     26,000,000 records.  Elapsed time: 00:07:25s.  Time for last 2,000,000:   20s.  Last read position: Chr7B:268,176,352.  Last read name: V350363065L2C001R04301079646:0:0:0:UMI_AACAACACAACACTGAGAACCGCTGGCC
[M::mem_pestat] # candidate unique pairs for (FF, FR, RF, RR): (1, 331218, 43, 3)
[M::mem_pestat] skip orientation FF as there are not enough pairs
[M::mem_pestat] analyzing insert size distribution for orientation FR...
[M::mem_pestat] (25, 50, 75) percentile: (81, 99, 126)
[M::mem_pestat] low and high boundaries for computing mean and std.dev: (1, 216)
[M::mem_pestat] mean and std.dev: (105.67, 32.26)
[M::mem_pestat] low and high boundaries for proper pairs: (1, 261)
[M::mem_pestat] analyzing insert size distribution for orientation RF...
[M::mem_pestat] (25, 50, 75) percentile: (546, 581, 595)
[M::mem_pestat] low and high boundaries for computing mean and std.dev: (448, 693)
[M::mem_pestat] mean and std.dev: (586.29, 26.81)
[M::mem_pestat] low and high boundaries for proper pairs: (399, 742)
[M::mem_pestat] skip orientation RR as there are not enough pairs
[M::mem_pestat] skip orientation RF
[2025/11/26 10:34:04 | SamWriter | Info] Wrote      6,000,000 records.  Elapsed time: 00:04:34s.  Time for last 2,000,000:   31s.  Last read position: Chr2A:689,385,150.  Last read name: V350363065L1C004R03200505708:0:0:0:UMI_AACAACACAACACTGAATACTCCATAGA
[M::mem_process_seqs] Processed 3300356 reads in 2117.748 CPU sec, 67.379 real sec
[2025/11/26 10:34:14 | SamWriter | Info] Wrote     28,000,000 records.  Elapsed time: 00:07:46s.  Time for last 2,000,000:   20s.  Last read position: Chr7D:448,611,291.  Last read name: V350363065L2C005R04100658306:0:0:0:UMI_AACAACACAACACTGAGTGGAAGTTATT
[2025/11/26 10:34:16 | SamWriter | Info] Wrote     26,000,000 records.  Elapsed time: 00:07:57s.  Time for last 2,000,000:   24s.  Last read position: Chr7A:124,643,290.  Last read name: V350363065L2C002R04901011234:0:0:0:UMI_AACAACACAACACTGAGTGAAGGTGCCA
[M::process] read 3298486 sequences (320000174 bp)...
[2025/11/26 10:34:36 | SamWriter | Info] Wrote      8,000,000 records.  Elapsed time: 00:05:06s.  Time for last 2,000,000:   31s.  Last read position: Chr2B:614,777,451.  Last read name: V350363065L1C002R03000578352:0:0:0:UMI_AACAACACAACACTGATAATCAGTCTAA
[2025/11/26 10:34:43 | SamWriter | Info] Wrote     28,000,000 records.  Elapsed time: 00:08:24s.  Time for last 2,000,000:   26s.  Last read position: Chr7B:302,458,488.  Last read name: V350363065L1C004R01300613216:0:0:0:UMI_AACAACACAACACTGAAAACTCGGTTGT
[2025/11/26 10:34:46 | SamWriter | Info] Wrote     30,000,000 records.  Elapsed time: 00:08:17s.  Time for last 2,000,000:   31s.  Last read position: NC_002762.1:12,290.  Last read name: V350363065L2C001R03100939111:0:0:0:UMI_AACAACACAACACTGACTCGGAAGTCCG
[M::mem_pestat] # candidate unique pairs for (FF, FR, RF, RR): (0, 331293, 53, 1)
[M::mem_pestat] skip orientation FF as there are not enough pairs
[M::mem_pestat] analyzing insert size distribution for orientation FR...
[M::mem_pestat] (25, 50, 75) percentile: (82, 99, 126)
[M::mem_pestat] low and high boundaries for computing mean and std.dev: (1, 214)
[M::mem_pestat] mean and std.dev: (105.80, 32.10)
[M::mem_pestat] low and high boundaries for proper pairs: (1, 258)
[M::mem_pestat] analyzing insert size distribution for orientation RF...
[M::mem_pestat] (25, 50, 75) percentile: (543, 583, 594)
[M::mem_pestat] low and high boundaries for computing mean and std.dev: (441, 696)
[M::mem_pestat] mean and std.dev: (583.14, 27.34)
[M::mem_pestat] low and high boundaries for proper pairs: (390, 747)
[M::mem_pestat] skip orientation RR as there are not enough pairs
[M::mem_pestat] skip orientation RF
[2025/11/26 10:35:09 | SamWriter | Info] Wrote     30,000,000 records.  Elapsed time: 00:08:50s.  Time for last 2,000,000:   25s.  Last read position: Chr7D:408,304,646.  Last read name: V350363065L1C006R02500163827:0:0:0:UMI_AACAACACAACACTGATCTGTGCATGAT
[2025/11/26 10:35:10 | SamWriter | Info] Wrote     10,000,000 records.  Elapsed time: 00:05:40s.  Time for last 2,000,000:   34s.  Last read position: Chr2D:547,977,441.  Last read name: V350363065L2C003R03401406581:0:0:0:UMI_AACAACACAACACTGAGGAGCTCACGTG
[M::mem_process_seqs] Processed 3299500 reads in 2088.838 CPU sec, 66.360 real sec
[2025/11/26 10:35:22 | SamWriter | Info] Wrote     32,000,000 records.  Elapsed time: 00:08:54s.  Time for last 2,000,000:   36s.  Last read position: NC_002762.1:27,082.  Last read name: V350363065L2C003R01900603921:0:0:0:UMI_AACAACACAACACTGAGGGTCAGATGGG
[M::process] read 3295242 sequences (320000139 bp)...
[2025/11/26 10:35:44 | SamWriter | Info] Wrote     12,000,000 records.  Elapsed time: 00:06:14s.  Time for last 2,000,000:   34s.  Last read position: Chr3A:587,280,043.  Last read name: V350363065L1C001R06201070828:0:0:0:UMI_AACAACACAACACTGATTGTCCGCTGTC
[2025/11/26 10:35:55 | SamWriter | Info] Wrote     32,000,000 records.  Elapsed time: 00:09:36s.  Time for last 2,000,000:   46s.  Last read position: NC_002762.1:16,312.  Last read name: V350363065L1C003R05401315438:0:0:0:UMI_AACAACACAACACTGAGCGGGGGCCGCA
[2025/11/26 10:36:00 | SamWriter | Info] Wrote     34,000,000 records.  Elapsed time: 00:09:32s.  Time for last 2,000,000:   38s.  Last read position: NC_002762.1:41,944.  Last read name: V350363065L2C001R00400960590:0:0:0:UMI_AACAACACAACACTTCTGGAATCATTAT
[M::mem_pestat] # candidate unique pairs for (FF, FR, RF, RR): (1, 331448, 53, 1)
[M::mem_pestat] skip orientation FF as there are not enough pairs
[M::mem_pestat] analyzing insert size distribution for orientation FR...
[M::mem_pestat] (25, 50, 75) percentile: (82, 99, 126)
[M::mem_pestat] low and high boundaries for computing mean and std.dev: (1, 214)
[M::mem_pestat] mean and std.dev: (105.74, 32.18)
[M::mem_pestat] low and high boundaries for proper pairs: (1, 258)
[M::mem_pestat] analyzing insert size distribution for orientation RF...
[M::mem_pestat] (25, 50, 75) percentile: (532, 579, 594)
[M::mem_pestat] low and high boundaries for computing mean and std.dev: (408, 718)
[M::mem_pestat] mean and std.dev: (575.82, 34.16)
[M::mem_pestat] low and high boundaries for proper pairs: (346, 780)
[M::mem_pestat] skip orientation RR as there are not enough pairs
[M::mem_pestat] skip orientation RF
[2025/11/26 10:36:18 | SamWriter | Info] Wrote     14,000,000 records.  Elapsed time: 00:06:47s.  Time for last 2,000,000:   33s.  Last read position: Chr3B:544,754,098.  Last read name: V350363065L1C003R04501386612:0:0:0:UMI_AACAACACAACACTGACTGCCAAAGCAA
[M::mem_process_seqs] Processed 3298486 reads in 2087.422 CPU sec, 66.577 real sec
[M::process] read 3295572 sequences (320000009 bp)...
[2025/11/26 10:36:37 | SamWriter | Info] Wrote     36,000,000 records.  Elapsed time: 00:10:09s.  Time for last 2,000,000:   36s.  Last read position: NC_002762.1:56,812.  Last read name: V350363065L2C004R00600655546:0:0:0:UMI_AACAACACAACATGATCCGTGTAAAAAA
[2025/11/26 10:36:49 | SamWriter | Info] Wrote     16,000,000 records.  Elapsed time: 00:07:18s.  Time for last 2,000,000:   31s.  Last read position: Chr3D:398,481,154.  Last read name: V350363065L1C006R03100524115:0:0:0:UMI_AACAACACAACACTGAGAATCTATTAAG
[2025/11/26 10:36:54 | SamWriter | Info] Wrote     34,000,000 records.  Elapsed time: 00:10:35s.  Time for last 2,000,000:   59s.  Last read position: NC_002762.1:38,921.  Last read name: V350363065L1C006R01500449606:0:0:0:UMI_AACAACACAACACTGATCTGCCGCGATA
[2025/11/26 10:37:15 | SamWriter | Info] Wrote     38,000,000 records.  Elapsed time: 00:10:46s.  Time for last 2,000,000:   37s.  Last read position: NC_002762.1:71,595.  Last read name: V350363065L2C002R00400756024:0:0:0:UMI_AACAACACAACACTGACTGTCTAGACGT
[M::mem_pestat] # candidate unique pairs for (FF, FR, RF, RR): (1, 330523, 51, 3)
[M::mem_pestat] skip orientation FF as there are not enough pairs
[M::mem_pestat] analyzing insert size distribution for orientation FR...
[M::mem_pestat] (25, 50, 75) percentile: (82, 99, 126)
[M::mem_pestat] low and high boundaries for computing mean and std.dev: (1, 214)
[M::mem_pestat] mean and std.dev: (105.89, 32.25)
[M::mem_pestat] low and high boundaries for proper pairs: (1, 258)
[M::mem_pestat] analyzing insert size distribution for orientation RF...
[M::mem_pestat] (25, 50, 75) percentile: (546, 573, 591)
[M::mem_pestat] low and high boundaries for computing mean and std.dev: (456, 681)
[M::mem_pestat] mean and std.dev: (577.26, 25.76)
[M::mem_pestat] low and high boundaries for proper pairs: (411, 726)
[M::mem_pestat] skip orientation RR as there are not enough pairs
[M::mem_pestat] skip orientation RF
[2025/11/26 10:37:21 | SamWriter | Info] Wrote     18,000,000 records.  Elapsed time: 00:07:50s.  Time for last 2,000,000:   31s.  Last read position: Chr4A:477,619,031.  Last read name: V350363065L2C002R01000714431:0:0:0:UMI_AACAACACAACACTGACAGTCAATCCGT
[M::mem_process_seqs] Processed 3295242 reads in 2087.091 CPU sec, 65.821 real sec
[M::process] read 3302368 sequences (320000138 bp)...
[2025/11/26 10:37:46 | SamWriter | Info] Wrote     40,000,000 records.  Elapsed time: 00:11:18s.  Time for last 2,000,000:   31s.  Last read position: NC_002762.1:107,953.  Last read name: V350363065L1C003R05501239697:0:0:0:UMI_AACAACACAACACTGACCTATCTTCTCC
[2025/11/26 10:37:50 | SamWriter | Info] Wrote     20,000,000 records.  Elapsed time: 00:08:20s.  Time for last 2,000,000:   29s.  Last read position: Chr4B:402,802,436.  Last read name: V350363065L1C003R03000774951:0:0:0:UMI_AACAACACAACACTGATCTGAGTCAGAC
[2025/11/26 10:37:53 | SamWriter | Info] Wrote     36,000,000 records.  Elapsed time: 00:11:34s.  Time for last 2,000,000:   58s.  Last read position: NC_002762.1:61,475.  Last read name: V350363065L2C001R04000630864:0:0:0:UMI_AACAACACAACACTGATCACCGCTTTCC
[2025/11/26 10:38:18 | SamWriter | Info] Wrote     41,821,090 records.  Elapsed time: 00:11:50s.  Time for last 1,821,090:   32s.  Last read position: NC_036024.1:448,134.  Last read name: V350363065L2C006R00600783618:0:0:0:UMI_AACAACACAACACTGATATACAAGCCCA
[2025/11/26 10:38:19 | FgBioMain | Info] GroupReadsByUmi completed. Elapsed time: 11.87 minutes.
Nov 26, 2025 10:38:19 AM com.intel.gkl.NativeLibraryLoader load
INFO: Loading libgkl_compression.so from jar:file:/datapool/data/Users/zhijian/miniconda3/envs/scumiatac/share/fgbio/fgbio.jar!/com/intel/gkl/native/libgkl_compression.so
[2025/11/26 10:38:21 | FgBioMain | Info] Executing CallMolecularConsensusReads from fgbio version 3.1.0 as zhijian@epilab-gpu on JRE 23.0.2-internal-adhoc.conda.src with snappy, IntelInflater, and IntelDeflater
[M::mem_pestat] # candidate unique pairs for (FF, FR, RF, RR): (3, 332137, 57, 4)
[M::mem_pestat] skip orientation FF as there are not enough pairs
[M::mem_pestat] analyzing insert size distribution for orientation FR...
[M::mem_pestat] (25, 50, 75) percentile: (82, 99, 126)
[M::mem_pestat] low and high boundaries for computing mean and std.dev: (1, 214)
[M::mem_pestat] mean and std.dev: (105.91, 32.29)
[M::mem_pestat] low and high boundaries for proper pairs: (1, 258)
[M::mem_pestat] analyzing insert size distribution for orientation RF...
[M::mem_pestat] (25, 50, 75) percentile: (542, 573, 597)
[M::mem_pestat] low and high boundaries for computing mean and std.dev: (432, 707)
[M::mem_pestat] mean and std.dev: (574.62, 40.79)
[M::mem_pestat] low and high boundaries for proper pairs: (377, 762)
[M::mem_pestat] skip orientation RR as there are not enough pairs
[M::mem_pestat] skip orientation RF
[2025/11/26 10:38:21 | SamWriter | Info] Wrote     22,000,000 records.  Elapsed time: 00:08:51s.  Time for last 2,000,000:   31s.  Last read position: Chr4D:408,624,986.  Last read name: V350363065L1C004R01300699446:0:0:0:UMI_AACAACACAACACTGACTCTCCTTAATG
[2025/11/26 10:38:22 | CallMolecularConsensusReads | Info] Seen many non-increasing record positions. Printing Read-names as well.
[2025/11/26 10:38:31 | CallMolecularConsensusReads | Info] processed     1,000,000 records.  Elapsed time: 00:00:09s.  Time for last 1,000,000:    9s.  Last read position: Chr1A:515,927,168.  Last read name: V350363065L1C001R02301211294:0:0:0:UMI_AACAACACAACACTGACTTCTTCCTGAT
[M::mem_process_seqs] Processed 3295572 reads in 2052.743 CPU sec, 65.257 real sec
[2025/11/26 10:38:38 | CallMolecularConsensusReads | Info] processed     2,000,000 records.  Elapsed time: 00:00:16s.  Time for last 1,000,000:    7s.  Last read position: Chr1B:679,388,007.  Last read name: V350363065L2C002R01600763471:0:0:0:UMI_AACAACACAACACTGAAGCGTGAGAGCA
[M::process] read 3299794 sequences (320000141 bp)...
[2025/11/26 10:38:46 | CallMolecularConsensusReads | Info] processed     3,000,000 records.  Elapsed time: 00:00:24s.  Time for last 1,000,000:    8s.  Last read position: Chr1D:479,894,983.  Last read name: V350363065L1C001R06701200560:0:0:0:UMI_AACAACACAACACTGACGACCGCTTAGA
[2025/11/26 10:38:54 | SamWriter | Info] Wrote     38,000,000 records.  Elapsed time: 00:12:35s.  Time for last 2,000,000:   61s.  Last read position: NC_002762.1:105,528.  Last read name: V350363065L2C001R04000338586:0:0:0:UMI_AACAACACAACACTGAGAAACGATCTCA
[2025/11/26 10:38:55 | SamWriter | Info] Wrote     24,000,000 records.  Elapsed time: 00:09:24s.  Time for last 2,000,000:   33s.  Last read position: Chr5A:580,721,208.  Last read name: V350363065L2C006R03600172358:0:0:0:UMI_AACAACACAACACTGATGAGGAAATCGA
[2025/11/26 10:38:55 | CallMolecularConsensusReads | Info] processed     4,000,000 records.  Elapsed time: 00:00:33s.  Time for last 1,000,000:    8s.  Last read position: Chr2A:510,601,893.  Last read name: V350363065L1C002R00901110408:0:0:0:UMI_AACAACACAACACTGAGGTCGAACAAGG
[2025/11/26 10:39:05 | CallMolecularConsensusReads | Info] processed     5,000,000 records.  Elapsed time: 00:00:43s.  Time for last 1,000,000:    9s.  Last read position: Chr2B:281,296,480.  Last read name: V350363065L1C004R06301288982:0:0:0:UMI_AACAACACAACACTGAATATACCAAAAG
[2025/11/26 10:39:12 | CallMolecularConsensusReads | Info] processed     6,000,000 records.  Elapsed time: 00:00:50s.  Time for last 1,000,000:    7s.  Last read position: Chr2B:790,382,940.  Last read name: V350363065L1C004R00200637765:0:0:0:UMI_AACAACACAACACTGATACGCTTTGTTT
[2025/11/26 10:39:19 | CallMolecularConsensusReads | Info] processed     7,000,000 records.  Elapsed time: 00:00:57s.  Time for last 1,000,000:    7s.  Last read position: Chr2D:468,052,159.  Last read name: V350363065L2C003R05001323496:0:0:0:UMI_AACAACACAACACTGACGTCATTTAGTT
[2025/11/26 10:39:27 | CallMolecularConsensusReads | Info] processed     8,000,000 records.  Elapsed time: 00:01:05s.  Time for last 1,000,000:    7s.  Last read position: Chr3A:293,379,153.  Last read name: V350363065L1C004R05900704898:0:0:0:UMI_AACAACACAACACTGATCTCTGTGTTCA
[M::mem_pestat] # candidate unique pairs for (FF, FR, RF, RR): (1, 331667, 55, 0)
[M::mem_pestat] skip orientation FF as there are not enough pairs
[M::mem_pestat] analyzing insert size distribution for orientation FR...
[M::mem_pestat] (25, 50, 75) percentile: (81, 99, 125)
[M::mem_pestat] low and high boundaries for computing mean and std.dev: (1, 213)
[M::mem_pestat] mean and std.dev: (105.44, 31.88)
[M::mem_pestat] low and high boundaries for proper pairs: (1, 257)
[M::mem_pestat] analyzing insert size distribution for orientation RF...
[M::mem_pestat] (25, 50, 75) percentile: (180, 561, 591)
[M::mem_pestat] low and high boundaries for computing mean and std.dev: (1, 1413)
[M::mem_pestat] mean and std.dev: (447.72, 207.18)
[M::mem_pestat] low and high boundaries for proper pairs: (1, 1824)
[M::mem_pestat] skip orientation RR as there are not enough pairs
[M::mem_pestat] skip orientation RF
[2025/11/26 10:39:30 | SamWriter | Info] Wrote     26,000,000 records.  Elapsed time: 00:09:59s.  Time for last 2,000,000:   35s.  Last read position: Chr5B:539,761,857.  Last read name: V350363065L1C006R05500605259:0:0:0:UMI_AACAACACAACACTGAATCCTGTGGACA
[2025/11/26 10:39:33 | SamWriter | Info] Wrote     39,398,842 records.  Elapsed time: 00:13:14s.  Time for last 1,398,842:   38s.  Last read position: NC_036024.1:445,821.  Last read name: V350363065L2C005R05900517163:0:0:0:UMI_AACAACACTCCTGGTTGGGTTAATGCCA
[2025/11/26 10:39:33 | FgBioMain | Info] GroupReadsByUmi completed. Elapsed time: 13.28 minutes.
Nov 26, 2025 10:39:34 AM com.intel.gkl.NativeLibraryLoader load
INFO: Loading libgkl_compression.so from jar:file:/datapool/data/Users/zhijian/miniconda3/envs/scumiatac/share/fgbio/fgbio.jar!/com/intel/gkl/native/libgkl_compression.so
[2025/11/26 10:39:35 | CallMolecularConsensusReads | Info] processed     9,000,000 records.  Elapsed time: 00:01:13s.  Time for last 1,000,000:    8s.  Last read position: Chr3B:38,536,366.  Last read name: V350363065L1C002R04400735875:0:0:0:UMI_AACAACACAACACTGAGAGTATATTCGC
[2025/11/26 10:39:35 | FgBioMain | Info] Executing CallMolecularConsensusReads from fgbio version 3.1.0 as zhijian@epilab-gpu on JRE 23.0.2-internal-adhoc.conda.src with snappy, IntelInflater, and IntelDeflater
[2025/11/26 10:39:36 | CallMolecularConsensusReads | Info] Seen many non-increasing record positions. Printing Read-names as well.
[M::mem_process_seqs] Processed 3302368 reads in 2099.389 CPU sec, 66.818 real sec
[2025/11/26 10:39:43 | CallMolecularConsensusReads | Info] processed    10,000,000 records.  Elapsed time: 00:01:21s.  Time for last 1,000,000:    7s.  Last read position: Chr3B:508,992,720.  Last read name: V350363065L1C005R05200264927:0:0:0:UMI_AACAACACAACACTGAACCCCCCTGTCT
[2025/11/26 10:39:45 | CallMolecularConsensusReads | Info] processed     1,000,000 records.  Elapsed time: 00:00:08s.  Time for last 1,000,000:    8s.  Last read position: Chr1A:487,870,844.  Last read name: V350363065L2C002R02401216074:0:0:0:UMI_AACAACACAACACTGAATGAGTCATAAC
[M::process] read 3295870 sequences (320000011 bp)...
[2025/11/26 10:39:50 | CallMolecularConsensusReads | Info] processed    11,000,000 records.  Elapsed time: 00:01:28s.  Time for last 1,000,000:    7s.  Last read position: Chr3D:160,119,690.  Last read name: V350363065L2C004R04300415818:0:0:0:UMI_AACAACACAACACTGATTGACAGGAAGT
[2025/11/26 10:39:52 | CallMolecularConsensusReads | Info] processed     2,000,000 records.  Elapsed time: 00:00:16s.  Time for last 1,000,000:    7s.  Last read position: Chr1B:615,929,902.  Last read name: V350363065L1C006R02801089281:0:0:0:UMI_AACAACACAACACTGAATGTCATGAAGA
[2025/11/26 10:39:58 | CallMolecularConsensusReads | Info] processed    12,000,000 records.  Elapsed time: 00:01:36s.  Time for last 1,000,000:    8s.  Last read position: Chr4A:30,818,834.  Last read name: V350363065L2C004R07101338895:0:0:0:UMI_AACAACACAACACTGACCCATATGCTCA
[2025/11/26 10:40:01 | CallMolecularConsensusReads | Info] processed     3,000,000 records.  Elapsed time: 00:00:25s.  Time for last 1,000,000:    8s.  Last read position: Chr1D:373,843,040.  Last read name: V350363065L2C004R00800549689:0:0:0:UMI_AACAACACAACACTGATGATTATAAAAT
[2025/11/26 10:40:01 | SamWriter | Info] Wrote     28,000,000 records.  Elapsed time: 00:10:31s.  Time for last 2,000,000:   31s.  Last read position: Chr5D:526,173,067.  Last read name: V350363065L1C005R07000532849:0:0:0:UMI_AACAACACAACACTAATGCCTGACGCGG
[2025/11/26 10:40:06 | CallMolecularConsensusReads | Info] processed    13,000,000 records.  Elapsed time: 00:01:44s.  Time for last 1,000,000:    8s.  Last read position: Chr4A:501,245,611.  Last read name: V350363065L1C003R03000176867:0:0:0:UMI_AACAACACAACACTGACCTTGTCCGCCC
[2025/11/26 10:40:08 | CallMolecularConsensusReads | Info] processed     4,000,000 records.  Elapsed time: 00:00:32s.  Time for last 1,000,000:    7s.  Last read position: Chr2A:353,236,548.  Last read name: V350363065L2C004R01300574632:0:0:0:UMI_AACAACACAACACTGATTTCGTGAAGTC
[2025/11/26 10:40:14 | CallMolecularConsensusReads | Info] processed    14,000,000 records.  Elapsed time: 00:01:53s.  Time for last 1,000,000:    8s.  Last read position: Chr4B:233,560,995.  Last read name: V350363065L2C003R01800687769:0:0:0:UMI_AACAACACAACACTGAGTCTCACCACAC
[2025/11/26 10:40:15 | CallMolecularConsensusReads | Info] processed     5,000,000 records.  Elapsed time: 00:00:39s.  Time for last 1,000,000:    7s.  Last read position: Chr2B:68,376,421.  Last read name: V350363065L2C005R04000515958:0:0:0:UMI_AACAACACAACACTGAGCTGTTGAGCGA
[2025/11/26 10:40:22 | CallMolecularConsensusReads | Info] processed    15,000,000 records.  Elapsed time: 00:02:00s.  Time for last 1,000,000:    7s.  Last read position: Chr5A:708,015,426.  Last read name: V350363065L1C004R01100880714:0:0:0:UMI_GTATATCTCTATGAACACCTGATCGGTC
[2025/11/26 10:40:23 | CallMolecularConsensusReads | Info] processed     6,000,000 records.  Elapsed time: 00:00:47s.  Time for last 1,000,000:    7s.  Last read position: Chr2B:526,784,482.  Last read name: V350363065L2C001R06200649186:0:0:0:UMI_AACAACACAACACTGACGTTTGGCTGAA
[2025/11/26 10:40:30 | CallMolecularConsensusReads | Info] processed    16,000,000 records.  Elapsed time: 00:02:08s.  Time for last 1,000,000:    7s.  Last read position: Chr4D:472,601,691.  Last read name: V350363065L2C006R03301298989:0:0:0:UMI_AACAACACAACACTGACCGCTCCTGTCA
[2025/11/26 10:40:30 | CallMolecularConsensusReads | Info] processed     7,000,000 records.  Elapsed time: 00:00:54s.  Time for last 1,000,000:    7s.  Last read position: Chr2D:227,392,240.  Last read name: V350363065L1C003R07100696031:0:0:0:UMI_AACAACACAACACTGAGGAATGGGGAGT
[2025/11/26 10:40:33 | SamWriter | Info] Wrote     30,000,000 records.  Elapsed time: 00:11:03s.  Time for last 2,000,000:   31s.  Last read position: Chr6B:58,640,407.  Last read name: V350363065L1C002R06801374564:0:0:0:UMI_AACAACACAACACTGAGTGTTAGTGCTA
[M::mem_pestat] # candidate unique pairs for (FF, FR, RF, RR): (4, 331112, 48, 2)
[M::mem_pestat] skip orientation FF as there are not enough pairs
[M::mem_pestat] analyzing insert size distribution for orientation FR...
[M::mem_pestat] (25, 50, 75) percentile: (81, 99, 126)
[M::mem_pestat] low and high boundaries for computing mean and std.dev: (1, 216)
[M::mem_pestat] mean and std.dev: (105.84, 32.39)
[M::mem_pestat] low and high boundaries for proper pairs: (1, 261)
[M::mem_pestat] analyzing insert size distribution for orientation RF...
[M::mem_pestat] (25, 50, 75) percentile: (549, 581, 608)
[M::mem_pestat] low and high boundaries for computing mean and std.dev: (431, 726)
[M::mem_pestat] mean and std.dev: (576.68, 30.24)
[M::mem_pestat] low and high boundaries for proper pairs: (372, 785)
[M::mem_pestat] skip orientation RR as there are not enough pairs
[M::mem_pestat] skip orientation RF
[2025/11/26 10:40:37 | CallMolecularConsensusReads | Info] processed    17,000,000 records.  Elapsed time: 00:02:15s.  Time for last 1,000,000:    7s.  Last read position: Chr5A:411,152,599.  Last read name: V350363065L2C005R03700801944:0:0:0:UMI_AACAACACAACACTGAACCATGGTGTTA
[2025/11/26 10:40:37 | CallMolecularConsensusReads | Info] processed     8,000,000 records.  Elapsed time: 00:01:01s.  Time for last 1,000,000:    7s.  Last read position: Chr3A:14,343,958.  Last read name: V350363065L1C002R05500757817:0:0:0:UMI_AACAACACAACACTGACTGAGTAGAAAC
[2025/11/26 10:40:44 | CallMolecularConsensusReads | Info] processed    18,000,000 records.  Elapsed time: 00:02:22s.  Time for last 1,000,000:    7s.  Last read position: Chr5B:169,724,724.  Last read name: V350363065L1C001R03301403568:0:0:0:UMI_AACAACACAACACTGAGGCTTATCTCGG
[2025/11/26 10:40:45 | CallMolecularConsensusReads | Info] processed     9,000,000 records.  Elapsed time: 00:01:09s.  Time for last 1,000,000:    7s.  Last read position: Chr3A:460,426,987.  Last read name: V350363065L2C001R05301093017:0:0:0:UMI_AACAACACAACACTGATACGGCGATTAG
[M::mem_process_seqs] Processed 3299794 reads in 2089.969 CPU sec, 66.333 real sec
[2025/11/26 10:40:52 | CallMolecularConsensusReads | Info] processed    10,000,000 records.  Elapsed time: 00:01:16s.  Time for last 1,000,000:    7s.  Last read position: Chr3B:207,055,734.  Last read name: V350363065L1C006R00400847317:0:0:0:UMI_AACAACACAACACTGACGTCGCTGTGCA
[2025/11/26 10:40:52 | CallMolecularConsensusReads | Info] processed    19,000,000 records.  Elapsed time: 00:02:30s.  Time for last 1,000,000:    8s.  Last read position: Chr5B:650,851,403.  Last read name: V350363065L1C003R01800225490:0:0:0:UMI_AACAACACAACACTGAGGGGTTTAGGTT
[M::process] read 3312452 sequences (320000078 bp)...
[2025/11/26 10:41:00 | CallMolecularConsensusReads | Info] processed    11,000,000 records.  Elapsed time: 00:01:24s.  Time for last 1,000,000:    7s.  Last read position: Chr3B:645,481,455.  Last read name: V350363065L2C005R05000197497:0:0:0:UMI_AACAACACAACACTGATTGGTGTCAGAT
[2025/11/26 10:41:00 | CallMolecularConsensusReads | Info] processed    20,000,000 records.  Elapsed time: 00:02:38s.  Time for last 1,000,000:    7s.  Last read position: Chr5D:423,360,576.  Last read name: V350363065L1C005R05800288138:0:0:0:UMI_AACAACACAACACTGAGTCCTTAGCAGA
[2025/11/26 10:41:06 | SamWriter | Info] Wrote     32,000,000 records.  Elapsed time: 00:11:35s.  Time for last 2,000,000:   32s.  Last read position: Chr6D:81,494,873.  Last read name: V350363065L2C005R06001192601:0:0:0:UMI_AACAACACAACACTGAGGATCAATAATA
[2025/11/26 10:41:07 | CallMolecularConsensusReads | Info] processed    21,000,000 records.  Elapsed time: 00:02:45s.  Time for last 1,000,000:    7s.  Last read position: Chr6A:349,473,292.  Last read name: V350363065L1C002R03500702054:0:0:0:UMI_AACAACACAACACTGAGTCACAGGTAGT
[2025/11/26 10:41:07 | CallMolecularConsensusReads | Info] processed    12,000,000 records.  Elapsed time: 00:01:31s.  Time for last 1,000,000:    7s.  Last read position: Chr3D:234,333,316.  Last read name: V350363065L2C002R02500057196:0:0:0:UMI_AACAACACAACACTGACCGGTTATGAAC
[2025/11/26 10:41:14 | CallMolecularConsensusReads | Info] processed    22,000,000 records.  Elapsed time: 00:02:52s.  Time for last 1,000,000:    7s.  Last read position: Chr6B:264,270,242.  Last read name: V350363065L2C004R07200468512:0:0:0:UMI_AACAACACAACACTGATTGAGCGCGCGT
[2025/11/26 10:41:14 | CallMolecularConsensusReads | Info] processed    13,000,000 records.  Elapsed time: 00:01:38s.  Time for last 1,000,000:    7s.  Last read position: Chr4A:75,506,966.  Last read name: V350363065L2C003R04500938407:0:0:0:UMI_AACAACACAACACTGACTGCCTTCCATT
[2025/11/26 10:41:22 | CallMolecularConsensusReads | Info] processed    23,000,000 records.  Elapsed time: 00:03:00s.  Time for last 1,000,000:    7s.  Last read position: Chr6D:23,379,813.  Last read name: V350363065L2C004R01501132521:0:0:0:UMI_AACAACACAACACTGACATTCCATCTGT
[2025/11/26 10:41:22 | CallMolecularConsensusReads | Info] processed    14,000,000 records.  Elapsed time: 00:01:46s.  Time for last 1,000,000:    7s.  Last read position: Chr4A:537,540,503.  Last read name: V350363065L1C005R01900628017:0:0:0:UMI_AACAACACAACACTGAGAGTCTATACTA
[2025/11/26 10:41:29 | CallMolecularConsensusReads | Info] processed    24,000,000 records.  Elapsed time: 00:03:07s.  Time for last 1,000,000:    7s.  Last read position: Chr7A:11,873,648.  Last read name: V350363065L1C001R00801217806:0:0:0:UMI_AACAACACAACACTGACTCAGTACGTCA
[2025/11/26 10:41:29 | CallMolecularConsensusReads | Info] processed    15,000,000 records.  Elapsed time: 00:01:53s.  Time for last 1,000,000:    7s.  Last read position: Chr4B:232,312,180.  Last read name: V350363065L1C002R04100404290:0:0:0:UMI_AACAACACAACACTGAGGTCTTAAGAAT
[2025/11/26 10:41:36 | CallMolecularConsensusReads | Info] processed    25,000,000 records.  Elapsed time: 00:03:14s.  Time for last 1,000,000:    7s.  Last read position: Chr7A:527,392,985.  Last read name: V350363065L2C003R01600991431:0:0:0:UMI_AACAACACAACACTGACAACTCCCTGCT
[2025/11/26 10:41:36 | CallMolecularConsensusReads | Info] processed    16,000,000 records.  Elapsed time: 00:02:00s.  Time for last 1,000,000:    7s.  Last read position: Chr4B:654,461,641.  Last read name: V350363065L1C001R04600530189:0:0:0:UMI_AACAACACAACACTGACGTTACTCAGGG
[2025/11/26 10:41:39 | SamWriter | Info] Wrote     34,000,000 records.  Elapsed time: 00:12:08s.  Time for last 2,000,000:   32s.  Last read position: Chr7A:315,202,125.  Last read name: V350363065L1C002R05801364975:0:0:0:UMI_AACAACACAACACTGACTGCGAAAAGAA
[M::mem_pestat] # candidate unique pairs for (FF, FR, RF, RR): (1, 332221, 52, 2)
[M::mem_pestat] skip orientation FF as there are not enough pairs
[M::mem_pestat] analyzing insert size distribution for orientation FR...
[M::mem_pestat] (25, 50, 75) percentile: (82, 99, 126)
[M::mem_pestat] low and high boundaries for computing mean and std.dev: (1, 214)
[M::mem_pestat] mean and std.dev: (105.86, 32.28)
[M::mem_pestat] low and high boundaries for proper pairs: (1, 258)
[M::mem_pestat] analyzing insert size distribution for orientation RF...
[M::mem_pestat] (25, 50, 75) percentile: (412, 569, 590)
[M::mem_pestat] low and high boundaries for computing mean and std.dev: (56, 946)
[M::mem_pestat] mean and std.dev: (476.18, 176.36)
[M::mem_pestat] low and high boundaries for proper pairs: (1, 1182)
[M::mem_pestat] skip orientation RR as there are not enough pairs
[M::mem_pestat] skip orientation RF
[2025/11/26 10:41:44 | CallMolecularConsensusReads | Info] processed    26,000,000 records.  Elapsed time: 00:03:22s.  Time for last 1,000,000:    7s.  Last read position: Chr7B:268,176,352.  Last read name: V350363065L2C001R04301079646:0:0:0:UMI_AACAACACAACACTGAGAACCGCTGGCC
[2025/11/26 10:41:44 | CallMolecularConsensusReads | Info] processed    17,000,000 records.  Elapsed time: 00:02:08s.  Time for last 1,000,000:    7s.  Last read position: Chr4D:418,699,776.  Last read name: V350363065L1C001R02701180412:0:0:0:UMI_AACAACACAACACTGAACGCTGATGAAT
[2025/11/26 10:41:51 | CallMolecularConsensusReads | Info] processed    27,000,000 records.  Elapsed time: 00:03:29s.  Time for last 1,000,000:    7s.  Last read position: Chr7B:721,881,372.  Last read name: V350363065L1C001R05600218532:0:0:0:UMI_AACAACACAACACTGAGACACCGGACTC
[2025/11/26 10:41:51 | CallMolecularConsensusReads | Info] processed    18,000,000 records.  Elapsed time: 00:02:15s.  Time for last 1,000,000:    7s.  Last read position: Chr5A:333,395,783.  Last read name: V350363065L1C002R04300603447:0:0:0:UMI_AACAACACAACACTGAGGGCATTCAGGA
[M::mem_process_seqs] Processed 3295870 reads in 2044.813 CPU sec, 64.944 real sec
[2025/11/26 10:41:58 | CallMolecularConsensusReads | Info] processed    19,000,000 records.  Elapsed time: 00:02:22s.  Time for last 1,000,000:    7s.  Last read position: Chr5B:59,215,668.  Last read name: V350363065L2C005R01401167898:0:0:0:UMI_AACAACACAACACTGACGGATTGCGCAC
[2025/11/26 10:41:59 | CallMolecularConsensusReads | Info] processed    28,000,000 records.  Elapsed time: 00:03:37s.  Time for last 1,000,000:    7s.  Last read position: Chr7D:448,611,291.  Last read name: V350363065L2C005R04100658306:0:0:0:UMI_AACAACACAACACTGAGTGGAAGTTATT
[M::process] read 3316980 sequences (320000136 bp)...
[2025/11/26 10:42:06 | CallMolecularConsensusReads | Info] processed    20,000,000 records.  Elapsed time: 00:02:29s.  Time for last 1,000,000:    7s.  Last read position: Chr5B:498,960,257.  Last read name: V350363065L2C005R05100115743:0:0:0:UMI_AAAACACGAACACTGAGATAGAGTAACA
[2025/11/26 10:42:07 | CallMolecularConsensusReads | Info] processed    29,000,000 records.  Elapsed time: 00:03:45s.  Time for last 1,000,000:    8s.  Last read position: NC_002762.1:3,014.  Last read name: V350363065L1C001R01700314460:0:0:0:UMI_AACAACACAACACTGACATTTTGTTTGT
[2025/11/26 10:42:07 | SamWriter | Info] Wrote     36,000,000 records.  Elapsed time: 00:12:37s.  Time for last 2,000,000:   28s.  Last read position: Chr7B:266,060,638.  Last read name: V350363065L2C004R02301403467:0:0:0:UMI_AACAACACAACACTGAACGTTTTTGGAT
[2025/11/26 10:42:13 | CallMolecularConsensusReads | Info] processed    21,000,000 records.  Elapsed time: 00:02:37s.  Time for last 1,000,000:    7s.  Last read position: Chr5D:217,293,227.  Last read name: V350363065L2C005R06300867059:0:0:0:UMI_AACAACACAACACTGATCTTCGCGTACC
[2025/11/26 10:42:15 | CallMolecularConsensusReads | Info] processed    30,000,000 records.  Elapsed time: 00:03:53s.  Time for last 1,000,000:    7s.  Last read position: NC_002762.1:12,290.  Last read name: V350363065L2C001R03100939111:0:0:0:UMI_AACAACACAACACTGACTCGGAAGTCCG
[2025/11/26 10:42:21 | CallMolecularConsensusReads | Info] processed    22,000,000 records.  Elapsed time: 00:02:44s.  Time for last 1,000,000:    7s.  Last read position: Chr6A:118,209,565.  Last read name: V350363065L1C006R04801360091:0:0:0:UMI_AACAACACAACACTGAAATCTACAGGAT
[2025/11/26 10:42:22 | CallMolecularConsensusReads | Info] processed    31,000,000 records.  Elapsed time: 00:04:00s.  Time for last 1,000,000:    7s.  Last read position: NC_002762.1:20,318.  Last read name: V350363065L2C001R03800404552:0:0:0:UMI_AACAACACAACACTGAATTCGACTCATT
[2025/11/26 10:42:29 | CallMolecularConsensusReads | Info] processed    23,000,000 records.  Elapsed time: 00:02:53s.  Time for last 1,000,000:    8s.  Last read position: Chr6A:565,693,465.  Last read name: V350363065L1C005R04901192352:0:0:0:UMI_AACAACACAACACTGAAGACCGAGAAGG
[2025/11/26 10:42:29 | CallMolecularConsensusReads | Info] processed    32,000,000 records.  Elapsed time: 00:04:07s.  Time for last 1,000,000:    7s.  Last read position: NC_002762.1:27,082.  Last read name: V350363065L2C003R01900603921:0:0:0:UMI_AACAACACAACACTGAGGGTCAGATGGG
[2025/11/26 10:42:36 | CallMolecularConsensusReads | Info] processed    24,000,000 records.  Elapsed time: 00:03:00s.  Time for last 1,000,000:    7s.  Last read position: Chr6B:430,123,215.  Last read name: V350363065L2C005R02300814869:0:0:0:UMI_AACAACACAACACTGAAACGTAACGCGT
[2025/11/26 10:42:37 | CallMolecularConsensusReads | Info] processed    33,000,000 records.  Elapsed time: 00:04:15s.  Time for last 1,000,000:    7s.  Last read position: NC_002762.1:34,647.  Last read name: V350363065L1C006R03100027781:0:0:0:UMI_AACAACACAACACTGACGTTCAGTCACA
[2025/11/26 10:42:40 | SamWriter | Info] Wrote      2,000,000 records.  Elapsed time: 00:04:18s.  Time for last 2,000,000:  258s.  Last read position: */*
[2025/11/26 10:42:40 | SamWriter | Info] Wrote     38,000,000 records.  Elapsed time: 00:13:10s.  Time for last 2,000,000:   32s.  Last read position: Chr7D:169,823,862.  Last read name: V350363065L2C005R06101203178:0:0:0:UMI_AACAACACAACACTGATGGTACAGGCAG
[2025/11/26 10:42:44 | CallMolecularConsensusReads | Info] processed    25,000,000 records.  Elapsed time: 00:03:08s.  Time for last 1,000,000:    7s.  Last read position: Chr6D:174,821,791.  Last read name: V350363065L1C002R01900867931:0:0:0:UMI_AACAACACAACACTGAACTCAACCGTGG
[2025/11/26 10:42:44 | CallMolecularConsensusReads | Info] processed    34,000,000 records.  Elapsed time: 00:04:22s.  Time for last 1,000,000:    7s.  Last read position: NC_002762.1:41,944.  Last read name: V350363065L2C001R00400960590:0:0:0:UMI_AACAACACAACACTTCTGGAATCATTAT
[M::mem_pestat] # candidate unique pairs for (FF, FR, RF, RR): (6, 332396, 59, 1)
[M::mem_pestat] skip orientation FF as there are not enough pairs
[M::mem_pestat] analyzing insert size distribution for orientation FR...
[M::mem_pestat] (25, 50, 75) percentile: (81, 98, 124)
[M::mem_pestat] low and high boundaries for computing mean and std.dev: (1, 210)
[M::mem_pestat] mean and std.dev: (104.64, 31.14)
[M::mem_pestat] low and high boundaries for proper pairs: (1, 253)
[M::mem_pestat] analyzing insert size distribution for orientation RF...
[M::mem_pestat] (25, 50, 75) percentile: (545, 587, 598)
[M::mem_pestat] low and high boundaries for computing mean and std.dev: (439, 704)
[M::mem_pestat] mean and std.dev: (583.08, 31.88)
[M::mem_pestat] low and high boundaries for proper pairs: (386, 757)
[M::mem_pestat] skip orientation RR as there are not enough pairs
[M::mem_pestat] skip orientation RF
[2025/11/26 10:42:51 | CallMolecularConsensusReads | Info] processed    35,000,000 records.  Elapsed time: 00:04:29s.  Time for last 1,000,000:    7s.  Last read position: NC_002762.1:49,623.  Last read name: V350363065L1C003R06300811631:0:0:0:UMI_AACAACACAACACTGAGATCATACAGCT
[2025/11/26 10:42:51 | CallMolecularConsensusReads | Info] processed    26,000,000 records.  Elapsed time: 00:03:15s.  Time for last 1,000,000:    7s.  Last read position: Chr7A:124,643,290.  Last read name: V350363065L2C002R04901011234:0:0:0:UMI_AACAACACAACACTGAGTGAAGGTGCCA
[2025/11/26 10:42:58 | CallMolecularConsensusReads | Info] processed    36,000,000 records.  Elapsed time: 00:04:36s.  Time for last 1,000,000:    7s.  Last read position: NC_002762.1:56,812.  Last read name: V350363065L2C004R00600655546:0:0:0:UMI_AACAACACAACATGATCCGTGTAAAAAA
[2025/11/26 10:42:58 | CallMolecularConsensusReads | Info] processed    27,000,000 records.  Elapsed time: 00:03:22s.  Time for last 1,000,000:    7s.  Last read position: Chr7A:607,564,804.  Last read name: V350363065L2C003R03800084231:0:0:0:UMI_AACAACACAACACTGATAGACCAGCAAT
[M::mem_process_seqs] Processed 3312452 reads in 2135.985 CPU sec, 67.380 real sec
开始处理文件: /datapool/data/Users/zhijian/projects/scumiatac/result/step5_bwa/ATACP1000_2.bwa.bam ...
已处理 1000000 条 reads...
已处理 2000000 条 reads...
已处理 3000000 条 reads...
已处理 4000000 条 reads...
已处理 5000000 条 reads...
已处理 6000000 条 reads...
已处理 7000000 条 reads...
已处理 8000000 条 reads...
已处理 9000000 条 reads...
已处理 10000000 条 reads...
已处理 11000000 条 reads...
已处理 12000000 条 reads...
已处理 13000000 条 reads...
已处理 14000000 条 reads...
已处理 15000000 条 reads...
已处理 16000000 条 reads...
已处理 17000000 条 reads...
已处理 18000000 条 reads...
已处理 19000000 条 reads...
已处理 20000000 条 reads...
已处理 21000000 条 reads...
已处理 22000000 条 reads...
已处理 23000000 条 reads...
已处理 24000000 条 reads...
已处理 25000000 条 reads...
已处理 26000000 条 reads...
已处理 27000000 条 reads...
已处理 28000000 条 reads...
已处理 29000000 条 reads...
已处理 30000000 条 reads...
已处理 31000000 条 reads...
已处理 32000000 条 reads...
已处理 33000000 条 reads...
已处理 34000000 条 reads...
已处理 35000000 条 reads...
已处理 36000000 条 reads...
已处理 37000000 条 reads...
已处理 38000000 条 reads...
已处理 39000000 条 reads...
已处理 40000000 条 reads...
已处理 41000000 条 reads...
已处理 42000000 条 reads...
已处理 43000000 条 reads...
已处理 44000000 条 reads...
已处理 45000000 条 reads...
已处理 46000000 条 reads...
已处理 47000000 条 reads...
已处理 48000000 条 reads...
已处理 49000000 条 reads...
已处理 50000000 条 reads...
已处理 51000000 条 reads...
已处理 52000000 条 reads...
已处理 53000000 条 reads...
已处理 54000000 条 reads...
已处理 55000000 条 reads...
已处理 56000000 条 reads...
已处理 57000000 条 reads...
已处理 58000000 条 reads...
已处理 59000000 条 reads...
已处理 60000000 条 reads...
已处理 61000000 条 reads...
已处理 62000000 条 reads...
已处理 63000000 条 reads...
已处理 64000000 条 reads...
已处理 65000000 条 reads...
已处理 66000000 条 reads...
已处理 67000000 条 reads...
已处理 68000000 条 reads...
已处理 69000000 条 reads...
已处理 70000000 条 reads...
已处理 71000000 条 reads...
已处理 72000000 条 reads...
已处理 73000000 条 reads...
已处理 74000000 条 reads...
已处理 75000000 条 reads...
已处理 76000000 条 reads...
已处理 77000000 条 reads...
已处理 78000000 条 reads...
已处理 79000000 条 reads...
已处理 80000000 条 reads...
BAM文件处理完成，正在生成统计报表...
[Wed Nov 26 10:43:00 2025]
Finished job 11.
13 of 26 steps (50%) done
Select jobs to execute...

[Wed Nov 26 10:43:00 2025]
rule dedup:
    input: /datapool/data/Users/zhijian/projects/scumiatac/result/step6_bam_qc/ATACP1000_2.finished
    output: /datapool/data/Users/zhijian/projects/scumiatac/result/step7_dedup/ATACP1000_2.finished
    jobid: 10
    reason: Missing output files: /datapool/data/Users/zhijian/projects/scumiatac/result/step7_dedup/ATACP1000_2.finished; Input files updated by another job: /datapool/data/Users/zhijian/projects/scumiatac/result/step6_bam_qc/ATACP1000_2.finished
    wildcards: sample=ATACP1000_2
    threads: 8
    resources: tmpdir=/tmp


       
_JAVA_OPTIONS="-Xmx16g" fgbio GroupReadsByUmi --input=/datapool/data/Users/zhijian/projects/scumiatac/result/step6_bam_qc/ATACP1000_2.qc.bam --output=/datapool/data/Users/zhijian/projects/scumiatac/result/step6_bam_qc/ATACP1000_2.qc.bam.gp.bam                      --strategy=adjacency --edits=1 --min-map-q=20 --threads 8 --family-size-histogram=/datapool/data/Users/zhijian/projects/scumiatac/result/step7_dedup/ATACP1000_2.family.txt
__JAVA_OPTIONS="-Xmx16g" fgbio CallMolecularConsensusReads   --input=/datapool/data/Users/zhijian/projects/scumiatac/result/step6_bam_qc/ATACP1000_2.qc.bam.gp.bam   --output=/datapool/data/Users/zhijian/projects/scumiatac/result/step7_dedup/ATACP1000_2.dedup.bam   --min-reads=5   --min-input-base-quality=20   --threads 8
rm /datapool/data/Users/zhijian/projects/scumiatac/result/step6_bam_qc/ATACP1000_2.qc.bam.gp.bam           
touch /datapool/data/Users/zhijian/projects/scumiatac/result/step7_dedup/ATACP1000_2.finished
        
Activating conda environment: scumiatac
Picked up _JAVA_OPTIONS: -Xmx16g
Nov 26, 2025 10:43:04 AM com.intel.gkl.NativeLibraryLoader load
INFO: Loading libgkl_compression.so from jar:file:/datapool/data/Users/zhijian/miniconda3/envs/scumiatac/share/fgbio/fgbio.jar!/com/intel/gkl/native/libgkl_compression.so
[2025/11/26 10:43:06 | FgBioMain | Info] Executing GroupReadsByUmi from fgbio version 3.1.0 as zhijian@epilab-gpu on JRE 23.0.2-internal-adhoc.conda.src with snappy, IntelInflater, and IntelDeflater
[2025/11/26 10:43:06 | CallMolecularConsensusReads | Info] processed    28,000,000 records.  Elapsed time: 00:03:30s.  Time for last 1,000,000:    7s.  Last read position: Chr7B:302,458,488.  Last read name: V350363065L1C004R01300613216:0:0:0:UMI_AACAACACAACACTGAAAACTCGGTTGT
[2025/11/26 10:43:06 | GroupReadsByUmi | Info] Filtering the input.
[2025/11/26 10:43:06 | GroupReadsByUmi | Info] Sorting the input to TemplateCoordinate order.
[2025/11/26 10:43:06 | CallMolecularConsensusReads | Info] processed    37,000,000 records.  Elapsed time: 00:04:44s.  Time for last 1,000,000:    8s.  Last read position: NC_002762.1:64,228.  Last read name: V350363065L2C006R02601173224:0:0:0:UMI_AACAACACAACACTGAGTTGATGGGATC
[M::process] read 2780702 sequences (267534198 bp)...
[2025/11/26 10:43:09 | GroupReadsByUmi | Info] Sorted     1,000,000 records.  Elapsed time: 00:00:03s.  Time for last 1,000,000:    3s.  Last read position: Chr1A:378,439,833
[2025/11/26 10:43:13 | CallMolecularConsensusReads | Info] processed    29,000,000 records.  Elapsed time: 00:03:37s.  Time for last 1,000,000:    7s.  Last read position: Chr7B:724,592,122.  Last read name: V350363065L2C005R02001027456:0:0:0:UMI_AACAACACAACACTGAGTACGCTCGCTT
[2025/11/26 10:43:14 | GroupReadsByUmi | Info] Sorted     2,000,000 records.  Elapsed time: 00:00:08s.  Time for last 1,000,000:    4s.  Last read position: Chr1B:445,136,714
[2025/11/26 10:43:15 | CallMolecularConsensusReads | Info] processed    38,000,000 records.  Elapsed time: 00:04:53s.  Time for last 1,000,000:    9s.  Last read position: NC_002762.1:71,595.  Last read name: V350363065L2C002R00400756024:0:0:0:UMI_AACAACACAACACTGACTGTCTAGACGT
[2025/11/26 10:43:18 | GroupReadsByUmi | Info] Sorted     3,000,000 records.  Elapsed time: 00:00:12s.  Time for last 1,000,000:    4s.  Last read position: Chr1D:145,508,968
[2025/11/26 10:43:21 | SamWriter | Info] Wrote     40,000,000 records.  Elapsed time: 00:13:50s.  Time for last 2,000,000:   40s.  Last read position: NC_002762.1:3,795.  Last read name: V350363065L1C002R03300047920:0:0:0:UMI_AACAACACAACACTGAGTAAGACAGCTT
[2025/11/26 10:43:22 | CallMolecularConsensusReads | Info] processed    30,000,000 records.  Elapsed time: 00:03:46s.  Time for last 1,000,000:    8s.  Last read position: Chr7D:408,304,646.  Last read name: V350363065L1C006R02500163827:0:0:0:UMI_AACAACACAACACTGATCTGTGCATGAT
[2025/11/26 10:43:22 | GroupReadsByUmi | Info] Sorted     4,000,000 records.  Elapsed time: 00:00:16s.  Time for last 1,000,000:    4s.  Last read position: Chr2A:18,443,337
[2025/11/26 10:43:23 | CallMolecularConsensusReads | Info] processed    39,000,000 records.  Elapsed time: 00:05:01s.  Time for last 1,000,000:    7s.  Last read position: NC_002762.1:79,028.  Last read name: V350363065L2C004R02700697090:0:0:0:UMI_AACAACACAACACTGACTAGGAACAACT
[2025/11/26 10:43:26 | GroupReadsByUmi | Info] Sorted     5,000,000 records.  Elapsed time: 00:00:19s.  Time for last 1,000,000:    3s.  Last read position: Chr2A:436,583,769
[2025/11/26 10:43:29 | GroupReadsByUmi | Info] Sorted     6,000,000 records.  Elapsed time: 00:00:23s.  Time for last 1,000,000:    3s.  Last read position: Chr2B:69,028,958
[2025/11/26 10:43:30 | CallMolecularConsensusReads | Info] processed    40,000,000 records.  Elapsed time: 00:05:08s.  Time for last 1,000,000:    7s.  Last read position: NC_002762.1:107,953.  Last read name: V350363065L1C003R05501239697:0:0:0:UMI_AACAACACAACACTGACCTATCTTCTCC
[2025/11/26 10:43:30 | CallMolecularConsensusReads | Info] processed    31,000,000 records.  Elapsed time: 00:03:54s.  Time for last 1,000,000:    8s.  Last read position: NC_002762.1:2,860.  Last read name: V350363065L2C004R03501393354:0:0:0:UMI_GACAATACAACACTGAAACAAACTTTCG
[2025/11/26 10:43:33 | GroupReadsByUmi | Info] Sorted     7,000,000 records.  Elapsed time: 00:00:27s.  Time for last 1,000,000:    4s.  Last read position: Chr2B:444,649,642
[2025/11/26 10:43:37 | GroupReadsByUmi | Info] Sorted     8,000,000 records.  Elapsed time: 00:00:31s.  Time for last 1,000,000:    3s.  Last read position: Chr2D:44,887,744
[2025/11/26 10:43:38 | CallMolecularConsensusReads | Info] processed    32,000,000 records.  Elapsed time: 00:04:02s.  Time for last 1,000,000:    7s.  Last read position: NC_002762.1:16,312.  Last read name: V350363065L1C003R05401315438:0:0:0:UMI_AACAACACAACACTGAGCGGGGGCCGCA
[2025/11/26 10:43:38 | CallMolecularConsensusReads | Info] processed    41,000,000 records.  Elapsed time: 00:05:16s.  Time for last 1,000,000:    8s.  Last read position: NC_036024.1:128,183.  Last read name: V350363065L1C001R02601223415:0:0:0:UMI_AACAACACAACACTGACGGATACTTGTC
[2025/11/26 10:43:40 | GroupReadsByUmi | Info] Sorted     9,000,000 records.  Elapsed time: 00:00:34s.  Time for last 1,000,000:    3s.  Last read position: Chr2D:417,559,013
[2025/11/26 10:43:44 | GroupReadsByUmi | Info] Sorted    10,000,000 records.  Elapsed time: 00:00:38s.  Time for last 1,000,000:    4s.  Last read position: Chr3A:136,861,200
Nov 26, 2025 10:43:44 AM com.intel.gkl.compression.IntelInflater inflate
WARNING: Zero Bytes Written : 0
[2025/11/26 10:43:44 | CallMolecularConsensusReads | Info] Consensus calling overlapping read pairs statistics:
[2025/11/26 10:43:44 | CallMolecularConsensusReads | Info]     20,726,124 overlapping templates
[2025/11/26 10:43:44 | CallMolecularConsensusReads | Info]     4,205,156 corrected templates (20.29%)
[2025/11/26 10:43:44 | CallMolecularConsensusReads | Info]     0 overlapping bases
[2025/11/26 10:43:44 | CallMolecularConsensusReads | Info]     0 corrected bases (0.00%)
[2025/11/26 10:43:45 | CallMolecularConsensusReads | Info] processed    41,821,090 records.  Elapsed time: 00:05:23s.  Time for last 821,090:    6s.  Last read position: NC_036024.1:448,134.  Last read name: V350363065L2C006R00600783618:0:0:0:UMI_AACAACACAACACTGATATACAAGCCCA
[2025/11/26 10:43:45 | SamWriter | Info] Wrote      2,463,678 records.  Elapsed time: 00:05:23s.  Time for last 463,678:   64s.  Last read position: */*
[2025/11/26 10:43:45 | CallMolecularConsensusReads | Info] Total Raw Reads Considered: 41,821,090.
[2025/11/26 10:43:45 | CallMolecularConsensusReads | Info] Raw Reads Filtered Due to InsufficientSupport: 26,190,617 (0.6263).
[2025/11/26 10:43:45 | CallMolecularConsensusReads | Info] Raw Reads Filtered Due to MinorityAlignment: 37,828 (0.0009).
[2025/11/26 10:43:45 | CallMolecularConsensusReads | Info] Raw Reads Filtered Due to OrphanConsensus: 26,211,680 (0.6268).
[2025/11/26 10:43:45 | CallMolecularConsensusReads | Info] Raw Reads Filtered Due to ZeroPostAfterTrimming: 185 (0.0000).
[2025/11/26 10:43:45 | CallMolecularConsensusReads | Info] Consensus reads emitted: 2,463,678.
[2025/11/26 10:43:45 | FgBioMain | Info] CallMolecularConsensusReads completed. Elapsed time: 5.42 minutes.
[Wed Nov 26 10:43:45 2025]
Finished job 26.
14 of 26 steps (54%) done
Select jobs to execute...

[Wed Nov 26 10:43:45 2025]
rule umiMapping:
    input: /datapool/data/Users/zhijian/projects/scumiatac/result/step7_dedup/ATACP500_2.finished, /datapool/home/zhijian/data/wheat/genome/3.ref.mask.fasta.gz
    output: /datapool/data/Users/zhijian/projects/scumiatac/result/step8_umiMapping/ATACP500_2.finished
    jobid: 25
    reason: Missing output files: /datapool/data/Users/zhijian/projects/scumiatac/result/step8_umiMapping/ATACP500_2.finished; Input files updated by another job: /datapool/data/Users/zhijian/projects/scumiatac/result/step7_dedup/ATACP500_2.finished
    wildcards: sample=ATACP500_2
    threads: 16
    resources: tmpdir=/tmp


samtools fastq -@ 16 -1 /datapool/data/Users/zhijian/projects/scumiatac/result/step8_umiMapping/ATACP500_2_1_fq.gz -2 /datapool/data/Users/zhijian/projects/scumiatac/result/step8_umiMapping/ATACP500_2_2_fq.gz -n /datapool/data/Users/zhijian/projects/scumiatac/result/step7_dedup/ATACP500_2.dedup.bam
bwa mem -t 16 /datapool/home/zhijian/data/wheat/genome/3.ref.mask.fasta.gz /datapool/data/Users/zhijian/projects/scumiatac/result/step8_umiMapping/ATACP500_2_1_fq.gz /datapool/data/Users/zhijian/projects/scumiatac/result/step8_umiMapping/ATACP500_2_2_fq.gz | samtools sort -@ 16 -o /datapool/data/Users/zhijian/projects/scumiatac/result/step8_umiMapping/ATACP500_2.mapping.bam -
samtools index -c /datapool/data/Users/zhijian/projects/scumiatac/result/step8_umiMapping/ATACP500_2.mapping.bam -@ 16
touch /datapool/data/Users/zhijian/projects/scumiatac/result/step8_umiMapping/ATACP500_2.finished
        
[2025/11/26 10:43:45 | CallMolecularConsensusReads | Info] processed    33,000,000 records.  Elapsed time: 00:04:09s.  Time for last 1,000,000:    7s.  Last read position: NC_002762.1:27,335.  Last read name: V350363065L2C006R02000285801:0:0:0:UMI_AACAACACAACACTGAACTGGATAGCTA
[M::bam2fq_mainloop] discarded 0 singletons
[M::bam2fq_mainloop] processed 2463678 reads
[2025/11/26 10:43:48 | GroupReadsByUmi | Info] Sorted    11,000,000 records.  Elapsed time: 00:00:42s.  Time for last 1,000,000:    3s.  Last read position: Chr3A:499,622,968
[2025/11/26 10:43:52 | GroupReadsByUmi | Info] Sorted    12,000,000 records.  Elapsed time: 00:00:46s.  Time for last 1,000,000:    3s.  Last read position: Chr3B:165,960,593
[2025/11/26 10:43:53 | CallMolecularConsensusReads | Info] processed    34,000,000 records.  Elapsed time: 00:04:17s.  Time for last 1,000,000:    8s.  Last read position: NC_002762.1:38,921.  Last read name: V350363065L1C006R01500449606:0:0:0:UMI_AACAACACAACACTGATCTGCCGCGATA
[M::mem_pestat] # candidate unique pairs for (FF, FR, RF, RR): (3, 333348, 47, 0)
[M::mem_pestat] skip orientation FF as there are not enough pairs
[M::mem_pestat] analyzing insert size distribution for orientation FR...
[M::mem_pestat] (25, 50, 75) percentile: (81, 98, 124)
[M::mem_pestat] low and high boundaries for computing mean and std.dev: (1, 210)
[M::mem_pestat] mean and std.dev: (104.55, 30.99)
[M::mem_pestat] low and high boundaries for proper pairs: (1, 253)
[M::mem_pestat] analyzing insert size distribution for orientation RF...
[M::mem_pestat] (25, 50, 75) percentile: (516, 555, 595)
[M::mem_pestat] low and high boundaries for computing mean and std.dev: (358, 753)
[M::mem_pestat] mean and std.dev: (571.47, 35.20)
[M::mem_pestat] low and high boundaries for proper pairs: (279, 832)
[M::mem_pestat] skip orientation RR as there are not enough pairs
[M::mem_pestat] skip orientation RF
[2025/11/26 10:43:55 | GroupReadsByUmi | Info] Sorted    13,000,000 records.  Elapsed time: 00:00:49s.  Time for last 1,000,000:    3s.  Last read position: Chr3B:508,287,197
[2025/11/26 10:43:59 | GroupReadsByUmi | Info] Sorted    14,000,000 records.  Elapsed time: 00:00:52s.  Time for last 1,000,000:    3s.  Last read position: Chr3D:31,261,069
[2025/11/26 10:44:01 | CallMolecularConsensusReads | Info] processed    35,000,000 records.  Elapsed time: 00:04:25s.  Time for last 1,000,000:    8s.  Last read position: NC_002762.1:50,315.  Last read name: V350363065L2C003R03801277787:0:0:0:UMI_AACAACACAACACTGACCCCCTTTAGTA
[2025/11/26 10:44:02 | GroupReadsByUmi | Info] Sorted    15,000,000 records.  Elapsed time: 00:00:56s.  Time for last 1,000,000:    3s.  Last read position: Chr3D:400,859,852
[2025/11/26 10:44:06 | GroupReadsByUmi | Info] Sorted    16,000,000 records.  Elapsed time: 00:01:00s.  Time for last 1,000,000:    3s.  Last read position: Chr4A:179,579,290
[M::mem_process_seqs] Processed 3316980 reads in 2184.965 CPU sec, 69.343 real sec
[2025/11/26 10:44:09 | CallMolecularConsensusReads | Info] processed    36,000,000 records.  Elapsed time: 00:04:33s.  Time for last 1,000,000:    7s.  Last read position: NC_002762.1:61,475.  Last read name: V350363065L2C001R04000630864:0:0:0:UMI_AACAACACAACACTGATCACCGCTTTCC
[2025/11/26 10:44:10 | GroupReadsByUmi | Info] Sorted    17,000,000 records.  Elapsed time: 00:01:04s.  Time for last 1,000,000:    3s.  Last read position: Chr4A:521,212,981
[M::bwa_idx_load_from_disk] read 0 ALT contigs
[2025/11/26 10:44:14 | GroupReadsByUmi | Info] Sorted    18,000,000 records.  Elapsed time: 00:01:08s.  Time for last 1,000,000:    4s.  Last read position: Chr4B:145,645,286
[2025/11/26 10:44:17 | CallMolecularConsensusReads | Info] processed    37,000,000 records.  Elapsed time: 00:04:41s.  Time for last 1,000,000:    7s.  Last read position: NC_002762.1:72,680.  Last read name: V350363065L1C006R04500144315:0:0:0:UMI_AACAACACAACACTGAGTTTTAAGTTCC
[2025/11/26 10:44:18 | GroupReadsByUmi | Info] Sorted    19,000,000 records.  Elapsed time: 00:01:12s.  Time for last 1,000,000:    3s.  Last read position: Chr4B:494,004,485
[M::process] read 1650844 sequences (160000019 bp)...
[2025/11/26 10:44:22 | GroupReadsByUmi | Info] Sorted    20,000,000 records.  Elapsed time: 00:01:16s.  Time for last 1,000,000:    3s.  Last read position: Chr4D:181,320,426
[M::process] read 812834 sequences (75979500 bp)...
[2025/11/26 10:44:24 | CallMolecularConsensusReads | Info] processed    38,000,000 records.  Elapsed time: 00:04:48s.  Time for last 1,000,000:    7s.  Last read position: NC_002762.1:105,528.  Last read name: V350363065L2C001R04000338586:0:0:0:UMI_AACAACACAACACTGAGAAACGATCTCA
[2025/11/26 10:44:26 | GroupReadsByUmi | Info] Sorted    21,000,000 records.  Elapsed time: 00:01:20s.  Time for last 1,000,000:    3s.  Last read position: Chr5A:28,346,434
[2025/11/26 10:44:30 | GroupReadsByUmi | Info] Sorted    22,000,000 records.  Elapsed time: 00:01:23s.  Time for last 1,000,000:    3s.  Last read position: Chr5A:374,350,793
[2025/11/26 10:44:32 | CallMolecularConsensusReads | Info] processed    39,000,000 records.  Elapsed time: 00:04:56s.  Time for last 1,000,000:    7s.  Last read position: NC_036024.1:289,173.  Last read name: V350363065L2C006R04000943130:0:0:0:UMI_AACAACACAACACTGAACCAAGAGGCCA
[2025/11/26 10:44:33 | GroupReadsByUmi | Info] Sorted    23,000,000 records.  Elapsed time: 00:01:27s.  Time for last 1,000,000:    3s.  Last read position: Chr5B:21,966,752
Nov 26, 2025 10:44:35 AM com.intel.gkl.compression.IntelInflater inflate
WARNING: Zero Bytes Written : 0
[2025/11/26 10:44:35 | CallMolecularConsensusReads | Info] Consensus calling overlapping read pairs statistics:
[2025/11/26 10:44:35 | CallMolecularConsensusReads | Info]     19,583,883 overlapping templates
[2025/11/26 10:44:35 | CallMolecularConsensusReads | Info]     3,819,076 corrected templates (19.50%)
[2025/11/26 10:44:35 | CallMolecularConsensusReads | Info]     0 overlapping bases
[2025/11/26 10:44:35 | CallMolecularConsensusReads | Info]     0 corrected bases (0.00%)
[2025/11/26 10:44:35 | CallMolecularConsensusReads | Info] processed    39,398,842 records.  Elapsed time: 00:04:59s.  Time for last 398,842:    3s.  Last read position: NC_036024.1:445,821.  Last read name: V350363065L2C005R05900517163:0:0:0:UMI_AACAACACTCCTGGTTGGGTTAATGCCA
[2025/11/26 10:44:35 | SamWriter | Info] Wrote        591,226 records.  Elapsed time: 00:04:59s.  Time for last 591,226:  299s.  Last read position: */*
[2025/11/26 10:44:35 | CallMolecularConsensusReads | Info] Total Raw Reads Considered: 39,398,842.
[2025/11/26 10:44:35 | CallMolecularConsensusReads | Info] Raw Reads Filtered Due to InsufficientSupport: 36,139,735 (0.9173).
[2025/11/26 10:44:35 | CallMolecularConsensusReads | Info] Raw Reads Filtered Due to MinorityAlignment: 6,520 (0.0002).
[2025/11/26 10:44:35 | CallMolecularConsensusReads | Info] Raw Reads Filtered Due to OrphanConsensus: 36,144,972 (0.9174).
[2025/11/26 10:44:35 | CallMolecularConsensusReads | Info] Raw Reads Filtered Due to ZeroPostAfterTrimming: 32 (0.0000).
[2025/11/26 10:44:35 | CallMolecularConsensusReads | Info] Consensus reads emitted: 591,226.
[2025/11/26 10:44:35 | FgBioMain | Info] CallMolecularConsensusReads completed. Elapsed time: 5.03 minutes.
[Wed Nov 26 10:44:36 2025]
Finished job 18.
15 of 26 steps (58%) done
Select jobs to execute...

[Wed Nov 26 10:44:36 2025]
rule umiMapping:
    input: /datapool/data/Users/zhijian/projects/scumiatac/result/step7_dedup/ATACP500_1.finished, /datapool/home/zhijian/data/wheat/genome/3.ref.mask.fasta.gz
    output: /datapool/data/Users/zhijian/projects/scumiatac/result/step8_umiMapping/ATACP500_1.finished
    jobid: 17
    reason: Missing output files: /datapool/data/Users/zhijian/projects/scumiatac/result/step8_umiMapping/ATACP500_1.finished; Input files updated by another job: /datapool/data/Users/zhijian/projects/scumiatac/result/step7_dedup/ATACP500_1.finished
    wildcards: sample=ATACP500_1
    threads: 16
    resources: tmpdir=/tmp


samtools fastq -@ 16 -1 /datapool/data/Users/zhijian/projects/scumiatac/result/step8_umiMapping/ATACP500_1_1_fq.gz -2 /datapool/data/Users/zhijian/projects/scumiatac/result/step8_umiMapping/ATACP500_1_2_fq.gz -n /datapool/data/Users/zhijian/projects/scumiatac/result/step7_dedup/ATACP500_1.dedup.bam
bwa mem -t 16 /datapool/home/zhijian/data/wheat/genome/3.ref.mask.fasta.gz /datapool/data/Users/zhijian/projects/scumiatac/result/step8_umiMapping/ATACP500_1_1_fq.gz /datapool/data/Users/zhijian/projects/scumiatac/result/step8_umiMapping/ATACP500_1_2_fq.gz | samtools sort -@ 16 -o /datapool/data/Users/zhijian/projects/scumiatac/result/step8_umiMapping/ATACP500_1.mapping.bam -
samtools index -c /datapool/data/Users/zhijian/projects/scumiatac/result/step8_umiMapping/ATACP500_1.mapping.bam -@ 16
touch /datapool/data/Users/zhijian/projects/scumiatac/result/step8_umiMapping/ATACP500_1.finished
        
[M::bam2fq_mainloop] discarded 0 singletons
[M::bam2fq_mainloop] processed 591226 reads
[2025/11/26 10:44:37 | GroupReadsByUmi | Info] Sorted    24,000,000 records.  Elapsed time: 00:01:31s.  Time for last 1,000,000:    3s.  Last read position: Chr5B:376,212,171
[2025/11/26 10:44:41 | GroupReadsByUmi | Info] Sorted    25,000,000 records.  Elapsed time: 00:01:35s.  Time for last 1,000,000:    3s.  Last read position: Chr5D:32,833,003
[2025/11/26 10:44:41 | SamWriter | Info] Wrote     42,000,000 records.  Elapsed time: 00:15:11s.  Time for last 2,000,000:   80s.  Last read position: NC_002762.1:24,608.  Last read name: V350363065L2C005R06000167891:0:0:0:UMI_AACAACACAACACTGAGTGTTTTCTCTG
[2025/11/26 10:44:45 | GroupReadsByUmi | Info] Sorted    26,000,000 records.  Elapsed time: 00:01:39s.  Time for last 1,000,000:    4s.  Last read position: Chr5D:412,862,992
[2025/11/26 10:44:48 | GroupReadsByUmi | Info] Sorted    27,000,000 records.  Elapsed time: 00:01:42s.  Time for last 1,000,000:    3s.  Last read position: Chr6A:235,691,655
[2025/11/26 10:44:51 | GroupReadsByUmi | Info] Sorted    28,000,000 records.  Elapsed time: 00:01:45s.  Time for last 1,000,000:    3s.  Last read position: Chr6A:597,710,528
[2025/11/26 10:44:55 | GroupReadsByUmi | Info] Sorted    29,000,000 records.  Elapsed time: 00:01:49s.  Time for last 1,000,000:    3s.  Last read position: Chr6B:397,092,801
[2025/11/26 10:44:58 | GroupReadsByUmi | Info] Sorted    30,000,000 records.  Elapsed time: 00:01:52s.  Time for last 1,000,000:    3s.  Last read position: Chr6D:56,904,908
[M::bwa_idx_load_from_disk] read 0 ALT contigs
[M::mem_pestat] # candidate unique pairs for (FF, FR, RF, RR): (2, 277036, 41, 0)
[M::mem_pestat] skip orientation FF as there are not enough pairs
[M::mem_pestat] analyzing insert size distribution for orientation FR...
[M::mem_pestat] (25, 50, 75) percentile: (81, 97, 122)
[M::mem_pestat] low and high boundaries for computing mean and std.dev: (1, 204)
[M::mem_pestat] mean and std.dev: (103.56, 30.01)
[M::mem_pestat] low and high boundaries for proper pairs: (1, 245)
[M::mem_pestat] analyzing insert size distribution for orientation RF...
[M::mem_pestat] (25, 50, 75) percentile: (173, 573, 592)
[M::mem_pestat] low and high boundaries for computing mean and std.dev: (1, 1430)
[M::mem_pestat] mean and std.dev: (455.00, 233.44)
[M::mem_pestat] low and high boundaries for proper pairs: (1, 1849)
[M::mem_pestat] skip orientation RR as there are not enough pairs
[M::mem_pestat] skip orientation RF
[2025/11/26 10:45:02 | GroupReadsByUmi | Info] Sorted    31,000,000 records.  Elapsed time: 00:01:56s.  Time for last 1,000,000:    3s.  Last read position: Chr6D:429,107,601
[M::process] read 591226 sequences (55285432 bp)...
[2025/11/26 10:45:06 | GroupReadsByUmi | Info] Sorted    32,000,000 records.  Elapsed time: 00:02:00s.  Time for last 1,000,000:    4s.  Last read position: Chr7A:343,845,951
[2025/11/26 10:45:10 | GroupReadsByUmi | Info] Sorted    33,000,000 records.  Elapsed time: 00:02:04s.  Time for last 1,000,000:    3s.  Last read position: Chr7A:717,560,702
[M::mem_process_seqs] Processed 2780702 reads in 1963.808 CPU sec, 62.411 real sec
[2025/11/26 10:45:14 | GroupReadsByUmi | Info] Sorted    34,000,000 records.  Elapsed time: 00:02:08s.  Time for last 1,000,000:    3s.  Last read position: Chr7B:336,710,610
[main] Version: 0.7.19-r1273
[main] CMD: bwa mem -t 32 /datapool/home/zhijian/data/wheat/genome/3.ref.mask.fasta.gz /datapool/data/Users/zhijian/projects/scumiatac/result/step4_trim/ATACSC_final_1P.fq.gz /datapool/data/Users/zhijian/projects/scumiatac/result/step4_trim/ATACSC_final_2P.fq.gz
[main] Real time: 3200.124 sec; CPU: 99873.508 sec
[bam_sort_core] merging from 1 files and 32 in-memory blocks...
[2025/11/26 10:45:18 | GroupReadsByUmi | Info] Sorted    35,000,000 records.  Elapsed time: 00:02:11s.  Time for last 1,000,000:    3s.  Last read position: Chr7B:682,853,594
[M::mem_pestat] # candidate unique pairs for (FF, FR, RF, RR): (0, 152378, 1, 2)
[M::mem_pestat] skip orientation FF as there are not enough pairs
[M::mem_pestat] analyzing insert size distribution for orientation FR...
[M::mem_pestat] (25, 50, 75) percentile: (77, 89, 106)
[M::mem_pestat] low and high boundaries for computing mean and std.dev: (19, 164)
[M::mem_pestat] mean and std.dev: (93.47, 20.85)
[M::mem_pestat] low and high boundaries for proper pairs: (1, 193)
[M::mem_pestat] skip orientation RF as there are not enough pairs
[M::mem_pestat] skip orientation RR as there are not enough pairs
[M::mem_process_seqs] Processed 591226 reads in 276.888 CPU sec, 17.786 real sec
[2025/11/26 10:45:21 | GroupReadsByUmi | Info] Sorted    36,000,000 records.  Elapsed time: 00:02:15s.  Time for last 1,000,000:    3s.  Last read position: Chr7D:305,167,082
[main] Version: 0.7.19-r1273
[main] CMD: bwa mem -t 16 /datapool/home/zhijian/data/wheat/genome/3.ref.mask.fasta.gz /datapool/data/Users/zhijian/projects/scumiatac/result/step8_umiMapping/ATACP500_1_1_fq.gz /datapool/data/Users/zhijian/projects/scumiatac/result/step8_umiMapping/ATACP500_1_2_fq.gz
[main] Real time: 47.063 sec; CPU: 297.999 sec
[bam_sort_core] merging from 0 files and 16 in-memory blocks...
[Wed Nov 26 10:45:24 2025]
Finished job 17.
16 of 26 steps (62%) done
[M::mem_pestat] # candidate unique pairs for (FF, FR, RF, RR): (10, 317854, 24, 6)
[M::mem_pestat] analyzing insert size distribution for orientation FF...
[M::mem_pestat] (25, 50, 75) percentile: (67, 1247, 3106)
[M::mem_pestat] low and high boundaries for computing mean and std.dev: (1, 9184)
[M::mem_pestat] mean and std.dev: (2261.90, 3080.35)
[M::mem_pestat] low and high boundaries for proper pairs: (1, 14583)
[M::mem_pestat] analyzing insert size distribution for orientation FR...
[M::mem_pestat] (25, 50, 75) percentile: (79, 94, 115)
[M::mem_pestat] low and high boundaries for computing mean and std.dev: (7, 187)
[M::mem_pestat] mean and std.dev: (99.23, 25.67)
[M::mem_pestat] low and high boundaries for proper pairs: (1, 223)
[M::mem_pestat] analyzing insert size distribution for orientation RF...
[M::mem_pestat] (25, 50, 75) percentile: (587, 626, 2640)
[M::mem_pestat] low and high boundaries for computing mean and std.dev: (1, 6746)
[M::mem_pestat] mean and std.dev: (1126.19, 1266.10)
[M::mem_pestat] low and high boundaries for proper pairs: (1, 8799)
[M::mem_pestat] skip orientation RR as there are not enough pairs
[M::mem_pestat] skip orientation FF
[M::mem_pestat] skip orientation RF
[2025/11/26 10:45:25 | GroupReadsByUmi | Info] Sorted    37,000,000 records.  Elapsed time: 00:02:19s.  Time for last 1,000,000:    3s.  Last read position: ChrUnknown:50,988,541
[2025/11/26 10:45:30 | GroupReadsByUmi | Info] Sorted    38,000,000 records.  Elapsed time: 00:02:24s.  Time for last 1,000,000:    4s.  Last read position: NC_002762.1:7,173
[M::mem_process_seqs] Processed 1650844 reads in 1124.345 CPU sec, 72.373 real sec
[2025/11/26 10:45:33 | GroupReadsByUmi | Info] Sorted    39,000,000 records.  Elapsed time: 00:02:26s.  Time for last 1,000,000:    2s.  Last read position: NC_002762.1:13,892
[2025/11/26 10:45:35 | GroupReadsByUmi | Info] Sorted    40,000,000 records.  Elapsed time: 00:02:29s.  Time for last 1,000,000:    2s.  Last read position: NC_002762.1:20,564
[M::mem_pestat] # candidate unique pairs for (FF, FR, RF, RR): (23, 364143, 1, 24)
[M::mem_pestat] analyzing insert size distribution for orientation FF...
[M::mem_pestat] (25, 50, 75) percentile: (36, 49, 60)
[M::mem_pestat] low and high boundaries for computing mean and std.dev: (1, 108)
[M::mem_pestat] mean and std.dev: (46.77, 17.11)
[M::mem_pestat] low and high boundaries for proper pairs: (1, 132)
[M::mem_pestat] analyzing insert size distribution for orientation FR...
[M::mem_pestat] (25, 50, 75) percentile: (77, 89, 107)
[M::mem_pestat] low and high boundaries for computing mean and std.dev: (17, 167)
[M::mem_pestat] mean and std.dev: (93.94, 21.60)
[M::mem_pestat] low and high boundaries for proper pairs: (1, 197)
[M::mem_pestat] skip orientation RF as there are not enough pairs
[M::mem_pestat] analyzing insert size distribution for orientation RR...
[M::mem_pestat] (25, 50, 75) percentile: (32, 38, 58)
[M::mem_pestat] low and high boundaries for computing mean and std.dev: (1, 110)
[M::mem_pestat] mean and std.dev: (43.83, 16.86)
[M::mem_pestat] low and high boundaries for proper pairs: (1, 136)
[M::mem_pestat] skip orientation FF
[M::mem_pestat] skip orientation RR
[M::mem_process_seqs] Processed 812834 reads in 92.123 CPU sec, 5.769 real sec
[2025/11/26 10:45:38 | GroupReadsByUmi | Info] Sorted    41,000,000 records.  Elapsed time: 00:02:32s.  Time for last 1,000,000:    2s.  Last read position: NC_002762.1:26,096
[main] Version: 0.7.19-r1273
[main] CMD: bwa mem -t 16 /datapool/home/zhijian/data/wheat/genome/3.ref.mask.fasta.gz /datapool/data/Users/zhijian/projects/scumiatac/result/step8_umiMapping/ATACP500_2_1_fq.gz /datapool/data/Users/zhijian/projects/scumiatac/result/step8_umiMapping/ATACP500_2_2_fq.gz
[main] Real time: 113.500 sec; CPU: 1242.338 sec
[bam_sort_core] merging from 0 files and 16 in-memory blocks...
[2025/11/26 10:45:41 | GroupReadsByUmi | Info] Sorted    42,000,000 records.  Elapsed time: 00:02:35s.  Time for last 1,000,000:    3s.  Last read position: NC_002762.1:32,014
[Wed Nov 26 10:45:43 2025]
Finished job 25.
17 of 26 steps (65%) done
[2025/11/26 10:45:44 | GroupReadsByUmi | Info] Sorted    43,000,000 records.  Elapsed time: 00:02:38s.  Time for last 1,000,000:    2s.  Last read position: NC_002762.1:38,440
[2025/11/26 10:45:47 | GroupReadsByUmi | Info] Sorted    44,000,000 records.  Elapsed time: 00:02:41s.  Time for last 1,000,000:    3s.  Last read position: NC_002762.1:44,315
[2025/11/26 10:45:50 | GroupReadsByUmi | Info] Sorted    45,000,000 records.  Elapsed time: 00:02:44s.  Time for last 1,000,000:    2s.  Last read position: NC_002762.1:50,795
[2025/11/26 10:45:53 | GroupReadsByUmi | Info] Sorted    46,000,000 records.  Elapsed time: 00:02:47s.  Time for last 1,000,000:    2s.  Last read position: NC_002762.1:56,759
[2025/11/26 10:45:56 | GroupReadsByUmi | Info] Sorted    47,000,000 records.  Elapsed time: 00:02:50s.  Time for last 1,000,000:    3s.  Last read position: NC_002762.1:62,793
[2025/11/26 10:45:59 | GroupReadsByUmi | Info] Sorted    48,000,000 records.  Elapsed time: 00:02:53s.  Time for last 1,000,000:    2s.  Last read position: NC_002762.1:69,016
[2025/11/26 10:46:02 | GroupReadsByUmi | Info] Sorted    49,000,000 records.  Elapsed time: 00:02:56s.  Time for last 1,000,000:    3s.  Last read position: NC_002762.1:75,032
[2025/11/26 10:46:09 | GroupReadsByUmi | Info] Sorted    50,000,000 records.  Elapsed time: 00:03:02s.  Time for last 1,000,000:    6s.  Last read position: NC_002762.1:102,264
[2025/11/26 10:46:12 | GroupReadsByUmi | Info] Sorted    51,000,000 records.  Elapsed time: 00:03:06s.  Time for last 1,000,000:    3s.  Last read position: NC_002762.1:109,312
[2025/11/26 10:46:18 | GroupReadsByUmi | Info] Sorted    52,000,000 records.  Elapsed time: 00:03:12s.  Time for last 1,000,000:    6s.  Last read position: NC_036024.1:151,219
Nov 26, 2025 10:46:22 AM com.intel.gkl.compression.IntelInflater inflate
WARNING: Zero Bytes Written : 0
[2025/11/26 10:46:22 | GroupReadsByUmi | Info] Sorted    52,832,852 records.  Elapsed time: 00:03:15s.  Time for last 832,852:    3s.  Last read position: NC_036024.1:452,489
[2025/11/26 10:46:22 | GroupReadsByUmi | Info] Accepted 52,832,852 SAM records for grouping.
[2025/11/26 10:46:22 | GroupReadsByUmi | Info] Filtered out 27,352,502 SAM records due to mapping issues.
[2025/11/26 10:46:22 | GroupReadsByUmi | Info] Filtered out 0 SAM records that contained one or more Ns in their UMIs.
[2025/11/26 10:46:22 | GroupReadsByUmi | Info] Assigning reads to UMIs and outputting.
[2025/11/26 10:46:24 | SamWriter | Info] Seen many non-increasing record positions. Printing Read-names as well.
[Wed Nov 26 10:46:27 2025]
Finished job 36.
18 of 26 steps (69%) done
Select jobs to execute...

[Wed Nov 26 10:46:27 2025]
rule bam_qc:
    input: /datapool/data/Users/zhijian/projects/scumiatac/result/step5_bwa/ATACSC.finished
    output: /datapool/data/Users/zhijian/projects/scumiatac/result/step6_bam_qc/ATACSC.finished
    jobid: 35
    reason: Missing output files: /datapool/data/Users/zhijian/projects/scumiatac/result/step6_bam_qc/ATACSC.finished; Input files updated by another job: /datapool/data/Users/zhijian/projects/scumiatac/result/step5_bwa/ATACSC.finished
    wildcards: sample=ATACSC
    resources: tmpdir=/tmp


python /datapool/data/Users/zhijian/projects/scumiatac/pipeline/scripts/bamFilterAndQc.py /datapool/data/Users/zhijian/projects/scumiatac/result/step5_bwa/ATACSC.bwa.bam /datapool/data/Users/zhijian/projects/scumiatac/result/step6_bam_qc/ATACSC.qc.bam
touch /datapool/data/Users/zhijian/projects/scumiatac/result/step6_bam_qc/ATACSC.finished
        
[2025/11/26 10:47:28 | SamWriter | Info] Wrote      2,000,000 records.  Elapsed time: 00:04:22s.  Time for last 2,000,000:   65s.  Last read position: Chr1B:445,125,317.  Last read name: V350363065L2C004R00600973664:0:0:0:UMI_AACAACACAACACTGAAACCTTTCGTCT
[2025/11/26 10:47:30 | SamWriter | Info] Wrote     44,000,000 records.  Elapsed time: 00:18:00s.  Time for last 2,000,000:  168s.  Last read position: NC_002762.1:43,018.  Last read name: V350363065L2C002R00701169183:0:0:0:UMI_AACAACACAACACTGAAGATACTAACAC
[2025/11/26 10:48:06 | SamWriter | Info] Wrote      4,000,000 records.  Elapsed time: 00:05:00s.  Time for last 2,000,000:   37s.  Last read position: Chr2A:18,156,738.  Last read name: V350363065L2C002R04000055747:0:0:0:UMI_AACAACACAACACTGACGCGGTTAACCG
[2025/11/26 10:48:46 | SamWriter | Info] Wrote      6,000,000 records.  Elapsed time: 00:05:40s.  Time for last 2,000,000:   40s.  Last read position: Chr2B:68,656,442.  Last read name: V350363065L2C003R05400600996:0:0:0:UMI_AACAACACAACACTGAATTGTTTCATTG
[2025/11/26 10:49:15 | SamWriter | Info] Wrote      8,000,000 records.  Elapsed time: 00:06:08s.  Time for last 2,000,000:   28s.  Last read position: Chr2D:44,335,161.  Last read name: V350363065L1C006R03601009728:0:0:0:UMI_AACAACACAACACTGATCTCTTCAGGGA
[2025/11/26 10:49:43 | SamWriter | Info] Wrote     10,000,000 records.  Elapsed time: 00:06:37s.  Time for last 2,000,000:   28s.  Last read position: Chr3A:136,222,649.  Last read name: V350363065L2C004R03900663187:0:0:0:UMI_AACAACACAACACTGAATGATGGCATCA
[2025/11/26 10:50:12 | SamWriter | Info] Wrote     12,000,000 records.  Elapsed time: 00:07:06s.  Time for last 2,000,000:   29s.  Last read position: Chr3B:165,275,392.  Last read name: V350363065L2C003R02601161229:0:0:0:UMI_AACAACACAACACTGATCTAAGCGCGCT
[2025/11/26 10:50:23 | SamWriter | Info] Wrote     46,000,000 records.  Elapsed time: 00:20:53s.  Time for last 2,000,000:  173s.  Last read position: NC_002762.1:61,800.  Last read name: V350363065L1C001R05900222487:0:0:0:UMI_AACAACACAACACTGAAGGCGGGTTGGT
[2025/11/26 10:50:39 | SamWriter | Info] Wrote     14,000,000 records.  Elapsed time: 00:07:33s.  Time for last 2,000,000:   27s.  Last read position: Chr3D:30,446,449.  Last read name: V350363065L1C001R00901254694:0:0:0:UMI_ACCAACACAACACTGACAGTAGTGGAGT
[2025/11/26 10:51:14 | SamWriter | Info] Wrote     16,000,000 records.  Elapsed time: 00:08:07s.  Time for last 2,000,000:   34s.  Last read position: Chr4A:178,754,436.  Last read name: V350363065L1C002R04800259900:0:0:0:UMI_AACAACACAACACTGATGCGAAGATCTC
[2025/11/26 10:51:40 | SamWriter | Info] Wrote     18,000,000 records.  Elapsed time: 00:08:34s.  Time for last 2,000,000:   26s.  Last read position: Chr4B:144,826,237.  Last read name: V350363065L2C005R05900761759:0:0:0:UMI_AACAACACAACACTGACTCCCGCCTTCT
[2025/11/26 10:52:51 | SamWriter | Info] Wrote     20,000,000 records.  Elapsed time: 00:09:45s.  Time for last 2,000,000:   70s.  Last read position: Chr4D:180,609,979.  Last read name: V350363065L2C003R06400616142:0:0:0:UMI_AACAACACAACACTGACAGCGATCCAGA
[2025/11/26 10:53:18 | SamWriter | Info] Wrote     48,000,000 records.  Elapsed time: 00:23:47s.  Time for last 2,000,000:  174s.  Last read position: NC_002762.1:101,517.  Last read name: V350363065L2C002R05100840596:0:0:0:UMI_AACAACACAACACTGACATAAATTCACG
[2025/11/26 10:55:01 | SamWriter | Info] Wrote     22,000,000 records.  Elapsed time: 00:11:55s.  Time for last 2,000,000:  130s.  Last read position: Chr5A:373,692,991.  Last read name: V350363065L1C005R03600322238:0:0:0:UMI_AACAACACAACACTGACATGCCGGCCAT
[2025/11/26 10:57:26 | SamWriter | Info] Wrote     24,000,000 records.  Elapsed time: 00:14:20s.  Time for last 2,000,000:  144s.  Last read position: Chr5B:375,275,952.  Last read name: V350363065L2C002R05701404790:0:0:0:UMI_AACAACACAACACTGACTAGCACTGTAC
[2025/11/26 10:58:24 | SamWriter | Info] Wrote     49,969,024 records.  Elapsed time: 00:28:54s.  Time for last 1,969,024:  306s.  Last read position: NC_036024.1:443,045.  Last read name: V350363065L2C006R01300056915:0:0:0:UMI_AACAACACAACACTGAGTCGTGCCGAGA
[2025/11/26 10:58:25 | FgBioMain | Info] GroupReadsByUmi completed. Elapsed time: 28.94 minutes.
Nov 26, 2025 10:58:26 AM com.intel.gkl.NativeLibraryLoader load
INFO: Loading libgkl_compression.so from jar:file:/datapool/data/Users/zhijian/miniconda3/envs/scumiatac/share/fgbio/fgbio.jar!/com/intel/gkl/native/libgkl_compression.so
[2025/11/26 10:58:28 | FgBioMain | Info] Executing CallMolecularConsensusReads from fgbio version 3.1.0 as zhijian@epilab-gpu on JRE 23.0.2-internal-adhoc.conda.src with snappy, IntelInflater, and IntelDeflater
[2025/11/26 10:58:28 | CallMolecularConsensusReads | Info] Seen many non-increasing record positions. Printing Read-names as well.
[2025/11/26 10:58:37 | CallMolecularConsensusReads | Info] processed     1,000,000 records.  Elapsed time: 00:00:09s.  Time for last 1,000,000:    9s.  Last read position: Chr1A:351,105,371.  Last read name: V350363065L2C004R02300589113:0:0:0:UMI_AACAACACAACACTGAATATCAAAACTA
[2025/11/26 10:58:44 | CallMolecularConsensusReads | Info] processed     2,000,000 records.  Elapsed time: 00:00:16s.  Time for last 1,000,000:    7s.  Last read position: Chr1B:392,086,847.  Last read name: V350363065L2C005R02900846339:0:0:0:UMI_AACAACACAACACTGAATGTTGTACCCC
[2025/11/26 10:58:48 | SamWriter | Info] Wrote     26,000,000 records.  Elapsed time: 00:15:42s.  Time for last 2,000,000:   81s.  Last read position: Chr5D:412,029,006.  Last read name: V350363065L2C002R03700442609:0:0:0:UMI_AACAACACAACACTGAACGGCAGCAGCC
[2025/11/26 10:58:51 | CallMolecularConsensusReads | Info] processed     3,000,000 records.  Elapsed time: 00:00:23s.  Time for last 1,000,000:    6s.  Last read position: Chr1D:73,365,997.  Last read name: V350363065L1C006R04900680195:0:0:0:UMI_AACAACACAACACTGACTGCTATTCCGG
[2025/11/26 10:58:58 | CallMolecularConsensusReads | Info] processed     4,000,000 records.  Elapsed time: 00:00:30s.  Time for last 1,000,000:    7s.  Last read position: Chr1D:426,910,149.  Last read name: V350363065L2C001R01001261515:0:0:0:UMI_AACAACACAACACTGACATCCAAAGAGC
[2025/11/26 10:59:05 | CallMolecularConsensusReads | Info] processed     5,000,000 records.  Elapsed time: 00:00:37s.  Time for last 1,000,000:    7s.  Last read position: Chr2A:304,198,584.  Last read name: V350363065L1C003R03000919410:0:0:0:UMI_AACAACACAACACTGAAAACTAGAGACC
[2025/11/26 10:59:12 | CallMolecularConsensusReads | Info] processed     6,000,000 records.  Elapsed time: 00:00:44s.  Time for last 1,000,000:    7s.  Last read position: Chr2A:689,385,150.  Last read name: V350363065L1C004R03200505708:0:0:0:UMI_AACAACACAACACTGAATACTCCATAGA
[2025/11/26 10:59:15 | SamWriter | Info] Wrote     28,000,000 records.  Elapsed time: 00:16:09s.  Time for last 2,000,000:   27s.  Last read position: Chr6A:596,823,383.  Last read name: V350363065L2C002R04700960935:0:0:0:UMI_AACAACACAACACTGAAAAGTCTAGCAC
[2025/11/26 10:59:19 | CallMolecularConsensusReads | Info] processed     7,000,000 records.  Elapsed time: 00:00:51s.  Time for last 1,000,000:    6s.  Last read position: Chr2B:291,722,788.  Last read name: V350363065L2C005R05801151457:0:0:0:UMI_AACAACACAACACTGAACAATGTAAACC
[2025/11/26 10:59:26 | CallMolecularConsensusReads | Info] processed     8,000,000 records.  Elapsed time: 00:00:58s.  Time for last 1,000,000:    6s.  Last read position: Chr2B:614,777,451.  Last read name: V350363065L1C002R03000578352:0:0:0:UMI_AACAACACAACACTGATAATCAGTCTAA
[2025/11/26 10:59:33 | CallMolecularConsensusReads | Info] processed     9,000,000 records.  Elapsed time: 00:01:05s.  Time for last 1,000,000:    6s.  Last read position: Chr2D:208,356,181.  Last read name: V350363065L1C003R01701091879:0:0:0:UMI_AACAACACAACACTGATTAGGGAAGGAA
[2025/11/26 10:59:40 | CallMolecularConsensusReads | Info] processed    10,000,000 records.  Elapsed time: 00:01:12s.  Time for last 1,000,000:    7s.  Last read position: Chr2D:547,977,441.  Last read name: V350363065L2C003R03401406581:0:0:0:UMI_AACAACACAACACTGAGGAGCTCACGTG
[2025/11/26 10:59:42 | SamWriter | Info] Wrote     30,000,000 records.  Elapsed time: 00:16:36s.  Time for last 2,000,000:   26s.  Last read position: Chr6D:55,925,415.  Last read name: V350363065L2C005R04601037291:0:0:0:UMI_AACAACACAACACTGAGGCCACGATGTC
[2025/11/26 10:59:47 | CallMolecularConsensusReads | Info] processed    11,000,000 records.  Elapsed time: 00:01:19s.  Time for last 1,000,000:    7s.  Last read position: Chr3A:246,763,865.  Last read name: V350363065L1C003R03201202916:0:0:0:UMI_AACAACACAACACTGATATACCCCATTG
[2025/11/26 10:59:54 | CallMolecularConsensusReads | Info] processed    12,000,000 records.  Elapsed time: 00:01:26s.  Time for last 1,000,000:    7s.  Last read position: Chr3A:587,280,043.  Last read name: V350363065L1C001R06201070828:0:0:0:UMI_AACAACACAACACTGATTGTCCGCTGTC
[2025/11/26 11:00:01 | CallMolecularConsensusReads | Info] processed    13,000,000 records.  Elapsed time: 00:01:33s.  Time for last 1,000,000:    7s.  Last read position: Chr3B:221,537,578.  Last read name: V350363065L1C003R06701108270:0:0:0:UMI_AACAACACAACACTGATGGAGTCATAGT
[2025/11/26 11:00:08 | CallMolecularConsensusReads | Info] processed    14,000,000 records.  Elapsed time: 00:01:40s.  Time for last 1,000,000:    7s.  Last read position: Chr3B:544,754,098.  Last read name: V350363065L1C003R04501386612:0:0:0:UMI_AACAACACAACACTGACTGCCAAAGCAA
[2025/11/26 11:00:08 | SamWriter | Info] Wrote     32,000,000 records.  Elapsed time: 00:17:02s.  Time for last 2,000,000:   26s.  Last read position: Chr7A:343,022,458.  Last read name: V350363065L2C004R03001313201:0:0:0:UMI_AACAACACAACACTGATCTTAAAATGAG
[2025/11/26 11:00:15 | CallMolecularConsensusReads | Info] processed    15,000,000 records.  Elapsed time: 00:01:47s.  Time for last 1,000,000:    6s.  Last read position: Chr3D:49,489,274.  Last read name: V350363065L1C001R07100288860:0:0:0:UMI_AACAACACAACACTGATTATCCCATTCG
[2025/11/26 11:00:22 | CallMolecularConsensusReads | Info] processed    16,000,000 records.  Elapsed time: 00:01:54s.  Time for last 1,000,000:    7s.  Last read position: Chr3D:398,481,154.  Last read name: V350363065L1C006R03100524115:0:0:0:UMI_AACAACACAACACTGAGAATCTATTAAG
[2025/11/26 11:00:29 | CallMolecularConsensusReads | Info] processed    17,000,000 records.  Elapsed time: 00:02:01s.  Time for last 1,000,000:    7s.  Last read position: Chr4A:160,487,171.  Last read name: V350363065L2C001R06600315683:0:0:0:UMI_AACAACACAACACTGACGGCTTGATCTA
[2025/11/26 11:00:34 | SamWriter | Info] Wrote     34,000,000 records.  Elapsed time: 00:17:28s.  Time for last 2,000,000:   25s.  Last read position: Chr7B:336,080,146.  Last read name: V350363065L1C002R01300487886:0:0:0:UMI_AACAACACAACACTGAAAATCCATATCT
[2025/11/26 11:00:36 | CallMolecularConsensusReads | Info] processed    18,000,000 records.  Elapsed time: 00:02:08s.  Time for last 1,000,000:    6s.  Last read position: Chr4A:477,619,031.  Last read name: V350363065L2C002R01000714431:0:0:0:UMI_AACAACACAACACTGACAGTCAATCCGT
[2025/11/26 11:00:43 | CallMolecularConsensusReads | Info] processed    19,000,000 records.  Elapsed time: 00:02:15s.  Time for last 1,000,000:    6s.  Last read position: Chr4B:78,429,986.  Last read name: V350363065L2C006R06701106115:0:0:0:UMI_AACAACACAACACTGAACCCGAGCTTTC
[2025/11/26 11:00:50 | CallMolecularConsensusReads | Info] processed    20,000,000 records.  Elapsed time: 00:02:22s.  Time for last 1,000,000:    6s.  Last read position: Chr4B:402,802,436.  Last read name: V350363065L1C003R03000774951:0:0:0:UMI_AACAACACAACACTGATCTGAGTCAGAC
[2025/11/26 11:00:57 | CallMolecularConsensusReads | Info] processed    21,000,000 records.  Elapsed time: 00:02:29s.  Time for last 1,000,000:    7s.  Last read position: Chr4D:71,568,292.  Last read name: V350363065L1C001R01200595518:0:0:0:UMI_AACAACACAACACTGAGATATGTCTAGA
[2025/11/26 11:01:02 | SamWriter | Info] Wrote     36,000,000 records.  Elapsed time: 00:17:56s.  Time for last 2,000,000:   27s.  Last read position: Chr7D:304,500,136.  Last read name: V350363065L2C004R05401312999:0:0:0:UMI_AACAACACAACACTGAAAATAAAGGGAG
[2025/11/26 11:01:04 | CallMolecularConsensusReads | Info] processed    22,000,000 records.  Elapsed time: 00:02:36s.  Time for last 1,000,000:    7s.  Last read position: Chr4D:408,624,986.  Last read name: V350363065L1C004R01300699446:0:0:0:UMI_AACAACACAACACTGACTCTCCTTAATG
[2025/11/26 11:01:11 | CallMolecularConsensusReads | Info] processed    23,000,000 records.  Elapsed time: 00:02:43s.  Time for last 1,000,000:    7s.  Last read position: Chr5A:237,771,767.  Last read name: V350363065L2C004R06100287405:0:0:0:UMI_AACAACACAACACTGAGACGAACCTATC
[2025/11/26 11:01:18 | CallMolecularConsensusReads | Info] processed    24,000,000 records.  Elapsed time: 00:02:50s.  Time for last 1,000,000:    7s.  Last read position: Chr5A:580,721,208.  Last read name: V350363065L2C006R03600172358:0:0:0:UMI_AACAACACAACACTGATGAGGAAATCGA
[2025/11/26 11:01:25 | CallMolecularConsensusReads | Info] processed    25,000,000 records.  Elapsed time: 00:02:57s.  Time for last 1,000,000:    7s.  Last read position: Chr5B:196,825,988.  Last read name: V350363065L1C001R04300834709:0:0:0:UMI_AACAACACAACACTGAACTTGCTATGAA
[2025/11/26 11:01:32 | CallMolecularConsensusReads | Info] processed    26,000,000 records.  Elapsed time: 00:03:04s.  Time for last 1,000,000:    7s.  Last read position: Chr5B:539,761,857.  Last read name: V350363065L1C006R05500605259:0:0:0:UMI_AACAACACAACACTGAATCCTGTGGACA
[2025/11/26 11:01:39 | CallMolecularConsensusReads | Info] processed    27,000,000 records.  Elapsed time: 00:03:11s.  Time for last 1,000,000:    6s.  Last read position: Chr5D:174,345,284.  Last read name: V350363065L2C005R04901106915:0:0:0:UMI_AACAACACAACACTGATGATGACGGAGT
[2025/11/26 11:01:46 | CallMolecularConsensusReads | Info] processed    28,000,000 records.  Elapsed time: 00:03:18s.  Time for last 1,000,000:    7s.  Last read position: Chr5D:526,173,067.  Last read name: V350363065L1C005R07000532849:0:0:0:UMI_AACAACACAACACTAATGCCTGACGCGG
[2025/11/26 11:01:51 | SamWriter | Info] Wrote     38,000,000 records.  Elapsed time: 00:18:45s.  Time for last 2,000,000:   49s.  Last read position: NC_002762.1:7,164.  Last read name: V350363065L1C002R05601147883:0:0:0:UMI_AACAACACAACACTGAAGAGAGGTTTGC
[2025/11/26 11:01:53 | CallMolecularConsensusReads | Info] processed    29,000,000 records.  Elapsed time: 00:03:25s.  Time for last 1,000,000:    6s.  Last read position: Chr6A:319,260,865.  Last read name: V350363065L2C005R04500596809:0:0:0:UMI_AACAACACAACACTGACCACCTATGAAC
[2025/11/26 11:02:00 | CallMolecularConsensusReads | Info] processed    30,000,000 records.  Elapsed time: 00:03:32s.  Time for last 1,000,000:    7s.  Last read position: Chr6B:58,640,407.  Last read name: V350363065L1C002R06801374564:0:0:0:UMI_AACAACACAACACTGAGTGTTAGTGCTA
[2025/11/26 11:02:07 | CallMolecularConsensusReads | Info] processed    31,000,000 records.  Elapsed time: 00:03:39s.  Time for last 1,000,000:    7s.  Last read position: Chr6B:441,237,722.  Last read name: V350363065L1C006R06000238932:0:0:0:UMI_AACAACACAACACTGACATTAACAAAGA
[2025/11/26 11:02:14 | CallMolecularConsensusReads | Info] processed    32,000,000 records.  Elapsed time: 00:03:46s.  Time for last 1,000,000:    7s.  Last read position: Chr6D:81,494,873.  Last read name: V350363065L2C005R06001192601:0:0:0:UMI_AACAACACAACACTGAGGATCAATAATA
[2025/11/26 11:02:21 | CallMolecularConsensusReads | Info] processed    33,000,000 records.  Elapsed time: 00:03:53s.  Time for last 1,000,000:    7s.  Last read position: Chr6D:423,586,103.  Last read name: V350363065L2C004R05900481134:0:0:0:UMI_AACAACACAACACTGATGGCTTCTGGTA
[2025/11/26 11:02:28 | CallMolecularConsensusReads | Info] processed    34,000,000 records.  Elapsed time: 00:04:00s.  Time for last 1,000,000:    7s.  Last read position: Chr7A:315,202,125.  Last read name: V350363065L1C002R05801364975:0:0:0:UMI_AACAACACAACACTGACTGCGAAAAGAA
[2025/11/26 11:02:35 | CallMolecularConsensusReads | Info] processed    35,000,000 records.  Elapsed time: 00:04:07s.  Time for last 1,000,000:    6s.  Last read position: Chr7A:659,275,928.  Last read name: V350363065L1C005R07200116958:0:0:0:UMI_AACAACACAACACTGACCATGCACTCAA
[2025/11/26 11:02:42 | CallMolecularConsensusReads | Info] processed    36,000,000 records.  Elapsed time: 00:04:14s.  Time for last 1,000,000:    6s.  Last read position: Chr7B:266,060,638.  Last read name: V350363065L2C004R02301403467:0:0:0:UMI_AACAACACAACACTGAACGTTTTTGGAT
[2025/11/26 11:02:49 | CallMolecularConsensusReads | Info] processed    37,000,000 records.  Elapsed time: 00:04:21s.  Time for last 1,000,000:    6s.  Last read position: Chr7B:579,926,166.  Last read name: V350363065L1C003R02601218610:0:0:0:UMI_AACAACACAACACTGAGTTTCCGCGATA
[2025/11/26 11:02:56 | CallMolecularConsensusReads | Info] processed    38,000,000 records.  Elapsed time: 00:04:28s.  Time for last 1,000,000:    6s.  Last read position: Chr7D:169,823,862.  Last read name: V350363065L2C005R06101203178:0:0:0:UMI_AACAACACAACACTGATGGTACAGGCAG
[2025/11/26 11:03:03 | CallMolecularConsensusReads | Info] processed    39,000,000 records.  Elapsed time: 00:04:35s.  Time for last 1,000,000:    7s.  Last read position: Chr7D:523,068,396.  Last read name: V350363065L2C001R03100671266:0:0:0:UMI_AACAACACAACACTGAGTGGAATGGACT
[2025/11/26 11:03:10 | CallMolecularConsensusReads | Info] processed    40,000,000 records.  Elapsed time: 00:04:42s.  Time for last 1,000,000:    6s.  Last read position: NC_002762.1:3,795.  Last read name: V350363065L1C002R03300047920:0:0:0:UMI_AACAACACAACACTGAGTAAGACAGCTT
[2025/11/26 11:03:14 | SamWriter | Info] Wrote     40,000,000 records.  Elapsed time: 00:20:08s.  Time for last 2,000,000:   82s.  Last read position: NC_002762.1:20,571.  Last read name: V350363065L1C005R01301392077:0:0:0:UMI_AACAACACAACACTGAGTAGAGAGAGGT
[2025/11/26 11:03:17 | CallMolecularConsensusReads | Info] processed    41,000,000 records.  Elapsed time: 00:04:48s.  Time for last 1,000,000:    6s.  Last read position: NC_002762.1:15,438.  Last read name: V350363065L1C004R02901261089:0:0:0:UMI_AACAACACAACACTGACGGAGAGACACG
[2025/11/26 11:03:24 | CallMolecularConsensusReads | Info] processed    42,000,000 records.  Elapsed time: 00:04:55s.  Time for last 1,000,000:    6s.  Last read position: NC_002762.1:24,608.  Last read name: V350363065L2C005R06000167891:0:0:0:UMI_AACAACACAACACTGAGTGTTTTCTCTG
[2025/11/26 11:03:30 | CallMolecularConsensusReads | Info] processed    43,000,000 records.  Elapsed time: 00:05:02s.  Time for last 1,000,000:    6s.  Last read position: NC_002762.1:33,777.  Last read name: V350363065L2C005R06100575006:0:0:0:UMI_AACAACACAACACTGAGGCGTGACTGCA
[2025/11/26 11:03:37 | CallMolecularConsensusReads | Info] processed    44,000,000 records.  Elapsed time: 00:05:09s.  Time for last 1,000,000:    6s.  Last read position: NC_002762.1:43,018.  Last read name: V350363065L2C002R00701169183:0:0:0:UMI_AACAACACAACACTGAAGATACTAACAC
[2025/11/26 11:03:44 | CallMolecularConsensusReads | Info] processed    45,000,000 records.  Elapsed time: 00:05:15s.  Time for last 1,000,000:    6s.  Last read position: NC_002762.1:52,769.  Last read name: V350363065L2C003R00301038112:0:0:0:UMI_AACAACACAACACTGACGCACATTAGTC
[2025/11/26 11:03:50 | CallMolecularConsensusReads | Info] processed    46,000,000 records.  Elapsed time: 00:05:22s.  Time for last 1,000,000:    6s.  Last read position: NC_002762.1:61,800.  Last read name: V350363065L1C001R05900222487:0:0:0:UMI_AACAACACAACACTGAAGGCGGGTTGGT
[2025/11/26 11:03:57 | CallMolecularConsensusReads | Info] processed    47,000,000 records.  Elapsed time: 00:05:29s.  Time for last 1,000,000:    6s.  Last read position: NC_002762.1:71,099.  Last read name: V350363065L2C006R02000763767:0:0:0:UMI_AACAACACAACACTGAATAATCAAAATA
[2025/11/26 11:04:04 | CallMolecularConsensusReads | Info] processed    48,000,000 records.  Elapsed time: 00:05:35s.  Time for last 1,000,000:    6s.  Last read position: NC_002762.1:101,517.  Last read name: V350363065L2C002R05100840596:0:0:0:UMI_AACAACACAACACTGACATAAATTCACG
[2025/11/26 11:04:11 | CallMolecularConsensusReads | Info] processed    49,000,000 records.  Elapsed time: 00:05:42s.  Time for last 1,000,000:    6s.  Last read position: NC_002762.1:112,390.  Last read name: V350363065L2C005R02400172031:0:0:0:UMI_AACAACACAACACTGACTAACTGCGTGC
Nov 26, 2025 11:04:17 AM com.intel.gkl.compression.IntelInflater inflate
WARNING: Zero Bytes Written : 0
[2025/11/26 11:04:17 | CallMolecularConsensusReads | Info] Consensus calling overlapping read pairs statistics:
[2025/11/26 11:04:17 | CallMolecularConsensusReads | Info]     24,918,663 overlapping templates
[2025/11/26 11:04:17 | CallMolecularConsensusReads | Info]     4,898,120 corrected templates (19.66%)
[2025/11/26 11:04:17 | CallMolecularConsensusReads | Info]     0 overlapping bases
[2025/11/26 11:04:17 | CallMolecularConsensusReads | Info]     0 corrected bases (0.00%)
[2025/11/26 11:04:17 | CallMolecularConsensusReads | Info] processed    49,969,024 records.  Elapsed time: 00:05:49s.  Time for last 969,024:    6s.  Last read position: NC_036024.1:443,045.  Last read name: V350363065L2C006R01300056915:0:0:0:UMI_AACAACACAACACTGAGTCGTGCCGAGA
[2025/11/26 11:04:17 | SamWriter | Info] Wrote        197,028 records.  Elapsed time: 00:05:49s.  Time for last 197,028:  349s.  Last read position: */*
[2025/11/26 11:04:17 | CallMolecularConsensusReads | Info] Total Raw Reads Considered: 49,969,024.
[2025/11/26 11:04:17 | CallMolecularConsensusReads | Info] Raw Reads Filtered Due to InsufficientSupport: 48,923,881 (0.9791).
[2025/11/26 11:04:17 | CallMolecularConsensusReads | Info] Raw Reads Filtered Due to MinorityAlignment: 1,857 (0.0000).
[2025/11/26 11:04:17 | CallMolecularConsensusReads | Info] Raw Reads Filtered Due to OrphanConsensus: 48,925,516 (0.9791).
[2025/11/26 11:04:17 | CallMolecularConsensusReads | Info] Raw Reads Filtered Due to ZeroPostAfterTrimming: 25 (0.0000).
[2025/11/26 11:04:17 | CallMolecularConsensusReads | Info] Consensus reads emitted: 197,028.
[2025/11/26 11:04:17 | FgBioMain | Info] CallMolecularConsensusReads completed. Elapsed time: 5.86 minutes.
[Wed Nov 26 11:04:17 2025]
Finished job 2.
19 of 26 steps (73%) done
Select jobs to execute...

[Wed Nov 26 11:04:17 2025]
rule umiMapping:
    input: /datapool/data/Users/zhijian/projects/scumiatac/result/step7_dedup/ATACP1000_1.finished, /datapool/home/zhijian/data/wheat/genome/3.ref.mask.fasta.gz
    output: /datapool/data/Users/zhijian/projects/scumiatac/result/step8_umiMapping/ATACP1000_1.finished
    jobid: 1
    reason: Missing output files: /datapool/data/Users/zhijian/projects/scumiatac/result/step8_umiMapping/ATACP1000_1.finished; Input files updated by another job: /datapool/data/Users/zhijian/projects/scumiatac/result/step7_dedup/ATACP1000_1.finished
    wildcards: sample=ATACP1000_1
    threads: 16
    resources: tmpdir=/tmp


samtools fastq -@ 16 -1 /datapool/data/Users/zhijian/projects/scumiatac/result/step8_umiMapping/ATACP1000_1_1_fq.gz -2 /datapool/data/Users/zhijian/projects/scumiatac/result/step8_umiMapping/ATACP1000_1_2_fq.gz -n /datapool/data/Users/zhijian/projects/scumiatac/result/step7_dedup/ATACP1000_1.dedup.bam
bwa mem -t 16 /datapool/home/zhijian/data/wheat/genome/3.ref.mask.fasta.gz /datapool/data/Users/zhijian/projects/scumiatac/result/step8_umiMapping/ATACP1000_1_1_fq.gz /datapool/data/Users/zhijian/projects/scumiatac/result/step8_umiMapping/ATACP1000_1_2_fq.gz | samtools sort -@ 16 -o /datapool/data/Users/zhijian/projects/scumiatac/result/step8_umiMapping/ATACP1000_1.mapping.bam -
samtools index -c /datapool/data/Users/zhijian/projects/scumiatac/result/step8_umiMapping/ATACP1000_1.mapping.bam -@ 16
touch /datapool/data/Users/zhijian/projects/scumiatac/result/step8_umiMapping/ATACP1000_1.finished
        
[M::bam2fq_mainloop] discarded 0 singletons
[M::bam2fq_mainloop] processed 197028 reads
[2025/11/26 11:04:43 | SamWriter | Info] Wrote     42,000,000 records.  Elapsed time: 00:21:37s.  Time for last 2,000,000:   88s.  Last read position: NC_002762.1:32,019.  Last read name: V350363065L2C002R00900254224:0:0:0:UMI_AACAACACAACACTGAAAGGGAGGAGCG
[M::bwa_idx_load_from_disk] read 0 ALT contigs
[M::process] read 197028 sequences (18267334 bp)...
[M::mem_pestat] # candidate unique pairs for (FF, FR, RF, RR): (1, 48949, 1, 0)
[M::mem_pestat] skip orientation FF as there are not enough pairs
[M::mem_pestat] analyzing insert size distribution for orientation FR...
[M::mem_pestat] (25, 50, 75) percentile: (77, 89, 105)
[M::mem_pestat] low and high boundaries for computing mean and std.dev: (21, 161)
[M::mem_pestat] mean and std.dev: (93.05, 19.99)
[M::mem_pestat] low and high boundaries for proper pairs: (1, 189)
[M::mem_pestat] skip orientation RF as there are not enough pairs
[M::mem_pestat] skip orientation RR as there are not enough pairs
[M::mem_process_seqs] Processed 197028 reads in 101.588 CPU sec, 6.863 real sec
[main] Version: 0.7.19-r1273
[main] CMD: bwa mem -t 16 /datapool/home/zhijian/data/wheat/genome/3.ref.mask.fasta.gz /datapool/data/Users/zhijian/projects/scumiatac/result/step8_umiMapping/ATACP1000_1_1_fq.gz /datapool/data/Users/zhijian/projects/scumiatac/result/step8_umiMapping/ATACP1000_1_2_fq.gz
[main] Real time: 38.062 sec; CPU: 122.874 sec
[bam_sort_core] merging from 0 files and 16 in-memory blocks...
[Wed Nov 26 11:04:56 2025]
Finished job 1.
20 of 26 steps (77%) done
[2025/11/26 11:06:50 | SamWriter | Info] Wrote     44,000,000 records.  Elapsed time: 00:23:44s.  Time for last 2,000,000:  126s.  Last read position: NC_002762.1:44,325.  Last read name: V350363065L2C003R01600676762:0:0:0:UMI_AACAACACAACACTGAGAGATGCACTAC
[2025/11/26 11:08:41 | SamWriter | Info] Wrote     46,000,000 records.  Elapsed time: 00:25:35s.  Time for last 2,000,000:  111s.  Last read position: NC_002762.1:56,760.  Last read name: V350363065L2C002R02000607037:0:0:0:UMI_AACAACACAACCCTGAGAACCTCGTAGA
开始处理文件: /datapool/data/Users/zhijian/projects/scumiatac/result/step5_bwa/ATACSC.bwa.bam ...
已处理 1000000 条 reads...
已处理 2000000 条 reads...
已处理 3000000 条 reads...
已处理 4000000 条 reads...
已处理 5000000 条 reads...
已处理 6000000 条 reads...
已处理 7000000 条 reads...
已处理 8000000 条 reads...
已处理 9000000 条 reads...
已处理 10000000 条 reads...
已处理 11000000 条 reads...
已处理 12000000 条 reads...
已处理 13000000 条 reads...
已处理 14000000 条 reads...
已处理 15000000 条 reads...
已处理 16000000 条 reads...
已处理 17000000 条 reads...
已处理 18000000 条 reads...
已处理 19000000 条 reads...
已处理 20000000 条 reads...
已处理 21000000 条 reads...
已处理 22000000 条 reads...
已处理 23000000 条 reads...
已处理 24000000 条 reads...
已处理 25000000 条 reads...
已处理 26000000 条 reads...
已处理 27000000 条 reads...
已处理 28000000 条 reads...
已处理 29000000 条 reads...
已处理 30000000 条 reads...
已处理 31000000 条 reads...
已处理 32000000 条 reads...
已处理 33000000 条 reads...
已处理 34000000 条 reads...
已处理 35000000 条 reads...
已处理 36000000 条 reads...
已处理 37000000 条 reads...
已处理 38000000 条 reads...
已处理 39000000 条 reads...
已处理 40000000 条 reads...
已处理 41000000 条 reads...
已处理 42000000 条 reads...
已处理 43000000 条 reads...
已处理 44000000 条 reads...
已处理 45000000 条 reads...
已处理 46000000 条 reads...
已处理 47000000 条 reads...
已处理 48000000 条 reads...
已处理 49000000 条 reads...
已处理 50000000 条 reads...
已处理 51000000 条 reads...
已处理 52000000 条 reads...
已处理 53000000 条 reads...
已处理 54000000 条 reads...
已处理 55000000 条 reads...
已处理 56000000 条 reads...
已处理 57000000 条 reads...
已处理 58000000 条 reads...
已处理 59000000 条 reads...
已处理 60000000 条 reads...
已处理 61000000 条 reads...
已处理 62000000 条 reads...
已处理 63000000 条 reads...
已处理 64000000 条 reads...
已处理 65000000 条 reads...
已处理 66000000 条 reads...
已处理 67000000 条 reads...
已处理 68000000 条 reads...
已处理 69000000 条 reads...
已处理 70000000 条 reads...
已处理 71000000 条 reads...
已处理 72000000 条 reads...
已处理 73000000 条 reads...
已处理 74000000 条 reads...
已处理 75000000 条 reads...
已处理 76000000 条 reads...
已处理 77000000 条 reads...
已处理 78000000 条 reads...
已处理 79000000 条 reads...
已处理 80000000 条 reads...
已处理 81000000 条 reads...
已处理 82000000 条 reads...
已处理 83000000 条 reads...
已处理 84000000 条 reads...
已处理 85000000 条 reads...
已处理 86000000 条 reads...
已处理 87000000 条 reads...
已处理 88000000 条 reads...
已处理 89000000 条 reads...
已处理 90000000 条 reads...
已处理 91000000 条 reads...
已处理 92000000 条 reads...
已处理 93000000 条 reads...
已处理 94000000 条 reads...
已处理 95000000 条 reads...
已处理 96000000 条 reads...
已处理 97000000 条 reads...
已处理 98000000 条 reads...
已处理 99000000 条 reads...
已处理 100000000 条 reads...
已处理 101000000 条 reads...
已处理 102000000 条 reads...
已处理 103000000 条 reads...
已处理 104000000 条 reads...
已处理 105000000 条 reads...
已处理 106000000 条 reads...
已处理 107000000 条 reads...
已处理 108000000 条 reads...
已处理 109000000 条 reads...
已处理 110000000 条 reads...
已处理 111000000 条 reads...
已处理 112000000 条 reads...
已处理 113000000 条 reads...
已处理 114000000 条 reads...
已处理 115000000 条 reads...
已处理 116000000 条 reads...
已处理 117000000 条 reads...
已处理 118000000 条 reads...
已处理 119000000 条 reads...
已处理 120000000 条 reads...
已处理 121000000 条 reads...
已处理 122000000 条 reads...
已处理 123000000 条 reads...
已处理 124000000 条 reads...
已处理 125000000 条 reads...
已处理 126000000 条 reads...
已处理 127000000 条 reads...
已处理 128000000 条 reads...
已处理 129000000 条 reads...
已处理 130000000 条 reads...
已处理 131000000 条 reads...
已处理 132000000 条 reads...
已处理 133000000 条 reads...
已处理 134000000 条 reads...
已处理 135000000 条 reads...
已处理 136000000 条 reads...
已处理 137000000 条 reads...
已处理 138000000 条 reads...
已处理 139000000 条 reads...
已处理 140000000 条 reads...
已处理 141000000 条 reads...
BAM文件处理完成，正在生成统计报表...
[Wed Nov 26 11:09:59 2025]
Finished job 35.
21 of 26 steps (81%) done
Select jobs to execute...

[Wed Nov 26 11:09:59 2025]
rule dedup:
    input: /datapool/data/Users/zhijian/projects/scumiatac/result/step6_bam_qc/ATACSC.finished
    output: /datapool/data/Users/zhijian/projects/scumiatac/result/step7_dedup/ATACSC.finished
    jobid: 34
    reason: Missing output files: /datapool/data/Users/zhijian/projects/scumiatac/result/step7_dedup/ATACSC.finished; Input files updated by another job: /datapool/data/Users/zhijian/projects/scumiatac/result/step6_bam_qc/ATACSC.finished
    wildcards: sample=ATACSC
    threads: 8
    resources: tmpdir=/tmp


       
_JAVA_OPTIONS="-Xmx16g" fgbio GroupReadsByUmi --input=/datapool/data/Users/zhijian/projects/scumiatac/result/step6_bam_qc/ATACSC.qc.bam --output=/datapool/data/Users/zhijian/projects/scumiatac/result/step6_bam_qc/ATACSC.qc.bam.gp.bam                      --strategy=adjacency --edits=1 --min-map-q=20 --threads 8 --family-size-histogram=/datapool/data/Users/zhijian/projects/scumiatac/result/step7_dedup/ATACSC.family.txt
__JAVA_OPTIONS="-Xmx16g" fgbio CallMolecularConsensusReads   --input=/datapool/data/Users/zhijian/projects/scumiatac/result/step6_bam_qc/ATACSC.qc.bam.gp.bam   --output=/datapool/data/Users/zhijian/projects/scumiatac/result/step7_dedup/ATACSC.dedup.bam   --min-reads=5   --min-input-base-quality=20   --threads 8
rm /datapool/data/Users/zhijian/projects/scumiatac/result/step6_bam_qc/ATACSC.qc.bam.gp.bam           
touch /datapool/data/Users/zhijian/projects/scumiatac/result/step7_dedup/ATACSC.finished
        
Activating conda environment: scumiatac
Picked up _JAVA_OPTIONS: -Xmx16g
Nov 26, 2025 11:10:05 AM com.intel.gkl.NativeLibraryLoader load
INFO: Loading libgkl_compression.so from jar:file:/datapool/data/Users/zhijian/miniconda3/envs/scumiatac/share/fgbio/fgbio.jar!/com/intel/gkl/native/libgkl_compression.so
[2025/11/26 11:10:07 | FgBioMain | Info] Executing GroupReadsByUmi from fgbio version 3.1.0 as zhijian@epilab-gpu on JRE 23.0.2-internal-adhoc.conda.src with snappy, IntelInflater, and IntelDeflater
[2025/11/26 11:10:07 | GroupReadsByUmi | Info] Filtering the input.
[2025/11/26 11:10:07 | GroupReadsByUmi | Info] Sorting the input to TemplateCoordinate order.
[2025/11/26 11:10:12 | GroupReadsByUmi | Info] Sorted     1,000,000 records.  Elapsed time: 00:00:04s.  Time for last 1,000,000:    4s.  Last read position: Chr1A:175,379,866
[2025/11/26 11:10:17 | GroupReadsByUmi | Info] Sorted     2,000,000 records.  Elapsed time: 00:00:09s.  Time for last 1,000,000:    5s.  Last read position: Chr1A:360,000,181
[2025/11/26 11:10:22 | GroupReadsByUmi | Info] Sorted     3,000,000 records.  Elapsed time: 00:00:14s.  Time for last 1,000,000:    4s.  Last read position: Chr1A:593,010,177
[2025/11/26 11:10:26 | GroupReadsByUmi | Info] Sorted     4,000,000 records.  Elapsed time: 00:00:18s.  Time for last 1,000,000:    4s.  Last read position: Chr1B:392,971,299
[2025/11/26 11:10:30 | GroupReadsByUmi | Info] Sorted     5,000,000 records.  Elapsed time: 00:00:23s.  Time for last 1,000,000:    4s.  Last read position: Chr1B:584,825,591
[2025/11/26 11:10:36 | GroupReadsByUmi | Info] Sorted     6,000,000 records.  Elapsed time: 00:00:28s.  Time for last 1,000,000:    5s.  Last read position: Chr1D:106,072,952
[2025/11/26 11:10:41 | GroupReadsByUmi | Info] Sorted     7,000,000 records.  Elapsed time: 00:00:33s.  Time for last 1,000,000:    4s.  Last read position: Chr1D:288,884,588
[2025/11/26 11:10:46 | GroupReadsByUmi | Info] Sorted     8,000,000 records.  Elapsed time: 00:00:38s.  Time for last 1,000,000:    4s.  Last read position: Chr1D:482,291,579
[2025/11/26 11:10:51 | GroupReadsByUmi | Info] Sorted     9,000,000 records.  Elapsed time: 00:00:43s.  Time for last 1,000,000:    5s.  Last read position: Chr2A:196,630,175
[2025/11/26 11:10:55 | GroupReadsByUmi | Info] Sorted    10,000,000 records.  Elapsed time: 00:00:47s.  Time for last 1,000,000:    3s.  Last read position: Chr2A:392,835,839
[2025/11/26 11:10:59 | GroupReadsByUmi | Info] Sorted    11,000,000 records.  Elapsed time: 00:00:51s.  Time for last 1,000,000:    4s.  Last read position: Chr2A:592,109,674
[2025/11/26 11:11:04 | GroupReadsByUmi | Info] Sorted    12,000,000 records.  Elapsed time: 00:00:56s.  Time for last 1,000,000:    5s.  Last read position: Chr2B:30,713,346
[2025/11/26 11:11:08 | GroupReadsByUmi | Info] Sorted    13,000,000 records.  Elapsed time: 00:01:01s.  Time for last 1,000,000:    4s.  Last read position: Chr2B:246,477,394
[2025/11/26 11:11:11 | GroupReadsByUmi | Info] Sorted    14,000,000 records.  Elapsed time: 00:01:04s.  Time for last 1,000,000:    3s.  Last read position: Chr2B:415,114,136
[2025/11/26 11:11:15 | GroupReadsByUmi | Info] Sorted    15,000,000 records.  Elapsed time: 00:01:07s.  Time for last 1,000,000:    3s.  Last read position: Chr2B:575,722,775
[2025/11/26 11:11:18 | GroupReadsByUmi | Info] Sorted    16,000,000 records.  Elapsed time: 00:01:11s.  Time for last 1,000,000:    3s.  Last read position: Chr2D:8,549,329
[2025/11/26 11:11:23 | GroupReadsByUmi | Info] Sorted    17,000,000 records.  Elapsed time: 00:01:15s.  Time for last 1,000,000:    4s.  Last read position: Chr2D:203,806,834
[2025/11/26 11:11:26 | GroupReadsByUmi | Info] Sorted    18,000,000 records.  Elapsed time: 00:01:19s.  Time for last 1,000,000:    3s.  Last read position: Chr2D:365,720,656
[2025/11/26 11:11:30 | GroupReadsByUmi | Info] Sorted    19,000,000 records.  Elapsed time: 00:01:22s.  Time for last 1,000,000:    3s.  Last read position: Chr2D:543,857,602
[2025/11/26 11:11:33 | GroupReadsByUmi | Info] Sorted    20,000,000 records.  Elapsed time: 00:01:25s.  Time for last 1,000,000:    3s.  Last read position: Chr3A:100,317,479
[2025/11/26 11:11:37 | GroupReadsByUmi | Info] Sorted    21,000,000 records.  Elapsed time: 00:01:29s.  Time for last 1,000,000:    3s.  Last read position: Chr3A:270,407,615
[2025/11/26 11:11:41 | GroupReadsByUmi | Info] Sorted    22,000,000 records.  Elapsed time: 00:01:33s.  Time for last 1,000,000:    4s.  Last read position: Chr3A:439,949,735
[2025/11/26 11:11:46 | GroupReadsByUmi | Info] Sorted    23,000,000 records.  Elapsed time: 00:01:38s.  Time for last 1,000,000:    4s.  Last read position: Chr3A:625,266,374
[2025/11/26 11:11:51 | GroupReadsByUmi | Info] Sorted    24,000,000 records.  Elapsed time: 00:01:43s.  Time for last 1,000,000:    5s.  Last read position: Chr3B:108,463,070
[2025/11/26 11:11:55 | GroupReadsByUmi | Info] Sorted    25,000,000 records.  Elapsed time: 00:01:47s.  Time for last 1,000,000:    4s.  Last read position: Chr3B:282,037,794
[2025/11/26 11:11:59 | GroupReadsByUmi | Info] Sorted    26,000,000 records.  Elapsed time: 00:01:52s.  Time for last 1,000,000:    4s.  Last read position: Chr3B:444,694,108
[2025/11/26 11:12:04 | GroupReadsByUmi | Info] Sorted    27,000,000 records.  Elapsed time: 00:01:56s.  Time for last 1,000,000:    4s.  Last read position: Chr3B:613,589,141
[2025/11/26 11:12:08 | GroupReadsByUmi | Info] Sorted    28,000,000 records.  Elapsed time: 00:02:00s.  Time for last 1,000,000:    4s.  Last read position: Chr3B:817,051,191
[2025/11/26 11:12:11 | GroupReadsByUmi | Info] Sorted    29,000,000 records.  Elapsed time: 00:02:04s.  Time for last 1,000,000:    3s.  Last read position: Chr3D:161,333,707
[2025/11/26 11:12:15 | GroupReadsByUmi | Info] Sorted    30,000,000 records.  Elapsed time: 00:02:07s.  Time for last 1,000,000:    3s.  Last read position: Chr3D:338,627,855
[2025/11/26 11:12:19 | GroupReadsByUmi | Info] Sorted    31,000,000 records.  Elapsed time: 00:02:12s.  Time for last 1,000,000:    4s.  Last read position: Chr3D:525,546,060
[2025/11/26 11:12:24 | GroupReadsByUmi | Info] Sorted    32,000,000 records.  Elapsed time: 00:02:16s.  Time for last 1,000,000:    4s.  Last read position: Chr4A:123,533,376
[2025/11/26 11:12:28 | GroupReadsByUmi | Info] Sorted    33,000,000 records.  Elapsed time: 00:02:21s.  Time for last 1,000,000:    4s.  Last read position: Chr4A:295,013,315
[2025/11/26 11:12:33 | GroupReadsByUmi | Info] Sorted    34,000,000 records.  Elapsed time: 00:02:25s.  Time for last 1,000,000:    4s.  Last read position: Chr4A:451,570,154
[2025/11/26 11:12:38 | GroupReadsByUmi | Info] Sorted    35,000,000 records.  Elapsed time: 00:02:30s.  Time for last 1,000,000:    4s.  Last read position: Chr4A:644,418,077
[2025/11/26 11:12:42 | GroupReadsByUmi | Info] Sorted    36,000,000 records.  Elapsed time: 00:02:35s.  Time for last 1,000,000:    4s.  Last read position: Chr4B:102,626,368
[2025/11/26 11:12:47 | GroupReadsByUmi | Info] Sorted    37,000,000 records.  Elapsed time: 00:02:39s.  Time for last 1,000,000:    4s.  Last read position: Chr4B:262,978,047
[2025/11/26 11:12:50 | GroupReadsByUmi | Info] Sorted    38,000,000 records.  Elapsed time: 00:02:42s.  Time for last 1,000,000:    3s.  Last read position: Chr4B:429,050,739
[2025/11/26 11:12:53 | GroupReadsByUmi | Info] Sorted    39,000,000 records.  Elapsed time: 00:02:46s.  Time for last 1,000,000:    3s.  Last read position: Chr4B:597,176,617
[2025/11/26 11:12:57 | GroupReadsByUmi | Info] Sorted    40,000,000 records.  Elapsed time: 00:02:49s.  Time for last 1,000,000:    3s.  Last read position: Chr4D:116,608,172
[2025/11/26 11:13:01 | GroupReadsByUmi | Info] Sorted    41,000,000 records.  Elapsed time: 00:02:53s.  Time for last 1,000,000:    3s.  Last read position: Chr4D:279,573,569
[2025/11/26 11:13:05 | GroupReadsByUmi | Info] Sorted    42,000,000 records.  Elapsed time: 00:02:58s.  Time for last 1,000,000:    4s.  Last read position: Chr4D:463,157,767
[2025/11/26 11:13:09 | GroupReadsByUmi | Info] Sorted    43,000,000 records.  Elapsed time: 00:03:02s.  Time for last 1,000,000:    3s.  Last read position: Chr5A:130,908,811
[2025/11/26 11:13:13 | GroupReadsByUmi | Info] Sorted    44,000,000 records.  Elapsed time: 00:03:05s.  Time for last 1,000,000:    3s.  Last read position: Chr5A:259,688,569
[2025/11/26 11:13:17 | GroupReadsByUmi | Info] Sorted    45,000,000 records.  Elapsed time: 00:03:10s.  Time for last 1,000,000:    4s.  Last read position: Chr5A:438,690,865
[2025/11/26 11:13:22 | GroupReadsByUmi | Info] Sorted    46,000,000 records.  Elapsed time: 00:03:14s.  Time for last 1,000,000:    4s.  Last read position: Chr5A:646,182,463
[2025/11/26 11:13:25 | GroupReadsByUmi | Info] Sorted    47,000,000 records.  Elapsed time: 00:03:18s.  Time for last 1,000,000:    3s.  Last read position: Chr5B:128,318,166
[2025/11/26 11:13:29 | GroupReadsByUmi | Info] Sorted    48,000,000 records.  Elapsed time: 00:03:21s.  Time for last 1,000,000:    3s.  Last read position: Chr5B:289,758,269
[2025/11/26 11:13:32 | GroupReadsByUmi | Info] Sorted    49,000,000 records.  Elapsed time: 00:03:24s.  Time for last 1,000,000:    3s.  Last read position: Chr5B:461,973,578
[2025/11/26 11:13:36 | GroupReadsByUmi | Info] Sorted    50,000,000 records.  Elapsed time: 00:03:28s.  Time for last 1,000,000:    3s.  Last read position: Chr5B:664,296,851
[2025/11/26 11:13:39 | GroupReadsByUmi | Info] Sorted    51,000,000 records.  Elapsed time: 00:03:31s.  Time for last 1,000,000:    3s.  Last read position: Chr5D:119,451,483
[2025/11/26 11:13:42 | GroupReadsByUmi | Info] Sorted    52,000,000 records.  Elapsed time: 00:03:34s.  Time for last 1,000,000:    3s.  Last read position: Chr5D:178,217,152
[2025/11/26 11:13:46 | GroupReadsByUmi | Info] Sorted    53,000,000 records.  Elapsed time: 00:03:38s.  Time for last 1,000,000:    3s.  Last read position: Chr5D:362,177,053
[2025/11/26 11:13:50 | GroupReadsByUmi | Info] Sorted    54,000,000 records.  Elapsed time: 00:03:43s.  Time for last 1,000,000:    4s.  Last read position: Chr5D:553,422,593
[2025/11/26 11:13:53 | SamWriter | Info] Wrote     48,000,000 records.  Elapsed time: 00:30:47s.  Time for last 2,000,000:  312s.  Last read position: NC_002762.1:69,037.  Last read name: V350363065L2C004R07101230909:0:0:0:UMI_AACAACACAACACTGACGCGTATGATCA
[2025/11/26 11:13:55 | GroupReadsByUmi | Info] Sorted    55,000,000 records.  Elapsed time: 00:03:47s.  Time for last 1,000,000:    4s.  Last read position: Chr6A:195,249,677
[2025/11/26 11:13:58 | GroupReadsByUmi | Info] Sorted    56,000,000 records.  Elapsed time: 00:03:50s.  Time for last 1,000,000:    3s.  Last read position: Chr6A:362,846,939
[2025/11/26 11:14:01 | GroupReadsByUmi | Info] Sorted    57,000,000 records.  Elapsed time: 00:03:54s.  Time for last 1,000,000:    3s.  Last read position: Chr6A:531,366,088
[2025/11/26 11:14:05 | GroupReadsByUmi | Info] Sorted    58,000,000 records.  Elapsed time: 00:03:57s.  Time for last 1,000,000:    3s.  Last read position: Chr6B:134,833,423
[2025/11/26 11:14:08 | GroupReadsByUmi | Info] Sorted    59,000,000 records.  Elapsed time: 00:04:00s.  Time for last 1,000,000:    3s.  Last read position: Chr6B:319,360,311
[2025/11/26 11:14:11 | GroupReadsByUmi | Info] Sorted    60,000,000 records.  Elapsed time: 00:04:04s.  Time for last 1,000,000:    3s.  Last read position: Chr6B:501,154,531
[2025/11/26 11:14:14 | GroupReadsByUmi | Info] Sorted    61,000,000 records.  Elapsed time: 00:04:07s.  Time for last 1,000,000:    3s.  Last read position: Chr6B:688,341,894
[2025/11/26 11:14:18 | GroupReadsByUmi | Info] Sorted    62,000,000 records.  Elapsed time: 00:04:10s.  Time for last 1,000,000:    3s.  Last read position: Chr6D:161,376,062
[2025/11/26 11:14:21 | GroupReadsByUmi | Info] Sorted    63,000,000 records.  Elapsed time: 00:04:13s.  Time for last 1,000,000:    3s.  Last read position: Chr6D:336,852,983
[2025/11/26 11:14:25 | GroupReadsByUmi | Info] Sorted    64,000,000 records.  Elapsed time: 00:04:18s.  Time for last 1,000,000:    4s.  Last read position: Chr7A:50,458,105
[2025/11/26 11:14:30 | GroupReadsByUmi | Info] Sorted    65,000,000 records.  Elapsed time: 00:04:22s.  Time for last 1,000,000:    4s.  Last read position: Chr7A:269,383,146
[2025/11/26 11:14:34 | GroupReadsByUmi | Info] Sorted    66,000,000 records.  Elapsed time: 00:04:27s.  Time for last 1,000,000:    4s.  Last read position: Chr7A:445,239,709
[2025/11/26 11:14:38 | GroupReadsByUmi | Info] Sorted    67,000,000 records.  Elapsed time: 00:04:30s.  Time for last 1,000,000:    3s.  Last read position: Chr7A:629,483,472
[2025/11/26 11:14:41 | GroupReadsByUmi | Info] Sorted    68,000,000 records.  Elapsed time: 00:04:34s.  Time for last 1,000,000:    3s.  Last read position: Chr7B:95,620,786
[2025/11/26 11:14:45 | GroupReadsByUmi | Info] Sorted    69,000,000 records.  Elapsed time: 00:04:37s.  Time for last 1,000,000:    3s.  Last read position: Chr7B:273,696,662
[2025/11/26 11:14:48 | GroupReadsByUmi | Info] Sorted    70,000,000 records.  Elapsed time: 00:04:40s.  Time for last 1,000,000:    3s.  Last read position: Chr7B:440,214,919
[2025/11/26 11:14:51 | GroupReadsByUmi | Info] Sorted    71,000,000 records.  Elapsed time: 00:04:43s.  Time for last 1,000,000:    3s.  Last read position: Chr7B:604,774,848
[2025/11/26 11:14:54 | GroupReadsByUmi | Info] Sorted    72,000,000 records.  Elapsed time: 00:04:47s.  Time for last 1,000,000:    3s.  Last read position: Chr7D:63,286,500
[2025/11/26 11:14:57 | GroupReadsByUmi | Info] Sorted    73,000,000 records.  Elapsed time: 00:04:50s.  Time for last 1,000,000:    3s.  Last read position: Chr7D:253,626,430
[2025/11/26 11:15:01 | GroupReadsByUmi | Info] Sorted    74,000,000 records.  Elapsed time: 00:04:53s.  Time for last 1,000,000:    3s.  Last read position: Chr7D:427,042,715
[2025/11/26 11:15:04 | GroupReadsByUmi | Info] Sorted    75,000,000 records.  Elapsed time: 00:04:56s.  Time for last 1,000,000:    3s.  Last read position: Chr7D:621,713,140
[2025/11/26 11:15:08 | GroupReadsByUmi | Info] Sorted    76,000,000 records.  Elapsed time: 00:05:01s.  Time for last 1,000,000:    4s.  Last read position: NC_002762.1:11,083
[2025/11/26 11:15:11 | GroupReadsByUmi | Info] Sorted    77,000,000 records.  Elapsed time: 00:05:03s.  Time for last 1,000,000:    2s.  Last read position: NC_002762.1:48,378
[2025/11/26 11:15:14 | GroupReadsByUmi | Info] Sorted    78,000,000 records.  Elapsed time: 00:05:06s.  Time for last 1,000,000:    2s.  Last read position: NC_002762.1:107,944
Nov 26, 2025 11:15:21 AM com.intel.gkl.compression.IntelInflater inflate
WARNING: Zero Bytes Written : 0
[2025/11/26 11:15:21 | GroupReadsByUmi | Info] Sorted    78,535,328 records.  Elapsed time: 00:05:13s.  Time for last 535,328:    7s.  Last read position: NC_036024.1:452,475
[2025/11/26 11:15:21 | GroupReadsByUmi | Info] Accepted 78,535,328 SAM records for grouping.
[2025/11/26 11:15:21 | GroupReadsByUmi | Info] Filtered out 62,979,300 SAM records due to mapping issues.
[2025/11/26 11:15:21 | GroupReadsByUmi | Info] Filtered out 0 SAM records that contained one or more Ns in their UMIs.
[2025/11/26 11:15:21 | GroupReadsByUmi | Info] Assigning reads to UMIs and outputting.
[2025/11/26 11:15:22 | SamWriter | Info] Seen many non-increasing record positions. Printing Read-names as well.
[2025/11/26 11:15:51 | SamWriter | Info] Wrote      2,000,000 records.  Elapsed time: 00:05:43s.  Time for last 2,000,000:   29s.  Last read position: Chr1A:360,141,665.  Last read name: V350363065L1C001R02901067635:0:0:0:UMI_AACAACACAACACTGAAGTTCTTACAAG
[2025/11/26 11:16:25 | SamWriter | Info] Wrote      4,000,000 records.  Elapsed time: 00:06:17s.  Time for last 2,000,000:   34s.  Last read position: Chr1B:392,962,736.  Last read name: V350363065L1C003R01200112015:0:0:0:UMI_AACAACACAACACTGAATACCAGAAAAG
[2025/11/26 11:16:59 | SamWriter | Info] Wrote      6,000,000 records.  Elapsed time: 00:06:51s.  Time for last 2,000,000:   34s.  Last read position: Chr1D:105,855,337.  Last read name: V350363065L2C005R01201063988:0:0:0:UMI_AACAACACAACACTGAGTTCTAGATAAG
[2025/11/26 11:17:22 | SamWriter | Info] Wrote      8,000,000 records.  Elapsed time: 00:07:15s.  Time for last 2,000,000:   23s.  Last read position: Chr1D:482,290,566.  Last read name: V350363065L2C006R03200175380:0:0:0:UMI_AACAACACAACACTGAGAGCCTCATTGG
[2025/11/26 11:17:46 | SamWriter | Info] Wrote     10,000,000 records.  Elapsed time: 00:07:38s.  Time for last 2,000,000:   23s.  Last read position: Chr2A:392,755,017.  Last read name: V350363065L1C001R07200611371:0:0:0:UMI_AACAACACAACACTGACAAGGTGAGGGG
[2025/11/26 11:18:11 | SamWriter | Info] Wrote     12,000,000 records.  Elapsed time: 00:08:03s.  Time for last 2,000,000:   25s.  Last read position: Chr2B:30,186,169.  Last read name: V350363065L2C004R04401143540:0:0:0:UMI_AACAACACAACACTGAAGATAAATAGGC
[2025/11/26 11:18:37 | SamWriter | Info] Wrote     14,000,000 records.  Elapsed time: 00:08:29s.  Time for last 2,000,000:   26s.  Last read position: Chr2B:414,923,157.  Last read name: V350363065L1C006R02001045604:0:0:0:UMI_AACAACACAACACTGAACCCGGCCATGC
[2025/11/26 11:19:04 | SamWriter | Info] Wrote     50,000,000 records.  Elapsed time: 00:35:58s.  Time for last 2,000,000:  310s.  Last read position: NC_002762.1:102,289.  Last read name: V350363065L1C003R06800648949:0:0:0:UMI_AACAACACAACACTGACCTCTCGCATTA
[2025/11/26 11:19:22 | SamWriter | Info] Wrote     16,000,000 records.  Elapsed time: 00:09:14s.  Time for last 2,000,000:   44s.  Last read position: Chr2D:8,006,731.  Last read name: V350363065L1C001R06000707632:0:0:0:UMI_AACAACACAACACTGACCTCCACAGGGA
[2025/11/26 11:20:17 | SamWriter | Info] Wrote     18,000,000 records.  Elapsed time: 00:10:09s.  Time for last 2,000,000:   54s.  Last read position: Chr2D:365,608,139.  Last read name: V350363065L2C003R06000047435:0:0:0:UMI_AACAACACAACACTGAGTAACAATCTCG
[2025/11/26 11:20:51 | SamWriter | Info] Wrote     20,000,000 records.  Elapsed time: 00:10:43s.  Time for last 2,000,000:   34s.  Last read position: Chr3A:99,766,012.  Last read name: V350363065L2C006R04301210538:0:0:0:UMI_AACAACACAACACTGACTCCCCGGATTA
[2025/11/26 11:21:14 | SamWriter | Info] Wrote     22,000,000 records.  Elapsed time: 00:11:06s.  Time for last 2,000,000:   22s.  Last read position: Chr3A:439,489,242.  Last read name: V350363065L2C001R07201245034:0:0:0:UMI_AACAACACAACACTGACATGTTGAACTT
[2025/11/26 11:21:37 | SamWriter | Info] Wrote     24,000,000 records.  Elapsed time: 00:11:29s.  Time for last 2,000,000:   22s.  Last read position: Chr3B:107,769,670.  Last read name: V350363065L2C004R00600124948:0:0:0:UMI_AACAACACAACACTGAGACACAGTAAGC
[2025/11/26 11:22:00 | SamWriter | Info] Wrote     26,000,000 records.  Elapsed time: 00:11:52s.  Time for last 2,000,000:   22s.  Last read position: Chr3B:444,493,282.  Last read name: V350363065L2C002R04100020779:0:0:0:UMI_AACAACACAACACTGATCACCACCCGGG
[2025/11/26 11:22:23 | SamWriter | Info] Wrote     28,000,000 records.  Elapsed time: 00:12:15s.  Time for last 2,000,000:   23s.  Last read position: Chr3B:816,763,202.  Last read name: V350363065L2C004R06101281143:0:0:0:UMI_AACAACACAACACTGAGTTTGGTAGGCC
[2025/11/26 11:22:49 | SamWriter | Info] Wrote     30,000,000 records.  Elapsed time: 00:12:41s.  Time for last 2,000,000:   26s.  Last read position: Chr3D:338,084,363.  Last read name: V350363065L1C004R06300799533:0:0:0:UMI_AACAACACAACACTGAGCCTCGAGGGGG
[2025/11/26 11:23:22 | SamWriter | Info] Wrote     32,000,000 records.  Elapsed time: 00:13:14s.  Time for last 2,000,000:   32s.  Last read position: Chr4A:122,710,834.  Last read name: V350363065L1C003R05200862631:0:0:0:UMI_AACAACACAACACTGATATAGTGGTCAG
[2025/11/26 11:23:45 | SamWriter | Info] Wrote     34,000,000 records.  Elapsed time: 00:13:38s.  Time for last 2,000,000:   23s.  Last read position: Chr4A:451,234,684.  Last read name: V350363065L1C002R05801204529:0:0:0:UMI_AACAACACAACACTGACCTAACCGCATC
[2025/11/26 11:24:00 | SamWriter | Info] Wrote     52,000,000 records.  Elapsed time: 00:40:54s.  Time for last 2,000,000:  296s.  Last read position: NC_036024.1:151,117.  Last read name: V350363065L1C005R02800534064:0:0:0:UMI_AACAACACAACACTGAGGTTCTGGTTGG
[2025/11/26 11:24:08 | SamWriter | Info] Wrote     36,000,000 records.  Elapsed time: 00:14:01s.  Time for last 2,000,000:   23s.  Last read position: Chr4B:102,128,408.  Last read name: V350363065L2C005R02800325410:0:0:0:UMI_AAACAACAAACACTGACCTCACCAGCTG
[2025/11/26 11:24:40 | SamWriter | Info] Wrote     38,000,000 records.  Elapsed time: 00:14:33s.  Time for last 2,000,000:   31s.  Last read position: Chr4B:428,474,654.  Last read name: V350363065L1C002R03400917211:0:0:0:UMI_AACAACACAACACTGAGTGTTCAACTAT
[2025/11/26 11:25:33 | SamWriter | Info] Wrote     40,000,000 records.  Elapsed time: 00:15:25s.  Time for last 2,000,000:   52s.  Last read position: Chr4D:115,859,568.  Last read name: V350363065L1C001R05801021160:0:0:0:UMI_AACAACACAACACTGAATACAAATATGG
[2025/11/26 11:25:58 | SamWriter | Info] Wrote     52,832,852 records.  Elapsed time: 00:42:52s.  Time for last 832,852:  117s.  Last read position: NC_036024.1:450,492.  Last read name: V350363065L1C002R02001349419:0:0:0:UMI_AACAACACAACACTGAGTAGCAGATATA
[2025/11/26 11:25:59 | FgBioMain | Info] GroupReadsByUmi completed. Elapsed time: 42.92 minutes.
Nov 26, 2025 11:26:00 AM com.intel.gkl.NativeLibraryLoader load
INFO: Loading libgkl_compression.so from jar:file:/datapool/data/Users/zhijian/miniconda3/envs/scumiatac/share/fgbio/fgbio.jar!/com/intel/gkl/native/libgkl_compression.so
[2025/11/26 11:26:02 | FgBioMain | Info] Executing CallMolecularConsensusReads from fgbio version 3.1.0 as zhijian@epilab-gpu on JRE 23.0.2-internal-adhoc.conda.src with snappy, IntelInflater, and IntelDeflater
[2025/11/26 11:26:02 | CallMolecularConsensusReads | Info] Seen many non-increasing record positions. Printing Read-names as well.
[2025/11/26 11:26:02 | SamWriter | Info] Wrote     42,000,000 records.  Elapsed time: 00:15:55s.  Time for last 2,000,000:   29s.  Last read position: Chr4D:462,536,589.  Last read name: V350363065L2C005R03801265026:0:0:0:UMI_AACAACACAACACTGACGACTCCTATCA
[2025/11/26 11:26:12 | CallMolecularConsensusReads | Info] processed     1,000,000 records.  Elapsed time: 00:00:09s.  Time for last 1,000,000:    9s.  Last read position: Chr1A:378,740,287.  Last read name: V350363065L2C006R03100147754:0:0:0:UMI_AACAACACAACACTGATCGACAAGCTTC
[2025/11/26 11:26:20 | CallMolecularConsensusReads | Info] processed     2,000,000 records.  Elapsed time: 00:00:18s.  Time for last 1,000,000:    8s.  Last read position: Chr1B:445,125,317.  Last read name: V350363065L2C004R00600973664:0:0:0:UMI_AACAACACAACACTGAAACCTTTCGTCT
[2025/11/26 11:26:28 | CallMolecularConsensusReads | Info] processed     3,000,000 records.  Elapsed time: 00:00:26s.  Time for last 1,000,000:    8s.  Last read position: Chr1D:145,284,613.  Last read name: V350363065L1C004R03000942565:0:0:0:UMI_AACAACACAACACTGATTTGAGCTGTTG
[2025/11/26 11:26:36 | CallMolecularConsensusReads | Info] processed     4,000,000 records.  Elapsed time: 00:00:34s.  Time for last 1,000,000:    7s.  Last read position: Chr2A:18,156,738.  Last read name: V350363065L2C002R04000055747:0:0:0:UMI_AACAACACAACACTGACGCGGTTAACCG
[2025/11/26 11:26:43 | CallMolecularConsensusReads | Info] processed     5,000,000 records.  Elapsed time: 00:00:41s.  Time for last 1,000,000:    7s.  Last read position: Chr2A:436,440,683.  Last read name: V350363065L1C002R00801324798:0:0:0:UMI_AACAACACAACACTGAGCATTTTGTGTC
[2025/11/26 11:26:51 | CallMolecularConsensusReads | Info] processed     6,000,000 records.  Elapsed time: 00:00:48s.  Time for last 1,000,000:    7s.  Last read position: Chr2B:68,656,442.  Last read name: V350363065L2C003R05400600996:0:0:0:UMI_AACAACACAACACTGAATTGTTTCATTG
[2025/11/26 11:26:58 | CallMolecularConsensusReads | Info] processed     7,000,000 records.  Elapsed time: 00:00:55s.  Time for last 1,000,000:    7s.  Last read position: Chr2B:444,373,158.  Last read name: V350363065L2C002R07100094179:0:0:0:UMI_AACAACACAACACTGAGTTCACTCTCCA
[2025/11/26 11:27:05 | CallMolecularConsensusReads | Info] processed     8,000,000 records.  Elapsed time: 00:01:02s.  Time for last 1,000,000:    7s.  Last read position: Chr2D:44,335,161.  Last read name: V350363065L1C006R03601009728:0:0:0:UMI_AACAACACAACACTGATCTCTTCAGGGA
[2025/11/26 11:27:12 | CallMolecularConsensusReads | Info] processed     9,000,000 records.  Elapsed time: 00:01:10s.  Time for last 1,000,000:    7s.  Last read position: Chr2D:417,293,224.  Last read name: V350363065L2C004R02800800802:0:0:0:UMI_AACAACACAACACTGACGTGATGCTCGT
[2025/11/26 11:27:19 | CallMolecularConsensusReads | Info] processed    10,000,000 records.  Elapsed time: 00:01:17s.  Time for last 1,000,000:    7s.  Last read position: Chr3A:136,222,649.  Last read name: V350363065L2C004R03900663187:0:0:0:UMI_AACAACACAACACTGAATGATGGCATCA
[2025/11/26 11:27:26 | CallMolecularConsensusReads | Info] processed    11,000,000 records.  Elapsed time: 00:01:24s.  Time for last 1,000,000:    7s.  Last read position: Chr3A:499,116,302.  Last read name: V350363065L1C003R04500394418:0:0:0:UMI_AACAACACAACACTGAATATTGTCAGGC
[2025/11/26 11:27:32 | SamWriter | Info] Wrote     44,000,000 records.  Elapsed time: 00:17:25s.  Time for last 2,000,000:   90s.  Last read position: Chr5A:259,170,783.  Last read name: V350363065L2C005R05800250956:0:0:0:UMI_AACAACACAACACTGAATCGAAACTAAG
[2025/11/26 11:27:33 | CallMolecularConsensusReads | Info] processed    12,000,000 records.  Elapsed time: 00:01:31s.  Time for last 1,000,000:    7s.  Last read position: Chr3B:165,275,392.  Last read name: V350363065L2C003R02601161229:0:0:0:UMI_AACAACACAACACTGATCTAAGCGCGCT
[2025/11/26 11:27:40 | CallMolecularConsensusReads | Info] processed    13,000,000 records.  Elapsed time: 00:01:38s.  Time for last 1,000,000:    7s.  Last read position: Chr3B:507,527,267.  Last read name: V350363065L2C001R03401318112:0:0:0:UMI_AACAACACAACACTGAAGAAAGCACGAC
[2025/11/26 11:27:47 | CallMolecularConsensusReads | Info] processed    14,000,000 records.  Elapsed time: 00:01:45s.  Time for last 1,000,000:    7s.  Last read position: Chr3D:30,446,449.  Last read name: V350363065L1C001R00901254694:0:0:0:UMI_ACCAACACAACACTGACAGTAGTGGAGT
[2025/11/26 11:27:54 | CallMolecularConsensusReads | Info] processed    15,000,000 records.  Elapsed time: 00:01:52s.  Time for last 1,000,000:    7s.  Last read position: Chr3D:400,080,407.  Last read name: V350363065L1C004R05900518384:0:0:0:UMI_TACAACACAACACTGATTTGTGGTCAGT
[2025/11/26 11:28:01 | CallMolecularConsensusReads | Info] processed    16,000,000 records.  Elapsed time: 00:01:59s.  Time for last 1,000,000:    7s.  Last read position: Chr4A:178,754,436.  Last read name: V350363065L1C002R04800259900:0:0:0:UMI_AACAACACAACACTGATGCGAAGATCTC
[2025/11/26 11:28:08 | CallMolecularConsensusReads | Info] processed    17,000,000 records.  Elapsed time: 00:02:06s.  Time for last 1,000,000:    7s.  Last read position: Chr4A:520,456,141.  Last read name: V350363065L1C002R04501200823:0:0:0:UMI_AACAACACAACACTGATTCGCGTGGTAC
[2025/11/26 11:28:09 | SamWriter | Info] Wrote     46,000,000 records.  Elapsed time: 00:18:01s.  Time for last 2,000,000:   36s.  Last read position: Chr5A:645,823,371.  Last read name: V350363065L2C002R05900112800:0:0:0:UMI_AACAACACAACACTGAATTCTAGACATT
[2025/11/26 11:28:15 | CallMolecularConsensusReads | Info] processed    18,000,000 records.  Elapsed time: 00:02:13s.  Time for last 1,000,000:    7s.  Last read position: Chr4B:144,826,237.  Last read name: V350363065L2C005R05900761759:0:0:0:UMI_AACAACACAACACTGACTCCCGCCTTCT
[2025/11/26 11:28:22 | CallMolecularConsensusReads | Info] processed    19,000,000 records.  Elapsed time: 00:02:20s.  Time for last 1,000,000:    7s.  Last read position: Chr4B:493,186,187.  Last read name: V350363065L2C004R04500355106:0:0:0:UMI_AACAACACAACACTGAATTACAGGCCTC
[2025/11/26 11:28:29 | CallMolecularConsensusReads | Info] processed    20,000,000 records.  Elapsed time: 00:02:27s.  Time for last 1,000,000:    7s.  Last read position: Chr4D:180,609,979.  Last read name: V350363065L2C003R06400616142:0:0:0:UMI_AACAACACAACACTGACAGCGATCCAGA
[2025/11/26 11:28:36 | SamWriter | Info] Wrote     48,000,000 records.  Elapsed time: 00:18:29s.  Time for last 2,000,000:   27s.  Last read position: Chr5B:289,272,356.  Last read name: V350363065L1C006R03900006544:0:0:0:UMI_AACAACACAACACTGAACATTGGTCTGG
[2025/11/26 11:28:36 | CallMolecularConsensusReads | Info] processed    21,000,000 records.  Elapsed time: 00:02:34s.  Time for last 1,000,000:    7s.  Last read position: Chr5A:27,430,784.  Last read name: V350363065L2C006R04100070552:0:0:0:UMI_AACAACACAACACTGATATGTGCTAGGA
[2025/11/26 11:28:43 | CallMolecularConsensusReads | Info] processed    22,000,000 records.  Elapsed time: 00:02:41s.  Time for last 1,000,000:    7s.  Last read position: Chr5A:373,692,991.  Last read name: V350363065L1C005R03600322238:0:0:0:UMI_AACAACACAACACTGACATGCCGGCCAT
[2025/11/26 11:28:50 | CallMolecularConsensusReads | Info] processed    23,000,000 records.  Elapsed time: 00:02:48s.  Time for last 1,000,000:    7s.  Last read position: Chr5B:20,949,162.  Last read name: V350363065L1C005R02200977401:0:0:0:UMI_AACAACACAACACTGATCGCCGCAAGGA
[2025/11/26 11:28:58 | CallMolecularConsensusReads | Info] processed    24,000,000 records.  Elapsed time: 00:02:55s.  Time for last 1,000,000:    7s.  Last read position: Chr5B:375,275,952.  Last read name: V350363065L2C002R05701404790:0:0:0:UMI_AACAACACAACACTGACTAGCACTGTAC
[2025/11/26 11:29:05 | CallMolecularConsensusReads | Info] processed    25,000,000 records.  Elapsed time: 00:03:02s.  Time for last 1,000,000:    7s.  Last read position: Chr5D:31,683,057.  Last read name: V350363065L1C005R06100740277:0:0:0:UMI_AACAACACAACACTGAGCTATGCGGTAT
[2025/11/26 11:29:12 | CallMolecularConsensusReads | Info] processed    26,000,000 records.  Elapsed time: 00:03:09s.  Time for last 1,000,000:    7s.  Last read position: Chr5D:412,029,006.  Last read name: V350363065L2C002R03700442609:0:0:0:UMI_AACAACACAACACTGAACGGCAGCAGCC
[2025/11/26 11:29:14 | SamWriter | Info] Wrote     50,000,000 records.  Elapsed time: 00:19:06s.  Time for last 2,000,000:   37s.  Last read position: Chr5B:663,795,570.  Last read name: V350363065L2C002R01500213352:0:0:0:UMI_AACAACACAACACTGACCAAACAGTTCT
[2025/11/26 11:29:19 | CallMolecularConsensusReads | Info] processed    27,000,000 records.  Elapsed time: 00:03:16s.  Time for last 1,000,000:    7s.  Last read position: Chr6A:234,643,667.  Last read name: V350363065L2C006R02400841816:0:0:0:UMI_AACAACACAACACTGAGCCGGTTGCCCT
[2025/11/26 11:29:26 | CallMolecularConsensusReads | Info] processed    28,000,000 records.  Elapsed time: 00:03:24s.  Time for last 1,000,000:    7s.  Last read position: Chr6A:596,823,383.  Last read name: V350363065L2C002R04700960935:0:0:0:UMI_AACAACACAACACTGAAAAGTCTAGCAC
[2025/11/26 11:29:33 | CallMolecularConsensusReads | Info] processed    29,000,000 records.  Elapsed time: 00:03:31s.  Time for last 1,000,000:    7s.  Last read position: Chr6B:396,280,007.  Last read name: V350363065L1C003R04500896325:0:0:0:UMI_AACAACACAACACTGAAGATTGGCTCCC
[2025/11/26 11:29:40 | CallMolecularConsensusReads | Info] processed    30,000,000 records.  Elapsed time: 00:03:38s.  Time for last 1,000,000:    7s.  Last read position: Chr6D:55,925,415.  Last read name: V350363065L2C005R04601037291:0:0:0:UMI_AACAACACAACACTGAGGCCACGATGTC
[2025/11/26 11:29:47 | CallMolecularConsensusReads | Info] processed    31,000,000 records.  Elapsed time: 00:03:45s.  Time for last 1,000,000:    7s.  Last read position: Chr6D:428,190,891.  Last read name: V350363065L1C001R05301337546:0:0:0:UMI_AACAACACAACACTGAACACGCAGAAGA
[2025/11/26 11:29:54 | CallMolecularConsensusReads | Info] processed    32,000,000 records.  Elapsed time: 00:03:52s.  Time for last 1,000,000:    7s.  Last read position: Chr7A:343,022,458.  Last read name: V350363065L2C004R03001313201:0:0:0:UMI_AACAACACAACACTGATCTTAAAATGAG
[2025/11/26 11:30:01 | CallMolecularConsensusReads | Info] processed    33,000,000 records.  Elapsed time: 00:03:59s.  Time for last 1,000,000:    7s.  Last read position: Chr7A:716,325,157.  Last read name: V350363065L2C005R00900929316:0:0:0:UMI_AACAACACAACACTGAAGTCAGTGGAGA
[2025/11/26 11:30:08 | CallMolecularConsensusReads | Info] processed    34,000,000 records.  Elapsed time: 00:04:06s.  Time for last 1,000,000:    7s.  Last read position: Chr7B:336,080,146.  Last read name: V350363065L1C002R01300487886:0:0:0:UMI_AACAACACAACACTGAAAATCCATATCT
[2025/11/26 11:30:15 | CallMolecularConsensusReads | Info] processed    35,000,000 records.  Elapsed time: 00:04:13s.  Time for last 1,000,000:    7s.  Last read position: Chr7B:682,425,485.  Last read name: V350363065L2C003R00100356783:0:0:0:UMI_AACAACACAACACTGATGAATTGAACAA
[2025/11/26 11:30:23 | CallMolecularConsensusReads | Info] processed    36,000,000 records.  Elapsed time: 00:04:20s.  Time for last 1,000,000:    7s.  Last read position: Chr7D:304,500,136.  Last read name: V350363065L2C004R05401312999:0:0:0:UMI_AACAACACAACACTGAAAATAAAGGGAG
[2025/11/26 11:30:30 | CallMolecularConsensusReads | Info] processed    37,000,000 records.  Elapsed time: 00:04:27s.  Time for last 1,000,000:    7s.  Last read position: ChrUnknown:48,754,661.  Last read name: V350363065L1C002R05100690203:0:0:0:UMI_AACAACACAACACTGACAAAACTTTAGG
[2025/11/26 11:30:36 | CallMolecularConsensusReads | Info] processed    38,000,000 records.  Elapsed time: 00:04:34s.  Time for last 1,000,000:    6s.  Last read position: NC_002762.1:7,164.  Last read name: V350363065L1C002R05601147883:0:0:0:UMI_AACAACACAACACTGAAGAGAGGTTTGC
[2025/11/26 11:30:43 | CallMolecularConsensusReads | Info] processed    39,000,000 records.  Elapsed time: 00:04:41s.  Time for last 1,000,000:    6s.  Last read position: NC_002762.1:13,890.  Last read name: V350363065L2C005R04401039377:0:0:0:UMI_AACAACACAACACTGAGGATGGTATAAA
[2025/11/26 11:30:50 | CallMolecularConsensusReads | Info] processed    40,000,000 records.  Elapsed time: 00:04:48s.  Time for last 1,000,000:    6s.  Last read position: NC_002762.1:20,571.  Last read name: V350363065L1C005R01301392077:0:0:0:UMI_AACAACACAACACTGAGTAGAGAGAGGT
[2025/11/26 11:30:57 | CallMolecularConsensusReads | Info] processed    41,000,000 records.  Elapsed time: 00:04:55s.  Time for last 1,000,000:    6s.  Last read position: NC_002762.1:26,096.  Last read name: V350363065L2C001R06601243241:0:0:0:UMI_AACAACACAACACTGAGCGCTGCATGTC
[2025/11/26 11:31:04 | CallMolecularConsensusReads | Info] processed    42,000,000 records.  Elapsed time: 00:05:02s.  Time for last 1,000,000:    6s.  Last read position: NC_002762.1:32,019.  Last read name: V350363065L2C002R00900254224:0:0:0:UMI_AACAACACAACACTGAAAGGGAGGAGCG
[2025/11/26 11:31:11 | CallMolecularConsensusReads | Info] processed    43,000,000 records.  Elapsed time: 00:05:08s.  Time for last 1,000,000:    6s.  Last read position: NC_002762.1:38,448.  Last read name: V350363065L1C006R05900684308:0:0:0:UMI_AACAACACAACACTGATAACTTAGGCTT
[2025/11/26 11:31:17 | CallMolecularConsensusReads | Info] processed    44,000,000 records.  Elapsed time: 00:05:15s.  Time for last 1,000,000:    6s.  Last read position: NC_002762.1:44,325.  Last read name: V350363065L2C003R01600676762:0:0:0:UMI_AACAACACAACACTGAGAGATGCACTAC
[2025/11/26 11:31:24 | CallMolecularConsensusReads | Info] processed    45,000,000 records.  Elapsed time: 00:05:22s.  Time for last 1,000,000:    6s.  Last read position: NC_002762.1:50,822.  Last read name: V350363065L2C005R01400862823:0:0:0:UMI_AACAACACAACACTGATCTCAGGTCAAC
[2025/11/26 11:31:31 | CallMolecularConsensusReads | Info] processed    46,000,000 records.  Elapsed time: 00:05:29s.  Time for last 1,000,000:    6s.  Last read position: NC_002762.1:56,760.  Last read name: V350363065L2C002R02000607037:0:0:0:UMI_AACAACACAACCCTGAGAACCTCGTAGA
[2025/11/26 11:31:38 | CallMolecularConsensusReads | Info] processed    47,000,000 records.  Elapsed time: 00:05:36s.  Time for last 1,000,000:    6s.  Last read position: NC_002762.1:62,813.  Last read name: V350363065L2C002R04600074099:0:0:0:UMI_AACAACACAACACTGACCGTATGTGCGT
[2025/11/26 11:31:45 | CallMolecularConsensusReads | Info] processed    48,000,000 records.  Elapsed time: 00:05:43s.  Time for last 1,000,000:    6s.  Last read position: NC_002762.1:69,037.  Last read name: V350363065L2C004R07101230909:0:0:0:UMI_AACAACACAACACTGACGCGTATGATCA
[2025/11/26 11:31:52 | CallMolecularConsensusReads | Info] processed    49,000,000 records.  Elapsed time: 00:05:50s.  Time for last 1,000,000:    6s.  Last read position: NC_002762.1:75,051.  Last read name: V350363065L1C002R02401157590:0:0:0:UMI_AACAACACAACACTGATCCCAAATTACC
[2025/11/26 11:31:59 | CallMolecularConsensusReads | Info] processed    50,000,000 records.  Elapsed time: 00:05:56s.  Time for last 1,000,000:    6s.  Last read position: NC_002762.1:102,289.  Last read name: V350363065L1C003R06800648949:0:0:0:UMI_AACAACACAACACTGACCTCTCGCATTA
[2025/11/26 11:32:06 | CallMolecularConsensusReads | Info] processed    51,000,000 records.  Elapsed time: 00:06:03s.  Time for last 1,000,000:    6s.  Last read position: NC_002762.1:109,339.  Last read name: V350363065L1C003R03601083260:0:0:0:UMI_AACAACACAACACTGAGTGCGCTAAATA
[2025/11/26 11:32:12 | CallMolecularConsensusReads | Info] processed    52,000,000 records.  Elapsed time: 00:06:10s.  Time for last 1,000,000:    6s.  Last read position: NC_036024.1:151,117.  Last read name: V350363065L1C005R02800534064:0:0:0:UMI_AACAACACAACACTGAGGTTCTGGTTGG
[2025/11/26 11:32:15 | SamWriter | Info] Wrote     52,000,000 records.  Elapsed time: 00:22:07s.  Time for last 2,000,000:  181s.  Last read position: Chr5D:177,712,022.  Last read name: V350363065L1C004R02400899269:0:0:0:UMI_AACAACACAACACTGACCACAAGACGAA
Nov 26, 2025 11:32:18 AM com.intel.gkl.compression.IntelInflater inflate
WARNING: Zero Bytes Written : 0
[2025/11/26 11:32:18 | CallMolecularConsensusReads | Info] Consensus calling overlapping read pairs statistics:
[2025/11/26 11:32:18 | CallMolecularConsensusReads | Info]     26,305,545 overlapping templates
[2025/11/26 11:32:18 | CallMolecularConsensusReads | Info]     5,346,092 corrected templates (20.32%)
[2025/11/26 11:32:18 | CallMolecularConsensusReads | Info]     0 overlapping bases
[2025/11/26 11:32:18 | CallMolecularConsensusReads | Info]     0 corrected bases (0.00%)
[2025/11/26 11:32:18 | CallMolecularConsensusReads | Info] processed    52,832,852 records.  Elapsed time: 00:06:16s.  Time for last 832,852:    5s.  Last read position: NC_036024.1:450,492.  Last read name: V350363065L1C002R02001349419:0:0:0:UMI_AACAACACAACACTGAGTAGCAGATATA
[2025/11/26 11:32:18 | SamWriter | Info] Wrote        642,510 records.  Elapsed time: 00:06:16s.  Time for last 642,510:  376s.  Last read position: */*
[2025/11/26 11:32:19 | CallMolecularConsensusReads | Info] Total Raw Reads Considered: 52,832,852.
[2025/11/26 11:32:19 | CallMolecularConsensusReads | Info] Raw Reads Filtered Due to InsufficientSupport: 49,295,788 (0.9331).
[2025/11/26 11:32:19 | CallMolecularConsensusReads | Info] Raw Reads Filtered Due to MinorityAlignment: 6,901 (0.0001).
[2025/11/26 11:32:19 | CallMolecularConsensusReads | Info] Raw Reads Filtered Due to OrphanConsensus: 49,301,240 (0.9332).
[2025/11/26 11:32:19 | CallMolecularConsensusReads | Info] Raw Reads Filtered Due to ZeroPostAfterTrimming: 54 (0.0000).
[2025/11/26 11:32:19 | CallMolecularConsensusReads | Info] Consensus reads emitted: 642,510.
[2025/11/26 11:32:19 | FgBioMain | Info] CallMolecularConsensusReads completed. Elapsed time: 6.31 minutes.
[Wed Nov 26 11:32:19 2025]
Finished job 10.
22 of 26 steps (85%) done
Select jobs to execute...

[Wed Nov 26 11:32:19 2025]
rule umiMapping:
    input: /datapool/data/Users/zhijian/projects/scumiatac/result/step7_dedup/ATACP1000_2.finished, /datapool/home/zhijian/data/wheat/genome/3.ref.mask.fasta.gz
    output: /datapool/data/Users/zhijian/projects/scumiatac/result/step8_umiMapping/ATACP1000_2.finished
    jobid: 9
    reason: Missing output files: /datapool/data/Users/zhijian/projects/scumiatac/result/step8_umiMapping/ATACP1000_2.finished; Input files updated by another job: /datapool/data/Users/zhijian/projects/scumiatac/result/step7_dedup/ATACP1000_2.finished
    wildcards: sample=ATACP1000_2
    threads: 16
    resources: tmpdir=/tmp


samtools fastq -@ 16 -1 /datapool/data/Users/zhijian/projects/scumiatac/result/step8_umiMapping/ATACP1000_2_1_fq.gz -2 /datapool/data/Users/zhijian/projects/scumiatac/result/step8_umiMapping/ATACP1000_2_2_fq.gz -n /datapool/data/Users/zhijian/projects/scumiatac/result/step7_dedup/ATACP1000_2.dedup.bam
bwa mem -t 16 /datapool/home/zhijian/data/wheat/genome/3.ref.mask.fasta.gz /datapool/data/Users/zhijian/projects/scumiatac/result/step8_umiMapping/ATACP1000_2_1_fq.gz /datapool/data/Users/zhijian/projects/scumiatac/result/step8_umiMapping/ATACP1000_2_2_fq.gz | samtools sort -@ 16 -o /datapool/data/Users/zhijian/projects/scumiatac/result/step8_umiMapping/ATACP1000_2.mapping.bam -
samtools index -c /datapool/data/Users/zhijian/projects/scumiatac/result/step8_umiMapping/ATACP1000_2.mapping.bam -@ 16
touch /datapool/data/Users/zhijian/projects/scumiatac/result/step8_umiMapping/ATACP1000_2.finished
        
[M::bam2fq_mainloop] discarded 0 singletons
[M::bam2fq_mainloop] processed 642510 reads
[M::bwa_idx_load_from_disk] read 0 ALT contigs
[M::process] read 642510 sequences (61233164 bp)...
[2025/11/26 11:32:58 | SamWriter | Info] Wrote     54,000,000 records.  Elapsed time: 00:22:51s.  Time for last 2,000,000:   43s.  Last read position: Chr5D:552,895,392.  Last read name: V350363065L1C003R07200705119:0:0:0:UMI_AACAACACAACACTGAGCTTTACCGACG
[M::mem_pestat] # candidate unique pairs for (FF, FR, RF, RR): (4, 170134, 2, 4)
[M::mem_pestat] skip orientation FF as there are not enough pairs
[M::mem_pestat] analyzing insert size distribution for orientation FR...
[M::mem_pestat] (25, 50, 75) percentile: (79, 93, 111)
[M::mem_pestat] low and high boundaries for computing mean and std.dev: (15, 175)
[M::mem_pestat] mean and std.dev: (97.21, 22.94)
[M::mem_pestat] low and high boundaries for proper pairs: (1, 207)
[M::mem_pestat] skip orientation RF as there are not enough pairs
[M::mem_pestat] skip orientation RR as there are not enough pairs
[M::mem_process_seqs] Processed 642510 reads in 308.890 CPU sec, 20.774 real sec
[main] Version: 0.7.19-r1273
[main] CMD: bwa mem -t 16 /datapool/home/zhijian/data/wheat/genome/3.ref.mask.fasta.gz /datapool/data/Users/zhijian/projects/scumiatac/result/step8_umiMapping/ATACP1000_2_1_fq.gz /datapool/data/Users/zhijian/projects/scumiatac/result/step8_umiMapping/ATACP1000_2_2_fq.gz
[main] Real time: 59.470 sec; CPU: 335.446 sec
[bam_sort_core] merging from 0 files and 16 in-memory blocks...
[Wed Nov 26 11:33:20 2025]
Finished job 9.
23 of 26 steps (88%) done
[2025/11/26 11:33:24 | SamWriter | Info] Wrote     56,000,000 records.  Elapsed time: 00:23:16s.  Time for last 2,000,000:   25s.  Last read position: Chr6A:362,404,895.  Last read name: V350363065L1C006R04800161557:0:0:0:UMI_AACAACACAACACTGAGTATAACGGTGG
[2025/11/26 11:34:00 | SamWriter | Info] Wrote     58,000,000 records.  Elapsed time: 00:23:52s.  Time for last 2,000,000:   35s.  Last read position: Chr6B:134,299,201.  Last read name: V350363065L2C005R03200912512:0:0:0:UMI_AACAACACAACACTGAAAGGCAATAGGC
[2025/11/26 11:34:42 | SamWriter | Info] Wrote     60,000,000 records.  Elapsed time: 00:24:35s.  Time for last 2,000,000:   42s.  Last read position: Chr6B:500,776,456.  Last read name: V350363065L2C005R01001187983:0:0:0:UMI_AACAACACAACACTGATTGAGACAAAGG
[2025/11/26 11:35:17 | SamWriter | Info] Wrote     62,000,000 records.  Elapsed time: 00:25:09s.  Time for last 2,000,000:   34s.  Last read position: Chr6D:160,824,954.  Last read name: V350363065L2C005R06500425707:0:0:0:UMI_AACAACACAACACTGATCAAAACTGGGT
[2025/11/26 11:35:45 | SamWriter | Info] Wrote     64,000,000 records.  Elapsed time: 00:25:37s.  Time for last 2,000,000:   27s.  Last read position: Chr7A:49,779,062.  Last read name: V350363065L2C002R07200908409:0:0:0:UMI_AACAACACAACACTGATGGGAGAACGGC
[2025/11/26 11:36:08 | SamWriter | Info] Wrote     66,000,000 records.  Elapsed time: 00:26:01s.  Time for last 2,000,000:   23s.  Last read position: Chr7A:444,831,266.  Last read name: V350363065L2C003R06800716032:0:0:0:UMI_AACAACACAACACTGAAAGCTACCTGAT
[2025/11/26 11:36:37 | SamWriter | Info] Wrote     68,000,000 records.  Elapsed time: 00:26:29s.  Time for last 2,000,000:   28s.  Last read position: Chr7B:95,154,785.  Last read name: V350363065L1C003R02300599897:0:0:0:UMI_AACAACACAACACTGACTGAAAGGATCC
[2025/11/26 11:37:00 | SamWriter | Info] Wrote     70,000,000 records.  Elapsed time: 00:26:52s.  Time for last 2,000,000:   23s.  Last read position: Chr7B:439,884,648.  Last read name: V350363065L1C005R05701170804:0:0:0:UMI_AACAACACAACACTGAAGGTCCTGACCA
[2025/11/26 11:37:31 | SamWriter | Info] Wrote     72,000,000 records.  Elapsed time: 00:27:23s.  Time for last 2,000,000:   30s.  Last read position: Chr7D:62,858,805.  Last read name: V350363065L2C004R04200916178:0:0:0:UMI_AACAACACAACACTGAATTGCAATCGAG
[2025/11/26 11:38:04 | SamWriter | Info] Wrote     74,000,000 records.  Elapsed time: 00:27:57s.  Time for last 2,000,000:   33s.  Last read position: Chr7D:426,821,913.  Last read name: V350363065L2C005R00100410951:0:0:0:UMI_AACAACACAACACTGAGATTGAATTCCC
[2025/11/26 11:39:37 | SamWriter | Info] Wrote     76,000,000 records.  Elapsed time: 00:29:29s.  Time for last 2,000,000:   92s.  Last read position: NC_002762.1:11,039.  Last read name: V350363065L1C006R00801208062:0:0:0:UMI_AACAACACAACACTGAGTGGGAAGAGGA
[2025/11/26 11:45:42 | SamWriter | Info] Wrote     78,000,000 records.  Elapsed time: 00:35:34s.  Time for last 2,000,000:  365s.  Last read position: NC_002762.1:107,955.  Last read name: V350363065L2C001R03600576108:0:0:0:UMI_AACAACACAACACTGAGGCACTCGATAT
[2025/11/26 11:46:47 | SamWriter | Info] Wrote     78,535,328 records.  Elapsed time: 00:36:39s.  Time for last 535,328:   65s.  Last read position: NC_036024.1:450,330.  Last read name: V350363065L1C003R05200029664:0:0:0:UMI_AACAACACAACACTGATCGCTAACAAAA
[2025/11/26 11:46:48 | FgBioMain | Info] GroupReadsByUmi completed. Elapsed time: 36.71 minutes.
Nov 26, 2025 11:46:49 AM com.intel.gkl.NativeLibraryLoader load
INFO: Loading libgkl_compression.so from jar:file:/datapool/data/Users/zhijian/miniconda3/envs/scumiatac/share/fgbio/fgbio.jar!/com/intel/gkl/native/libgkl_compression.so
[2025/11/26 11:46:51 | FgBioMain | Info] Executing CallMolecularConsensusReads from fgbio version 3.1.0 as zhijian@epilab-gpu on JRE 23.0.2-internal-adhoc.conda.src with snappy, IntelInflater, and IntelDeflater
[2025/11/26 11:46:52 | CallMolecularConsensusReads | Info] Seen many non-increasing record positions. Printing Read-names as well.
[2025/11/26 11:47:00 | CallMolecularConsensusReads | Info] processed     1,000,000 records.  Elapsed time: 00:00:08s.  Time for last 1,000,000:    8s.  Last read position: Chr1A:175,449,328.  Last read name: V350363065L2C002R02500062032:0:0:0:UMI_AACAACACAACACTGAAATTTGCAAGAT
[2025/11/26 11:47:07 | CallMolecularConsensusReads | Info] processed     2,000,000 records.  Elapsed time: 00:00:15s.  Time for last 1,000,000:    6s.  Last read position: Chr1A:360,141,665.  Last read name: V350363065L1C001R02901067635:0:0:0:UMI_AACAACACAACACTGAAGTTCTTACAAG
[2025/11/26 11:47:14 | CallMolecularConsensusReads | Info] processed     3,000,000 records.  Elapsed time: 00:00:22s.  Time for last 1,000,000:    6s.  Last read position: Chr1A:593,328,067.  Last read name: V350363065L2C002R01100784184:0:0:0:UMI_AACAACACAACACTGACGAATTAACACC
[2025/11/26 11:47:20 | CallMolecularConsensusReads | Info] processed     4,000,000 records.  Elapsed time: 00:00:28s.  Time for last 1,000,000:    6s.  Last read position: Chr1B:392,962,736.  Last read name: V350363065L1C003R01200112015:0:0:0:UMI_AACAACACAACACTGAATACCAGAAAAG
[2025/11/26 11:47:27 | CallMolecularConsensusReads | Info] processed     5,000,000 records.  Elapsed time: 00:00:35s.  Time for last 1,000,000:    6s.  Last read position: Chr1B:584,944,529.  Last read name: V350363065L2C006R04400016597:0:0:0:UMI_AACAACACAACACTGAATCTTCGGGTAG
[2025/11/26 11:47:34 | CallMolecularConsensusReads | Info] processed     6,000,000 records.  Elapsed time: 00:00:42s.  Time for last 1,000,000:    6s.  Last read position: Chr1D:105,855,337.  Last read name: V350363065L2C005R01201063988:0:0:0:UMI_AACAACACAACACTGAGTTCTAGATAAG
[2025/11/26 11:47:40 | CallMolecularConsensusReads | Info] processed     7,000,000 records.  Elapsed time: 00:00:48s.  Time for last 1,000,000:    6s.  Last read position: Chr1D:288,801,504.  Last read name: V350363065L2C005R04800868840:0:0:0:UMI_AACAACACAACACTGACCATCTATTCCA
[2025/11/26 11:47:47 | CallMolecularConsensusReads | Info] processed     8,000,000 records.  Elapsed time: 00:00:55s.  Time for last 1,000,000:    6s.  Last read position: Chr1D:482,290,566.  Last read name: V350363065L2C006R03200175380:0:0:0:UMI_AACAACACAACACTGAGAGCCTCATTGG
[2025/11/26 11:47:54 | CallMolecularConsensusReads | Info] processed     9,000,000 records.  Elapsed time: 00:01:02s.  Time for last 1,000,000:    6s.  Last read position: Chr2A:196,370,257.  Last read name: V350363065L1C001R01500349698:0:0:0:UMI_AACAACACAACACTGAGACCTCGAAGAT
[2025/11/26 11:48:01 | CallMolecularConsensusReads | Info] processed    10,000,000 records.  Elapsed time: 00:01:09s.  Time for last 1,000,000:    6s.  Last read position: Chr2A:392,755,017.  Last read name: V350363065L1C001R07200611371:0:0:0:UMI_AACAACACAACACTGACAAGGTGAGGGG
[2025/11/26 11:48:07 | CallMolecularConsensusReads | Info] processed    11,000,000 records.  Elapsed time: 00:01:15s.  Time for last 1,000,000:    6s.  Last read position: Chr2A:592,075,804.  Last read name: V350363065L1C002R05401055271:0:0:0:UMI_AACAACACAACACTGAAACCTTCTTAAT
[2025/11/26 11:48:14 | CallMolecularConsensusReads | Info] processed    12,000,000 records.  Elapsed time: 00:01:22s.  Time for last 1,000,000:    6s.  Last read position: Chr2B:30,186,169.  Last read name: V350363065L2C004R04401143540:0:0:0:UMI_AACAACACAACACTGAAGATAAATAGGC
[2025/11/26 11:48:21 | CallMolecularConsensusReads | Info] processed    13,000,000 records.  Elapsed time: 00:01:29s.  Time for last 1,000,000:    6s.  Last read position: Chr2B:246,181,448.  Last read name: V350363065L1C001R00801315192:0:0:0:UMI_AACAACACAACACTGACTATGTGAGAAG
[2025/11/26 11:48:27 | CallMolecularConsensusReads | Info] processed    14,000,000 records.  Elapsed time: 00:01:35s.  Time for last 1,000,000:    6s.  Last read position: Chr2B:414,923,157.  Last read name: V350363065L1C006R02001045604:0:0:0:UMI_AACAACACAACACTGAACCCGGCCATGC
[2025/11/26 11:48:34 | CallMolecularConsensusReads | Info] processed    15,000,000 records.  Elapsed time: 00:01:42s.  Time for last 1,000,000:    6s.  Last read position: Chr2B:575,616,675.  Last read name: V350363065L1C005R06500132307:0:0:0:UMI_AACAACACAACACTGAGAGATAGACACT
[2025/11/26 11:48:41 | CallMolecularConsensusReads | Info] processed    16,000,000 records.  Elapsed time: 00:01:49s.  Time for last 1,000,000:    6s.  Last read position: Chr2D:8,006,731.  Last read name: V350363065L1C001R06000707632:0:0:0:UMI_AACAACACAACACTGACCTCCACAGGGA
[2025/11/26 11:48:47 | CallMolecularConsensusReads | Info] processed    17,000,000 records.  Elapsed time: 00:01:55s.  Time for last 1,000,000:    6s.  Last read position: Chr2D:203,341,811.  Last read name: V350363065L1C004R05101370005:0:0:0:UMI_AACAACACAACACTGACTCCATTTGGGC
[2025/11/26 11:48:54 | CallMolecularConsensusReads | Info] processed    18,000,000 records.  Elapsed time: 00:02:02s.  Time for last 1,000,000:    6s.  Last read position: Chr2D:365,608,139.  Last read name: V350363065L2C003R06000047435:0:0:0:UMI_AACAACACAACACTGAGTAACAATCTCG
[2025/11/26 11:49:00 | CallMolecularConsensusReads | Info] processed    19,000,000 records.  Elapsed time: 00:02:08s.  Time for last 1,000,000:    6s.  Last read position: Chr2D:543,793,913.  Last read name: V350363065L2C001R01700010003:0:0:0:UMI_AACAACACAACACTGAGAACTCTCACTG
[2025/11/26 11:49:07 | CallMolecularConsensusReads | Info] processed    20,000,000 records.  Elapsed time: 00:02:15s.  Time for last 1,000,000:    6s.  Last read position: Chr3A:99,766,012.  Last read name: V350363065L2C006R04301210538:0:0:0:UMI_AACAACACAACACTGACTCCCCGGATTA
[2025/11/26 11:49:14 | CallMolecularConsensusReads | Info] processed    21,000,000 records.  Elapsed time: 00:02:22s.  Time for last 1,000,000:    6s.  Last read position: Chr3A:270,074,657.  Last read name: V350363065L1C001R07200110613:0:0:0:UMI_AACAACACAACACTGACACTCGCTGAGT
[2025/11/26 11:49:21 | CallMolecularConsensusReads | Info] processed    22,000,000 records.  Elapsed time: 00:02:29s.  Time for last 1,000,000:    6s.  Last read position: Chr3A:439,489,242.  Last read name: V350363065L2C001R07201245034:0:0:0:UMI_AACAACACAACACTGACATGTTGAACTT
[2025/11/26 11:49:27 | CallMolecularConsensusReads | Info] processed    23,000,000 records.  Elapsed time: 00:02:35s.  Time for last 1,000,000:    6s.  Last read position: Chr3A:624,936,470.  Last read name: V350363065L1C006R02200061213:0:0:0:UMI_AACAACACAACACTGACCCTTAGGGTAG
[2025/11/26 11:49:34 | CallMolecularConsensusReads | Info] processed    24,000,000 records.  Elapsed time: 00:02:42s.  Time for last 1,000,000:    6s.  Last read position: Chr3B:107,769,670.  Last read name: V350363065L2C004R00600124948:0:0:0:UMI_AACAACACAACACTGAGACACAGTAAGC
[2025/11/26 11:49:41 | CallMolecularConsensusReads | Info] processed    25,000,000 records.  Elapsed time: 00:02:49s.  Time for last 1,000,000:    6s.  Last read position: Chr3B:281,602,990.  Last read name: V350363065L1C006R06500004463:0:0:0:UMI_AACAACACAACACTGAGTGGCTTTAAAC
[2025/11/26 11:49:47 | CallMolecularConsensusReads | Info] processed    26,000,000 records.  Elapsed time: 00:02:55s.  Time for last 1,000,000:    6s.  Last read position: Chr3B:444,493,282.  Last read name: V350363065L2C002R04100020779:0:0:0:UMI_AACAACACAACACTGATCACCACCCGGG
[2025/11/26 11:49:54 | CallMolecularConsensusReads | Info] processed    27,000,000 records.  Elapsed time: 00:03:02s.  Time for last 1,000,000:    6s.  Last read position: Chr3B:613,271,783.  Last read name: V350363065L2C001R00701313660:0:0:0:UMI_AACAACACAACACTGACCTTGAGGCCAC
[2025/11/26 11:50:01 | CallMolecularConsensusReads | Info] processed    28,000,000 records.  Elapsed time: 00:03:09s.  Time for last 1,000,000:    6s.  Last read position: Chr3B:816,763,202.  Last read name: V350363065L2C004R06101281143:0:0:0:UMI_AACAACACAACACTGAGTTTGGTAGGCC
[2025/11/26 11:50:07 | CallMolecularConsensusReads | Info] processed    29,000,000 records.  Elapsed time: 00:03:15s.  Time for last 1,000,000:    6s.  Last read position: Chr3D:160,710,778.  Last read name: V350363065L2C005R04700563228:0:0:0:UMI_AACAACACAACACTGATGGGAGAATAAG
[2025/11/26 11:50:14 | CallMolecularConsensusReads | Info] processed    30,000,000 records.  Elapsed time: 00:03:22s.  Time for last 1,000,000:    6s.  Last read position: Chr3D:338,084,363.  Last read name: V350363065L1C004R06300799533:0:0:0:UMI_AACAACACAACACTGAGCCTCGAGGGGG
[2025/11/26 11:50:21 | CallMolecularConsensusReads | Info] processed    31,000,000 records.  Elapsed time: 00:03:29s.  Time for last 1,000,000:    6s.  Last read position: Chr3D:524,952,118.  Last read name: V350363065L1C001R06101082411:0:0:0:UMI_AACAACACAACACTGATTGGCAGCTAAA
[2025/11/26 11:50:27 | CallMolecularConsensusReads | Info] processed    32,000,000 records.  Elapsed time: 00:03:35s.  Time for last 1,000,000:    6s.  Last read position: Chr4A:122,710,834.  Last read name: V350363065L1C003R05200862631:0:0:0:UMI_AACAACACAACACTGATATAGTGGTCAG
[2025/11/26 11:50:34 | CallMolecularConsensusReads | Info] processed    33,000,000 records.  Elapsed time: 00:03:42s.  Time for last 1,000,000:    6s.  Last read position: Chr4A:294,690,644.  Last read name: V350363065L1C001R06600772678:0:0:0:UMI_AACAACACAACACTGACTTTCGGAGTTG
[2025/11/26 11:50:41 | CallMolecularConsensusReads | Info] processed    34,000,000 records.  Elapsed time: 00:03:49s.  Time for last 1,000,000:    6s.  Last read position: Chr4A:451,234,684.  Last read name: V350363065L1C002R05801204529:0:0:0:UMI_AACAACACAACACTGACCTAACCGCATC
[2025/11/26 11:50:47 | CallMolecularConsensusReads | Info] processed    35,000,000 records.  Elapsed time: 00:03:55s.  Time for last 1,000,000:    6s.  Last read position: Chr4A:644,125,365.  Last read name: V350363065L2C005R04901080466:0:0:0:UMI_AACAACACAACACTGAATGTCAGCGTTA
[2025/11/26 11:50:54 | CallMolecularConsensusReads | Info] processed    36,000,000 records.  Elapsed time: 00:04:02s.  Time for last 1,000,000:    6s.  Last read position: Chr4B:102,128,408.  Last read name: V350363065L2C005R02800325410:0:0:0:UMI_AAACAACAAACACTGACCTCACCAGCTG
[2025/11/26 11:51:01 | CallMolecularConsensusReads | Info] processed    37,000,000 records.  Elapsed time: 00:04:09s.  Time for last 1,000,000:    6s.  Last read position: Chr4B:262,474,417.  Last read name: V350363065L2C006R05001180541:0:0:0:UMI_AACAACACAACACTGAAAACAGAACAAA
[2025/11/26 11:51:08 | CallMolecularConsensusReads | Info] processed    38,000,000 records.  Elapsed time: 00:04:16s.  Time for last 1,000,000:    7s.  Last read position: Chr4B:428,474,654.  Last read name: V350363065L1C002R03400917211:0:0:0:UMI_AACAACACAACACTGAGTGTTCAACTAT
[2025/11/26 11:51:15 | CallMolecularConsensusReads | Info] processed    39,000,000 records.  Elapsed time: 00:04:23s.  Time for last 1,000,000:    6s.  Last read position: Chr4B:596,877,566.  Last read name: V350363065L2C005R03000620740:0:0:0:UMI_AACAACACAACACTGAGCGAAAGACATC
[2025/11/26 11:51:21 | CallMolecularConsensusReads | Info] processed    40,000,000 records.  Elapsed time: 00:04:29s.  Time for last 1,000,000:    6s.  Last read position: Chr4D:115,859,568.  Last read name: V350363065L1C001R05801021160:0:0:0:UMI_AACAACACAACACTGAATACAAATATGG
[2025/11/26 11:51:28 | CallMolecularConsensusReads | Info] processed    41,000,000 records.  Elapsed time: 00:04:36s.  Time for last 1,000,000:    6s.  Last read position: Chr4D:279,003,333.  Last read name: V350363065L1C002R02801073301:0:0:0:UMI_AACAACACAACACTGATTATGCTATCAT
[2025/11/26 11:51:35 | CallMolecularConsensusReads | Info] processed    42,000,000 records.  Elapsed time: 00:04:43s.  Time for last 1,000,000:    6s.  Last read position: Chr4D:462,536,589.  Last read name: V350363065L2C005R03801265026:0:0:0:UMI_AACAACACAACACTGACGACTCCTATCA
[2025/11/26 11:51:42 | CallMolecularConsensusReads | Info] processed    43,000,000 records.  Elapsed time: 00:04:50s.  Time for last 1,000,000:    7s.  Last read position: Chr5A:130,908,779.  Last read name: V350363065L2C002R00701361504:0:0:0:UMI_AACAACACAACACTGATTGCTGACGGGC
[2025/11/26 11:51:50 | CallMolecularConsensusReads | Info] processed    44,000,000 records.  Elapsed time: 00:04:58s.  Time for last 1,000,000:    7s.  Last read position: Chr5A:259,170,783.  Last read name: V350363065L2C005R05800250956:0:0:0:UMI_AACAACACAACACTGAATCGAAACTAAG
[2025/11/26 11:51:57 | CallMolecularConsensusReads | Info] processed    45,000,000 records.  Elapsed time: 00:05:05s.  Time for last 1,000,000:    7s.  Last read position: Chr5A:438,187,259.  Last read name: V350363065L1C003R02700459129:0:0:0:UMI_CACAACACAACACTGACAGCTACGATCA
[2025/11/26 11:52:03 | CallMolecularConsensusReads | Info] processed    46,000,000 records.  Elapsed time: 00:05:11s.  Time for last 1,000,000:    6s.  Last read position: Chr5A:645,823,371.  Last read name: V350363065L2C002R05900112800:0:0:0:UMI_AACAACACAACACTGAATTCTAGACATT
[2025/11/26 11:52:10 | CallMolecularConsensusReads | Info] processed    47,000,000 records.  Elapsed time: 00:05:18s.  Time for last 1,000,000:    6s.  Last read position: Chr5B:127,683,473.  Last read name: V350363065L2C006R01401049083:0:0:0:UMI_AACAACACACACTGATGGATCTAATGAA
[2025/11/26 11:52:17 | CallMolecularConsensusReads | Info] processed    48,000,000 records.  Elapsed time: 00:05:25s.  Time for last 1,000,000:    6s.  Last read position: Chr5B:289,272,356.  Last read name: V350363065L1C006R03900006544:0:0:0:UMI_AACAACACAACACTGAACATTGGTCTGG
[2025/11/26 11:52:23 | CallMolecularConsensusReads | Info] processed    49,000,000 records.  Elapsed time: 00:05:31s.  Time for last 1,000,000:    6s.  Last read position: Chr5B:461,503,624.  Last read name: V350363065L1C001R04100941209:0:0:0:UMI_AACAACACAACACTGATAAGATTGCGAA
[2025/11/26 11:52:30 | CallMolecularConsensusReads | Info] processed    50,000,000 records.  Elapsed time: 00:05:38s.  Time for last 1,000,000:    6s.  Last read position: Chr5B:663,795,570.  Last read name: V350363065L2C002R01500213352:0:0:0:UMI_AACAACACAACACTGACCAAACAGTTCT
[2025/11/26 11:52:36 | CallMolecularConsensusReads | Info] processed    51,000,000 records.  Elapsed time: 00:05:44s.  Time for last 1,000,000:    6s.  Last read position: Chr5D:119,451,473.  Last read name: V350363065L2C003R02400220968:0:0:0:UMI_AACAACACAACACTGAGGTTCGACGTCG
[2025/11/26 11:52:43 | CallMolecularConsensusReads | Info] processed    52,000,000 records.  Elapsed time: 00:05:51s.  Time for last 1,000,000:    6s.  Last read position: Chr5D:177,712,022.  Last read name: V350363065L1C004R02400899269:0:0:0:UMI_AACAACACAACACTGACCACAAGACGAA
[2025/11/26 11:52:49 | CallMolecularConsensusReads | Info] processed    53,000,000 records.  Elapsed time: 00:05:57s.  Time for last 1,000,000:    6s.  Last read position: Chr5D:361,613,210.  Last read name: V350363065L2C005R05101168732:0:0:0:UMI_AACAACACAACACTGACGCCCAGAGTAT
[2025/11/26 11:52:56 | CallMolecularConsensusReads | Info] processed    54,000,000 records.  Elapsed time: 00:06:04s.  Time for last 1,000,000:    6s.  Last read position: Chr5D:552,895,392.  Last read name: V350363065L1C003R07200705119:0:0:0:UMI_AACAACACAACACTGAGCTTTACCGACG
[2025/11/26 11:53:02 | CallMolecularConsensusReads | Info] processed    55,000,000 records.  Elapsed time: 00:06:10s.  Time for last 1,000,000:    6s.  Last read position: Chr6A:194,780,109.  Last read name: V350363065L1C005R04900196572:0:0:0:UMI_AACAACACAACACTGAGCTCTCGACTTC
[2025/11/26 11:53:09 | CallMolecularConsensusReads | Info] processed    56,000,000 records.  Elapsed time: 00:06:17s.  Time for last 1,000,000:    6s.  Last read position: Chr6A:362,404,895.  Last read name: V350363065L1C006R04800161557:0:0:0:UMI_AACAACACAACACTGAGTATAACGGTGG
[2025/11/26 11:53:16 | CallMolecularConsensusReads | Info] processed    57,000,000 records.  Elapsed time: 00:06:24s.  Time for last 1,000,000:    6s.  Last read position: Chr6A:530,958,846.  Last read name: V350363065L2C006R04500582700:0:0:0:UMI_AACCTCATAACACTTATGTCTATTCCTG
[2025/11/26 11:53:22 | CallMolecularConsensusReads | Info] processed    58,000,000 records.  Elapsed time: 00:06:30s.  Time for last 1,000,000:    6s.  Last read position: Chr6B:134,299,201.  Last read name: V350363065L2C005R03200912512:0:0:0:UMI_AACAACACAACACTGAAAGGCAATAGGC
[2025/11/26 11:53:28 | CallMolecularConsensusReads | Info] processed    59,000,000 records.  Elapsed time: 00:06:36s.  Time for last 1,000,000:    6s.  Last read position: Chr6B:318,891,503.  Last read name: V350363065L2C005R02300422612:0:0:0:UMI_AACAACACAACACTGAATAAATCGAGGG
[2025/11/26 11:53:36 | CallMolecularConsensusReads | Info] processed    60,000,000 records.  Elapsed time: 00:06:44s.  Time for last 1,000,000:    7s.  Last read position: Chr6B:500,776,456.  Last read name: V350363065L2C005R01001187983:0:0:0:UMI_AACAACACAACACTGATTGAGACAAAGG
[2025/11/26 11:53:42 | CallMolecularConsensusReads | Info] processed    61,000,000 records.  Elapsed time: 00:06:51s.  Time for last 1,000,000:    6s.  Last read position: Chr6B:688,090,739.  Last read name: V350363065L2C002R05400330287:0:0:0:UMI_AACAACACAACACTGACTTCACGGAACG
[2025/11/26 11:53:49 | CallMolecularConsensusReads | Info] processed    62,000,000 records.  Elapsed time: 00:06:57s.  Time for last 1,000,000:    6s.  Last read position: Chr6D:160,824,954.  Last read name: V350363065L2C005R06500425707:0:0:0:UMI_AACAACACAACACTGATCAAAACTGGGT
[2025/11/26 11:53:56 | CallMolecularConsensusReads | Info] processed    63,000,000 records.  Elapsed time: 00:07:04s.  Time for last 1,000,000:    6s.  Last read position: Chr6D:336,427,471.  Last read name: V350363065L1C004R02400702820:0:0:0:UMI_AACAACACAACACTGATTCTAGTGAATC
[2025/11/26 11:54:02 | CallMolecularConsensusReads | Info] processed    64,000,000 records.  Elapsed time: 00:07:10s.  Time for last 1,000,000:    6s.  Last read position: Chr7A:49,779,062.  Last read name: V350363065L2C002R07200908409:0:0:0:UMI_AACAACACAACACTGATGGGAGAACGGC
[2025/11/26 11:54:09 | CallMolecularConsensusReads | Info] processed    65,000,000 records.  Elapsed time: 00:07:17s.  Time for last 1,000,000:    6s.  Last read position: Chr7A:268,777,908.  Last read name: V350363065L2C002R03600930973:0:0:0:UMI_AACAACACAACACTGACGGATACAGGAA
[2025/11/26 11:54:15 | CallMolecularConsensusReads | Info] processed    66,000,000 records.  Elapsed time: 00:07:24s.  Time for last 1,000,000:    6s.  Last read position: Chr7A:444,831,266.  Last read name: V350363065L2C003R06800716032:0:0:0:UMI_AACAACACAACACTGAAAGCTACCTGAT
[2025/11/26 11:54:22 | CallMolecularConsensusReads | Info] processed    67,000,000 records.  Elapsed time: 00:07:30s.  Time for last 1,000,000:    6s.  Last read position: Chr7A:629,168,607.  Last read name: V350363065L2C004R03800808330:0:0:0:UMI_AACAACACAACACTGAGAACAACCTATC
[2025/11/26 11:54:29 | CallMolecularConsensusReads | Info] processed    68,000,000 records.  Elapsed time: 00:07:37s.  Time for last 1,000,000:    6s.  Last read position: Chr7B:95,154,785.  Last read name: V350363065L1C003R02300599897:0:0:0:UMI_AACAACACAACACTGACTGAAAGGATCC
[2025/11/26 11:54:36 | CallMolecularConsensusReads | Info] processed    69,000,000 records.  Elapsed time: 00:07:44s.  Time for last 1,000,000:    6s.  Last read position: Chr7B:273,341,979.  Last read name: V350363065L1C006R04900835965:0:0:0:UMI_AACAACACAACACTGATCTCTATCATGC
[2025/11/26 11:54:42 | CallMolecularConsensusReads | Info] processed    70,000,000 records.  Elapsed time: 00:07:50s.  Time for last 1,000,000:    6s.  Last read position: Chr7B:439,884,648.  Last read name: V350363065L1C005R05701170804:0:0:0:UMI_AACAACACAACACTGAAGGTCCTGACCA
[2025/11/26 11:54:49 | CallMolecularConsensusReads | Info] processed    71,000,000 records.  Elapsed time: 00:07:57s.  Time for last 1,000,000:    6s.  Last read position: Chr7B:604,538,232.  Last read name: V350363065L1C003R04000125202:0:0:0:UMI_AACAACACAACACTGAAAGTAATATGTT
[2025/11/26 11:54:56 | CallMolecularConsensusReads | Info] processed    72,000,000 records.  Elapsed time: 00:08:04s.  Time for last 1,000,000:    6s.  Last read position: Chr7D:62,858,805.  Last read name: V350363065L2C004R04200916178:0:0:0:UMI_AACAACACAACACTGAATTGCAATCGAG
[2025/11/26 11:55:02 | CallMolecularConsensusReads | Info] processed    73,000,000 records.  Elapsed time: 00:08:10s.  Time for last 1,000,000:    6s.  Last read position: Chr7D:253,334,932.  Last read name: V350363065L2C005R04701176972:0:0:0:UMI_AACAACACAACACTGACACGTTCACGGT
[2025/11/26 11:55:09 | CallMolecularConsensusReads | Info] processed    74,000,000 records.  Elapsed time: 00:08:17s.  Time for last 1,000,000:    6s.  Last read position: Chr7D:426,821,913.  Last read name: V350363065L2C005R00100410951:0:0:0:UMI_AACAACACAACACTGAGATTGAATTCCC
[2025/11/26 11:55:16 | CallMolecularConsensusReads | Info] processed    75,000,000 records.  Elapsed time: 00:08:24s.  Time for last 1,000,000:    7s.  Last read position: Chr7D:621,574,691.  Last read name: V350363065L1C003R04400263907:0:0:0:UMI_AACAACACAACACTGAAGCGTAAGAAAA
[2025/11/26 11:55:24 | CallMolecularConsensusReads | Info] processed    76,000,000 records.  Elapsed time: 00:08:32s.  Time for last 1,000,000:    7s.  Last read position: NC_002762.1:11,039.  Last read name: V350363065L1C006R00801208062:0:0:0:UMI_AACAACACAACACTGAGTGGGAAGAGGA
[2025/11/26 11:55:31 | CallMolecularConsensusReads | Info] processed    77,000,000 records.  Elapsed time: 00:08:39s.  Time for last 1,000,000:    7s.  Last read position: NC_002762.1:48,341.  Last read name: V350363065L2C002R06901161470:0:0:0:UMI_AACAACACAACACTGAACTTCAGAGTGA
[2025/11/26 11:55:38 | CallMolecularConsensusReads | Info] processed    78,000,000 records.  Elapsed time: 00:08:46s.  Time for last 1,000,000:    6s.  Last read position: NC_002762.1:107,955.  Last read name: V350363065L2C001R03600576108:0:0:0:UMI_AACAACACAACACTGAGGCACTCGATAT
Nov 26, 2025 11:55:42 AM com.intel.gkl.compression.IntelInflater inflate
WARNING: Zero Bytes Written : 0
[2025/11/26 11:55:42 | CallMolecularConsensusReads | Info] Consensus calling overlapping read pairs statistics:
[2025/11/26 11:55:42 | CallMolecularConsensusReads | Info]     38,466,889 overlapping templates
[2025/11/26 11:55:42 | CallMolecularConsensusReads | Info]     6,382,119 corrected templates (16.59%)
[2025/11/26 11:55:42 | CallMolecularConsensusReads | Info]     0 overlapping bases
[2025/11/26 11:55:42 | CallMolecularConsensusReads | Info]     0 corrected bases (0.00%)
[2025/11/26 11:55:42 | CallMolecularConsensusReads | Info] processed    78,535,328 records.  Elapsed time: 00:08:50s.  Time for last 535,328:    3s.  Last read position: NC_036024.1:450,330.  Last read name: V350363065L1C003R05200029664:0:0:0:UMI_AACAACACAACACTGATCGCTAACAAAA
[2025/11/26 11:55:42 | SamWriter | Info] Wrote            356 records.  Elapsed time: 00:08:50s.  Time for last 356:  529s.  Last read position: */*
[2025/11/26 11:55:42 | CallMolecularConsensusReads | Info] Total Raw Reads Considered: 78,535,328.
[2025/11/26 11:55:42 | CallMolecularConsensusReads | Info] Raw Reads Filtered Due to InsufficientSupport: 78,533,538 (1.0000).
[2025/11/26 11:55:42 | CallMolecularConsensusReads | Info] Raw Reads Filtered Due to MinorityAlignment: 0 (0.0000).
[2025/11/26 11:55:42 | CallMolecularConsensusReads | Info] Raw Reads Filtered Due to OrphanConsensus: 78,533,538 (1.0000).
[2025/11/26 11:55:42 | CallMolecularConsensusReads | Info] Raw Reads Filtered Due to ZeroPostAfterTrimming: 0 (0.0000).
[2025/11/26 11:55:42 | CallMolecularConsensusReads | Info] Consensus reads emitted: 356.
[2025/11/26 11:55:42 | FgBioMain | Info] CallMolecularConsensusReads completed. Elapsed time: 8.88 minutes.
[Wed Nov 26 11:55:42 2025]
Finished job 34.
24 of 26 steps (92%) done
Select jobs to execute...

[Wed Nov 26 11:55:42 2025]
rule umiMapping:
    input: /datapool/data/Users/zhijian/projects/scumiatac/result/step7_dedup/ATACSC.finished, /datapool/home/zhijian/data/wheat/genome/3.ref.mask.fasta.gz
    output: /datapool/data/Users/zhijian/projects/scumiatac/result/step8_umiMapping/ATACSC.finished
    jobid: 33
    reason: Missing output files: /datapool/data/Users/zhijian/projects/scumiatac/result/step8_umiMapping/ATACSC.finished; Input files updated by another job: /datapool/data/Users/zhijian/projects/scumiatac/result/step7_dedup/ATACSC.finished
    wildcards: sample=ATACSC
    threads: 16
    resources: tmpdir=/tmp


samtools fastq -@ 16 -1 /datapool/data/Users/zhijian/projects/scumiatac/result/step8_umiMapping/ATACSC_1_fq.gz -2 /datapool/data/Users/zhijian/projects/scumiatac/result/step8_umiMapping/ATACSC_2_fq.gz -n /datapool/data/Users/zhijian/projects/scumiatac/result/step7_dedup/ATACSC.dedup.bam
bwa mem -t 16 /datapool/home/zhijian/data/wheat/genome/3.ref.mask.fasta.gz /datapool/data/Users/zhijian/projects/scumiatac/result/step8_umiMapping/ATACSC_1_fq.gz /datapool/data/Users/zhijian/projects/scumiatac/result/step8_umiMapping/ATACSC_2_fq.gz | samtools sort -@ 16 -o /datapool/data/Users/zhijian/projects/scumiatac/result/step8_umiMapping/ATACSC.mapping.bam -
samtools index -c /datapool/data/Users/zhijian/projects/scumiatac/result/step8_umiMapping/ATACSC.mapping.bam -@ 16
touch /datapool/data/Users/zhijian/projects/scumiatac/result/step8_umiMapping/ATACSC.finished
        
[M::bam2fq_mainloop] discarded 0 singletons
[M::bam2fq_mainloop] processed 356 reads
[M::bwa_idx_load_from_disk] read 0 ALT contigs
[M::process] read 356 sequences (31874 bp)...
[M::mem_pestat] # candidate unique pairs for (FF, FR, RF, RR): (0, 59, 0, 0)
[M::mem_pestat] skip orientation FF as there are not enough pairs
[M::mem_pestat] analyzing insert size distribution for orientation FR...
[M::mem_pestat] (25, 50, 75) percentile: (76, 82, 105)
[M::mem_pestat] low and high boundaries for computing mean and std.dev: (18, 163)
[M::mem_pestat] mean and std.dev: (90.36, 24.62)
[M::mem_pestat] low and high boundaries for proper pairs: (1, 192)
[M::mem_pestat] skip orientation RF as there are not enough pairs
[M::mem_pestat] skip orientation RR as there are not enough pairs
[M::mem_process_seqs] Processed 356 reads in 0.599 CPU sec, 0.076 real sec
[main] Version: 0.7.19-r1273
[main] CMD: bwa mem -t 16 /datapool/home/zhijian/data/wheat/genome/3.ref.mask.fasta.gz /datapool/data/Users/zhijian/projects/scumiatac/result/step8_umiMapping/ATACSC_1_fq.gz /datapool/data/Users/zhijian/projects/scumiatac/result/step8_umiMapping/ATACSC_2_fq.gz
[main] Real time: 40.304 sec; CPU: 27.842 sec
[Wed Nov 26 11:56:23 2025]
Finished job 33.
25 of 26 steps (96%) done
Select jobs to execute...

[Wed Nov 26 11:56:23 2025]
localrule all:
    input: /datapool/data/Users/zhijian/projects/scumiatac/result/step8_umiMapping/ATACP1000_1.finished, /datapool/data/Users/zhijian/projects/scumiatac/result/step8_umiMapping/ATACP1000_2.finished, /datapool/data/Users/zhijian/projects/scumiatac/result/step8_umiMapping/ATACP500_1.finished, /datapool/data/Users/zhijian/projects/scumiatac/result/step8_umiMapping/ATACP500_2.finished, /datapool/data/Users/zhijian/projects/scumiatac/result/step8_umiMapping/ATACSC.finished
    jobid: 0
    reason: Input files updated by another job: /datapool/data/Users/zhijian/projects/scumiatac/result/step8_umiMapping/ATACSC.finished, /datapool/data/Users/zhijian/projects/scumiatac/result/step8_umiMapping/ATACP500_1.finished, /datapool/data/Users/zhijian/projects/scumiatac/result/step8_umiMapping/ATACP1000_1.finished, /datapool/data/Users/zhijian/projects/scumiatac/result/step8_umiMapping/ATACP500_2.finished, /datapool/data/Users/zhijian/projects/scumiatac/result/step8_umiMapping/ATACP1000_2.finished
    resources: tmpdir=/tmp

[Wed Nov 26 11:56:23 2025]
Finished job 0.
26 of 26 steps (100%) done
Complete log: .snakemake/log/2025-11-26T090822.060026.snakemake.log
Building DAG of jobs...
Using shell: /usr/bin/bash
Provided cores: 150
Rules claiming more threads will be scaled down.
Job stats:
job             count
------------  -------
all                 1
bam_qc              9
bwa                 4
concat_fastq        4
dedup               9
qc                  4
trim                4
umi                 4
umiMapping          9
total              48

Select jobs to execute...

[Wed Nov 26 12:27:43 2025]
rule bam_qc:
    input: /datapool/data/Users/zhijian/projects/scumiatac/result/step5_bwa/ATACP500_2.finished
    output: /datapool/data/Users/zhijian/projects/scumiatac/result/step6_bam_qc/ATACP500_2.finished
    jobid: 27
    reason: Missing output files: /datapool/data/Users/zhijian/projects/scumiatac/result/step6_bam_qc/ATACP500_2.finished
    wildcards: sample=ATACP500_2
    resources: tmpdir=/tmp


python /datapool/data/Users/zhijian/projects/scumiatac/pipeline/scripts/bamFilterAndQc.py /datapool/data/Users/zhijian/projects/scumiatac/result/step5_bwa/ATACP500_2.bwa.bam /datapool/data/Users/zhijian/projects/scumiatac/result/step6_bam_qc/ATACP500_2.qc.bam
touch /datapool/data/Users/zhijian/projects/scumiatac/result/step6_bam_qc/ATACP500_2.finished
        

[Wed Nov 26 12:27:49 2025]
rule bam_qc:
    input: /datapool/data/Users/zhijian/projects/scumiatac/result/step5_bwa/ATACP1000_1.finished
    output: /datapool/data/Users/zhijian/projects/scumiatac/result/step6_bam_qc/ATACP1000_1.finished
    jobid: 3
    reason: Missing output files: /datapool/data/Users/zhijian/projects/scumiatac/result/step6_bam_qc/ATACP1000_1.finished
    wildcards: sample=ATACP1000_1
    resources: tmpdir=/tmp


python /datapool/data/Users/zhijian/projects/scumiatac/pipeline/scripts/bamFilterAndQc.py /datapool/data/Users/zhijian/projects/scumiatac/result/step5_bwa/ATACP1000_1.bwa.bam /datapool/data/Users/zhijian/projects/scumiatac/result/step6_bam_qc/ATACP1000_1.qc.bam
touch /datapool/data/Users/zhijian/projects/scumiatac/result/step6_bam_qc/ATACP1000_1.finished
        

[Wed Nov 26 12:27:49 2025]
rule concat_fastq:
    input: /datapool/data/Users/zhijian/projects/scumiatac/rawdata/5.round_5_official_junyi/F25A040008526_LIBslkxnR_1024/ATACF-WT-1/ATACF-WT-1_L1_1.fq.gz, /datapool/data/Users/zhijian/projects/scumiatac/rawdata/5.round_5_official_junyi/F25A040008526_LIBslkxnR_1024/ATACF-WT-1/ATACF-WT-1_L1_2.fq.gz
    output: /datapool/data/Users/zhijian/projects/scumiatac/result/step1_concat_fastq/ATAC_MORE_CYCLE_WT_1.finished
    jobid: 48
    reason: Missing output files: /datapool/data/Users/zhijian/projects/scumiatac/result/step1_concat_fastq/ATAC_MORE_CYCLE_WT_1.finished
    wildcards: sample=ATAC_MORE_CYCLE_WT_1
    resources: tmpdir=/tmp


cat /datapool/data/Users/zhijian/projects/scumiatac/rawdata/5.round_5_official_junyi/F25A040008526_LIBslkxnR_1024/ATACF-WT-1/ATACF-WT-1_L1_1.fq.gz > /datapool/data/Users/zhijian/projects/scumiatac/result/step1_concat_fastq/ATAC_MORE_CYCLE_WT_1.R1.fastq.gz && cat /datapool/data/Users/zhijian/projects/scumiatac/rawdata/5.round_5_official_junyi/F25A040008526_LIBslkxnR_1024/ATACF-WT-1/ATACF-WT-1_L1_2.fq.gz > /datapool/data/Users/zhijian/projects/scumiatac/result/step1_concat_fastq/ATAC_MORE_CYCLE_WT_1.R2.fastq.gz
touch /datapool/data/Users/zhijian/projects/scumiatac/result/step1_concat_fastq/ATAC_MORE_CYCLE_WT_1.finished
        

[Wed Nov 26 12:27:49 2025]
rule bam_qc:
    input: /datapool/data/Users/zhijian/projects/scumiatac/result/step5_bwa/ATACSC.finished
    output: /datapool/data/Users/zhijian/projects/scumiatac/result/step6_bam_qc/ATACSC.finished
    jobid: 35
    reason: Missing output files: /datapool/data/Users/zhijian/projects/scumiatac/result/step6_bam_qc/ATACSC.finished
    wildcards: sample=ATACSC
    resources: tmpdir=/tmp


python /datapool/data/Users/zhijian/projects/scumiatac/pipeline/scripts/bamFilterAndQc.py /datapool/data/Users/zhijian/projects/scumiatac/result/step5_bwa/ATACSC.bwa.bam /datapool/data/Users/zhijian/projects/scumiatac/result/step6_bam_qc/ATACSC.qc.bam
touch /datapool/data/Users/zhijian/projects/scumiatac/result/step6_bam_qc/ATACSC.finished
        

[Wed Nov 26 12:27:49 2025]
rule bam_qc:
    input: /datapool/data/Users/zhijian/projects/scumiatac/result/step5_bwa/ATACP1000_2.finished
    output: /datapool/data/Users/zhijian/projects/scumiatac/result/step6_bam_qc/ATACP1000_2.finished
    jobid: 11
    reason: Missing output files: /datapool/data/Users/zhijian/projects/scumiatac/result/step6_bam_qc/ATACP1000_2.finished
    wildcards: sample=ATACP1000_2
    resources: tmpdir=/tmp


python /datapool/data/Users/zhijian/projects/scumiatac/pipeline/scripts/bamFilterAndQc.py /datapool/data/Users/zhijian/projects/scumiatac/result/step5_bwa/ATACP1000_2.bwa.bam /datapool/data/Users/zhijian/projects/scumiatac/result/step6_bam_qc/ATACP1000_2.qc.bam
touch /datapool/data/Users/zhijian/projects/scumiatac/result/step6_bam_qc/ATACP1000_2.finished
        

[Wed Nov 26 12:27:49 2025]
rule concat_fastq:
    input: /datapool/data/Users/zhijian/projects/scumiatac/rawdata/5.round_5_official_junyi/F25A040008526_LIBslkxnR_1024/ATACF-WT-2/ATACF-WT-2_L1_1.fq.gz, /datapool/data/Users/zhijian/projects/scumiatac/rawdata/5.round_5_official_junyi/F25A040008526_LIBslkxnR_1024/ATACF-WT-2/ATACF-WT-2_L1_2.fq.gz
    output: /datapool/data/Users/zhijian/projects/scumiatac/result/step1_concat_fastq/ATAC_MORE_CYCLE_WT_2.finished
    jobid: 56
    reason: Missing output files: /datapool/data/Users/zhijian/projects/scumiatac/result/step1_concat_fastq/ATAC_MORE_CYCLE_WT_2.finished
    wildcards: sample=ATAC_MORE_CYCLE_WT_2
    resources: tmpdir=/tmp


cat /datapool/data/Users/zhijian/projects/scumiatac/rawdata/5.round_5_official_junyi/F25A040008526_LIBslkxnR_1024/ATACF-WT-2/ATACF-WT-2_L1_1.fq.gz > /datapool/data/Users/zhijian/projects/scumiatac/result/step1_concat_fastq/ATAC_MORE_CYCLE_WT_2.R1.fastq.gz && cat /datapool/data/Users/zhijian/projects/scumiatac/rawdata/5.round_5_official_junyi/F25A040008526_LIBslkxnR_1024/ATACF-WT-2/ATACF-WT-2_L1_2.fq.gz > /datapool/data/Users/zhijian/projects/scumiatac/result/step1_concat_fastq/ATAC_MORE_CYCLE_WT_2.R2.fastq.gz
touch /datapool/data/Users/zhijian/projects/scumiatac/result/step1_concat_fastq/ATAC_MORE_CYCLE_WT_2.finished
        

[Wed Nov 26 12:27:49 2025]
rule concat_fastq:
    input: /datapool/data/Users/zhijian/projects/scumiatac/rawdata/6.round_6_official/F25A040009496_LIBjrmfcR_251031/SCATAC-WT-1/SCATAC-WT-1_L1_1.fq.gz, /datapool/data/Users/zhijian/projects/scumiatac/rawdata/6.round_6_official/F25A040009496_LIBjrmfcR_251031/SCATAC-WT-1/SCATAC-WT-1_L1_2.fq.gz
    output: /datapool/data/Users/zhijian/projects/scumiatac/result/step1_concat_fastq/ATAC_LESS_CYCLE_WT_1.finished
    jobid: 64
    reason: Missing output files: /datapool/data/Users/zhijian/projects/scumiatac/result/step1_concat_fastq/ATAC_LESS_CYCLE_WT_1.finished
    wildcards: sample=ATAC_LESS_CYCLE_WT_1
    resources: tmpdir=/tmp


cat /datapool/data/Users/zhijian/projects/scumiatac/rawdata/6.round_6_official/F25A040009496_LIBjrmfcR_251031/SCATAC-WT-1/SCATAC-WT-1_L1_1.fq.gz > /datapool/data/Users/zhijian/projects/scumiatac/result/step1_concat_fastq/ATAC_LESS_CYCLE_WT_1.R1.fastq.gz && cat /datapool/data/Users/zhijian/projects/scumiatac/rawdata/6.round_6_official/F25A040009496_LIBjrmfcR_251031/SCATAC-WT-1/SCATAC-WT-1_L1_2.fq.gz > /datapool/data/Users/zhijian/projects/scumiatac/result/step1_concat_fastq/ATAC_LESS_CYCLE_WT_1.R2.fastq.gz
touch /datapool/data/Users/zhijian/projects/scumiatac/result/step1_concat_fastq/ATAC_LESS_CYCLE_WT_1.finished
        

[Wed Nov 26 12:27:49 2025]
rule bam_qc:
    input: /datapool/data/Users/zhijian/projects/scumiatac/result/step5_bwa/ATACP500_1.finished
    output: /datapool/data/Users/zhijian/projects/scumiatac/result/step6_bam_qc/ATACP500_1.finished
    jobid: 19
    reason: Missing output files: /datapool/data/Users/zhijian/projects/scumiatac/result/step6_bam_qc/ATACP500_1.finished
    wildcards: sample=ATACP500_1
    resources: tmpdir=/tmp


python /datapool/data/Users/zhijian/projects/scumiatac/pipeline/scripts/bamFilterAndQc.py /datapool/data/Users/zhijian/projects/scumiatac/result/step5_bwa/ATACP500_1.bwa.bam /datapool/data/Users/zhijian/projects/scumiatac/result/step6_bam_qc/ATACP500_1.qc.bam
touch /datapool/data/Users/zhijian/projects/scumiatac/result/step6_bam_qc/ATACP500_1.finished
        

[Wed Nov 26 12:27:49 2025]
rule concat_fastq:
    input: /datapool/data/Users/zhijian/projects/scumiatac/rawdata/6.round_6_official/F25A040009496_LIBjrmfcR_251031/SCATAC-WT-2/SCATAC-WT-2_L1_1.fq.gz, /datapool/data/Users/zhijian/projects/scumiatac/rawdata/6.round_6_official/F25A040009496_LIBjrmfcR_251031/SCATAC-WT-2/SCATAC-WT-2_L1_2.fq.gz
    output: /datapool/data/Users/zhijian/projects/scumiatac/result/step1_concat_fastq/ATAC_LESS_CYCLE_WT_2.finished
    jobid: 72
    reason: Missing output files: /datapool/data/Users/zhijian/projects/scumiatac/result/step1_concat_fastq/ATAC_LESS_CYCLE_WT_2.finished
    wildcards: sample=ATAC_LESS_CYCLE_WT_2
    resources: tmpdir=/tmp


cat /datapool/data/Users/zhijian/projects/scumiatac/rawdata/6.round_6_official/F25A040009496_LIBjrmfcR_251031/SCATAC-WT-2/SCATAC-WT-2_L1_1.fq.gz > /datapool/data/Users/zhijian/projects/scumiatac/result/step1_concat_fastq/ATAC_LESS_CYCLE_WT_2.R1.fastq.gz && cat /datapool/data/Users/zhijian/projects/scumiatac/rawdata/6.round_6_official/F25A040009496_LIBjrmfcR_251031/SCATAC-WT-2/SCATAC-WT-2_L1_2.fq.gz > /datapool/data/Users/zhijian/projects/scumiatac/result/step1_concat_fastq/ATAC_LESS_CYCLE_WT_2.R2.fastq.gz
touch /datapool/data/Users/zhijian/projects/scumiatac/result/step1_concat_fastq/ATAC_LESS_CYCLE_WT_2.finished
        
[Wed Nov 26 12:29:41 2025]
Finished job 72.
1 of 48 steps (2%) done
Select jobs to execute...

[Wed Nov 26 12:29:41 2025]
rule qc:
    input: /datapool/data/Users/zhijian/projects/scumiatac/result/step1_concat_fastq/ATAC_LESS_CYCLE_WT_2.finished
    output: /datapool/data/Users/zhijian/projects/scumiatac/result/step2_qc/ATAC_LESS_CYCLE_WT_2.finished
    jobid: 71
    reason: Missing output files: /datapool/data/Users/zhijian/projects/scumiatac/result/step2_qc/ATAC_LESS_CYCLE_WT_2.finished; Input files updated by another job: /datapool/data/Users/zhijian/projects/scumiatac/result/step1_concat_fastq/ATAC_LESS_CYCLE_WT_2.finished
    wildcards: sample=ATAC_LESS_CYCLE_WT_2
    threads: 4
    resources: tmpdir=/tmp


fastp -i /datapool/data/Users/zhijian/projects/scumiatac/result/step1_concat_fastq/ATAC_LESS_CYCLE_WT_2.R1.fastq.gz -I /datapool/data/Users/zhijian/projects/scumiatac/result/step1_concat_fastq/ATAC_LESS_CYCLE_WT_2.R2.fastq.gz -o /datapool/data/Users/zhijian/projects/scumiatac/result/step2_qc/ATAC_LESS_CYCLE_WT_2.R1_qc.fastq.gz -O /datapool/data/Users/zhijian/projects/scumiatac/result/step2_qc/ATAC_LESS_CYCLE_WT_2.R2_qc.fastq.gz --html /datapool/data/Users/zhijian/projects/scumiatac/result/step2_qc/ATAC_LESS_CYCLE_WT_2.fastp.html --json /datapool/data/Users/zhijian/projects/scumiatac/result/step2_qc/ATAC_LESS_CYCLE_WT_2.fastp.json --thread 4 -Q -L -A
touch /datapool/data/Users/zhijian/projects/scumiatac/result/step2_qc/ATAC_LESS_CYCLE_WT_2.finished
        
Activating conda environment: scumiatac
[Wed Nov 26 12:30:00 2025]
Finished job 48.
2 of 48 steps (4%) done
Select jobs to execute...

[Wed Nov 26 12:30:00 2025]
rule qc:
    input: /datapool/data/Users/zhijian/projects/scumiatac/result/step1_concat_fastq/ATAC_MORE_CYCLE_WT_1.finished
    output: /datapool/data/Users/zhijian/projects/scumiatac/result/step2_qc/ATAC_MORE_CYCLE_WT_1.finished
    jobid: 47
    reason: Missing output files: /datapool/data/Users/zhijian/projects/scumiatac/result/step2_qc/ATAC_MORE_CYCLE_WT_1.finished; Input files updated by another job: /datapool/data/Users/zhijian/projects/scumiatac/result/step1_concat_fastq/ATAC_MORE_CYCLE_WT_1.finished
    wildcards: sample=ATAC_MORE_CYCLE_WT_1
    threads: 4
    resources: tmpdir=/tmp


fastp -i /datapool/data/Users/zhijian/projects/scumiatac/result/step1_concat_fastq/ATAC_MORE_CYCLE_WT_1.R1.fastq.gz -I /datapool/data/Users/zhijian/projects/scumiatac/result/step1_concat_fastq/ATAC_MORE_CYCLE_WT_1.R2.fastq.gz -o /datapool/data/Users/zhijian/projects/scumiatac/result/step2_qc/ATAC_MORE_CYCLE_WT_1.R1_qc.fastq.gz -O /datapool/data/Users/zhijian/projects/scumiatac/result/step2_qc/ATAC_MORE_CYCLE_WT_1.R2_qc.fastq.gz --html /datapool/data/Users/zhijian/projects/scumiatac/result/step2_qc/ATAC_MORE_CYCLE_WT_1.fastp.html --json /datapool/data/Users/zhijian/projects/scumiatac/result/step2_qc/ATAC_MORE_CYCLE_WT_1.fastp.json --thread 4 -Q -L -A
touch /datapool/data/Users/zhijian/projects/scumiatac/result/step2_qc/ATAC_MORE_CYCLE_WT_1.finished
        
Activating conda environment: scumiatac
[Wed Nov 26 12:30:06 2025]
Finished job 56.
3 of 48 steps (6%) done
Select jobs to execute...

[Wed Nov 26 12:30:06 2025]
rule qc:
    input: /datapool/data/Users/zhijian/projects/scumiatac/result/step1_concat_fastq/ATAC_MORE_CYCLE_WT_2.finished
    output: /datapool/data/Users/zhijian/projects/scumiatac/result/step2_qc/ATAC_MORE_CYCLE_WT_2.finished
    jobid: 55
    reason: Missing output files: /datapool/data/Users/zhijian/projects/scumiatac/result/step2_qc/ATAC_MORE_CYCLE_WT_2.finished; Input files updated by another job: /datapool/data/Users/zhijian/projects/scumiatac/result/step1_concat_fastq/ATAC_MORE_CYCLE_WT_2.finished
    wildcards: sample=ATAC_MORE_CYCLE_WT_2
    threads: 4
    resources: tmpdir=/tmp


fastp -i /datapool/data/Users/zhijian/projects/scumiatac/result/step1_concat_fastq/ATAC_MORE_CYCLE_WT_2.R1.fastq.gz -I /datapool/data/Users/zhijian/projects/scumiatac/result/step1_concat_fastq/ATAC_MORE_CYCLE_WT_2.R2.fastq.gz -o /datapool/data/Users/zhijian/projects/scumiatac/result/step2_qc/ATAC_MORE_CYCLE_WT_2.R1_qc.fastq.gz -O /datapool/data/Users/zhijian/projects/scumiatac/result/step2_qc/ATAC_MORE_CYCLE_WT_2.R2_qc.fastq.gz --html /datapool/data/Users/zhijian/projects/scumiatac/result/step2_qc/ATAC_MORE_CYCLE_WT_2.fastp.html --json /datapool/data/Users/zhijian/projects/scumiatac/result/step2_qc/ATAC_MORE_CYCLE_WT_2.fastp.json --thread 4 -Q -L -A
touch /datapool/data/Users/zhijian/projects/scumiatac/result/step2_qc/ATAC_MORE_CYCLE_WT_2.finished
        
Activating conda environment: scumiatac
[Wed Nov 26 12:30:08 2025]
Finished job 64.
4 of 48 steps (8%) done
Select jobs to execute...

[Wed Nov 26 12:30:08 2025]
rule qc:
    input: /datapool/data/Users/zhijian/projects/scumiatac/result/step1_concat_fastq/ATAC_LESS_CYCLE_WT_1.finished
    output: /datapool/data/Users/zhijian/projects/scumiatac/result/step2_qc/ATAC_LESS_CYCLE_WT_1.finished
    jobid: 63
    reason: Missing output files: /datapool/data/Users/zhijian/projects/scumiatac/result/step2_qc/ATAC_LESS_CYCLE_WT_1.finished; Input files updated by another job: /datapool/data/Users/zhijian/projects/scumiatac/result/step1_concat_fastq/ATAC_LESS_CYCLE_WT_1.finished
    wildcards: sample=ATAC_LESS_CYCLE_WT_1
    threads: 4
    resources: tmpdir=/tmp


fastp -i /datapool/data/Users/zhijian/projects/scumiatac/result/step1_concat_fastq/ATAC_LESS_CYCLE_WT_1.R1.fastq.gz -I /datapool/data/Users/zhijian/projects/scumiatac/result/step1_concat_fastq/ATAC_LESS_CYCLE_WT_1.R2.fastq.gz -o /datapool/data/Users/zhijian/projects/scumiatac/result/step2_qc/ATAC_LESS_CYCLE_WT_1.R1_qc.fastq.gz -O /datapool/data/Users/zhijian/projects/scumiatac/result/step2_qc/ATAC_LESS_CYCLE_WT_1.R2_qc.fastq.gz --html /datapool/data/Users/zhijian/projects/scumiatac/result/step2_qc/ATAC_LESS_CYCLE_WT_1.fastp.html --json /datapool/data/Users/zhijian/projects/scumiatac/result/step2_qc/ATAC_LESS_CYCLE_WT_1.fastp.json --thread 4 -Q -L -A
touch /datapool/data/Users/zhijian/projects/scumiatac/result/step2_qc/ATAC_LESS_CYCLE_WT_1.finished
        
Activating conda environment: scumiatac
Building DAG of jobs...
Using shell: /usr/bin/bash
Provided cores: 150
Rules claiming more threads will be scaled down.
Job stats:
job             count
------------  -------
all                 1
bam_qc              2
bwa                 2
concat_fastq        2
dedup               2
qc                  2
trim                2
umi                 2
umiMapping          2
total              17

Select jobs to execute...

[Wed Nov 26 12:33:48 2025]
rule concat_fastq:
    input: /datapool/data/Users/zhijian/projects/scumiatac/rawdata/7.round_7_official_junyi/F25A040010044_LIBbtfunR_1117/lDNAATAC-1/lDNAATAC-1_L1_1.fq.gz, /datapool/data/Users/zhijian/projects/scumiatac/rawdata/7.round_7_official_junyi/F25A040010044_LIBbtfunR_1117/lDNAATAC-1/lDNAATAC-1_L1_2.fq.gz
    output: /datapool/data/Users/zhijian/projects/scumiatac/result_lambda/step1_concat_fastq/lDNAATAC_1.finished
    jobid: 8
    reason: Missing output files: /datapool/data/Users/zhijian/projects/scumiatac/result_lambda/step1_concat_fastq/lDNAATAC_1.finished
    wildcards: sample=lDNAATAC_1
    resources: tmpdir=/tmp


cat /datapool/data/Users/zhijian/projects/scumiatac/rawdata/7.round_7_official_junyi/F25A040010044_LIBbtfunR_1117/lDNAATAC-1/lDNAATAC-1_L1_1.fq.gz > /datapool/data/Users/zhijian/projects/scumiatac/result_lambda/step1_concat_fastq/lDNAATAC_1.R1.fastq.gz && cat /datapool/data/Users/zhijian/projects/scumiatac/rawdata/7.round_7_official_junyi/F25A040010044_LIBbtfunR_1117/lDNAATAC-1/lDNAATAC-1_L1_2.fq.gz > /datapool/data/Users/zhijian/projects/scumiatac/result_lambda/step1_concat_fastq/lDNAATAC_1.R2.fastq.gz
touch /datapool/data/Users/zhijian/projects/scumiatac/result_lambda/step1_concat_fastq/lDNAATAC_1.finished
        

[Wed Nov 26 12:33:52 2025]
rule concat_fastq:
    input: /datapool/data/Users/zhijian/projects/scumiatac/rawdata/7.round_7_official_junyi/F25A040010044_LIBbtfunR_1117/lDNAATAC-2/lDNAATAC-2_L1_1.fq.gz, /datapool/data/Users/zhijian/projects/scumiatac/rawdata/7.round_7_official_junyi/F25A040010044_LIBbtfunR_1117/lDNAATAC-2/lDNAATAC-2_L1_2.fq.gz
    output: /datapool/data/Users/zhijian/projects/scumiatac/result_lambda/step1_concat_fastq/lDNAATAC_2.finished
    jobid: 16
    reason: Missing output files: /datapool/data/Users/zhijian/projects/scumiatac/result_lambda/step1_concat_fastq/lDNAATAC_2.finished
    wildcards: sample=lDNAATAC_2
    resources: tmpdir=/tmp


cat /datapool/data/Users/zhijian/projects/scumiatac/rawdata/7.round_7_official_junyi/F25A040010044_LIBbtfunR_1117/lDNAATAC-2/lDNAATAC-2_L1_1.fq.gz > /datapool/data/Users/zhijian/projects/scumiatac/result_lambda/step1_concat_fastq/lDNAATAC_2.R1.fastq.gz && cat /datapool/data/Users/zhijian/projects/scumiatac/rawdata/7.round_7_official_junyi/F25A040010044_LIBbtfunR_1117/lDNAATAC-2/lDNAATAC-2_L1_2.fq.gz > /datapool/data/Users/zhijian/projects/scumiatac/result_lambda/step1_concat_fastq/lDNAATAC_2.R2.fastq.gz
touch /datapool/data/Users/zhijian/projects/scumiatac/result_lambda/step1_concat_fastq/lDNAATAC_2.finished
        
[Wed Nov 26 12:34:52 2025]
Finished job 16.
1 of 17 steps (6%) done
Select jobs to execute...

[Wed Nov 26 12:34:52 2025]
rule qc:
    input: /datapool/data/Users/zhijian/projects/scumiatac/result_lambda/step1_concat_fastq/lDNAATAC_2.finished
    output: /datapool/data/Users/zhijian/projects/scumiatac/result_lambda/step2_qc/lDNAATAC_2.finished
    jobid: 15
    reason: Missing output files: /datapool/data/Users/zhijian/projects/scumiatac/result_lambda/step2_qc/lDNAATAC_2.finished; Input files updated by another job: /datapool/data/Users/zhijian/projects/scumiatac/result_lambda/step1_concat_fastq/lDNAATAC_2.finished
    wildcards: sample=lDNAATAC_2
    threads: 4
    resources: tmpdir=/tmp


fastp -i /datapool/data/Users/zhijian/projects/scumiatac/result_lambda/step1_concat_fastq/lDNAATAC_2.R1.fastq.gz -I /datapool/data/Users/zhijian/projects/scumiatac/result_lambda/step1_concat_fastq/lDNAATAC_2.R2.fastq.gz -o /datapool/data/Users/zhijian/projects/scumiatac/result_lambda/step2_qc/lDNAATAC_2.R1_qc.fastq.gz -O /datapool/data/Users/zhijian/projects/scumiatac/result_lambda/step2_qc/lDNAATAC_2.R2_qc.fastq.gz --html /datapool/data/Users/zhijian/projects/scumiatac/result_lambda/step2_qc/lDNAATAC_2.fastp.html --json /datapool/data/Users/zhijian/projects/scumiatac/result_lambda/step2_qc/lDNAATAC_2.fastp.json --thread 4 -Q -L -A
touch /datapool/data/Users/zhijian/projects/scumiatac/result_lambda/step2_qc/lDNAATAC_2.finished
        
Activating conda environment: scumiatac
[Wed Nov 26 12:34:59 2025]
Finished job 8.
2 of 17 steps (12%) done
Select jobs to execute...

[Wed Nov 26 12:34:59 2025]
rule qc:
    input: /datapool/data/Users/zhijian/projects/scumiatac/result_lambda/step1_concat_fastq/lDNAATAC_1.finished
    output: /datapool/data/Users/zhijian/projects/scumiatac/result_lambda/step2_qc/lDNAATAC_1.finished
    jobid: 7
    reason: Missing output files: /datapool/data/Users/zhijian/projects/scumiatac/result_lambda/step2_qc/lDNAATAC_1.finished; Input files updated by another job: /datapool/data/Users/zhijian/projects/scumiatac/result_lambda/step1_concat_fastq/lDNAATAC_1.finished
    wildcards: sample=lDNAATAC_1
    threads: 4
    resources: tmpdir=/tmp


fastp -i /datapool/data/Users/zhijian/projects/scumiatac/result_lambda/step1_concat_fastq/lDNAATAC_1.R1.fastq.gz -I /datapool/data/Users/zhijian/projects/scumiatac/result_lambda/step1_concat_fastq/lDNAATAC_1.R2.fastq.gz -o /datapool/data/Users/zhijian/projects/scumiatac/result_lambda/step2_qc/lDNAATAC_1.R1_qc.fastq.gz -O /datapool/data/Users/zhijian/projects/scumiatac/result_lambda/step2_qc/lDNAATAC_1.R2_qc.fastq.gz --html /datapool/data/Users/zhijian/projects/scumiatac/result_lambda/step2_qc/lDNAATAC_1.fastp.html --json /datapool/data/Users/zhijian/projects/scumiatac/result_lambda/step2_qc/lDNAATAC_1.fastp.json --thread 4 -Q -L -A
touch /datapool/data/Users/zhijian/projects/scumiatac/result_lambda/step2_qc/lDNAATAC_1.finished
        
Activating conda environment: scumiatac
开始处理文件: /datapool/data/Users/zhijian/projects/scumiatac/result/step5_bwa/ATACP500_1.bwa.bam ...
已处理 1000000 条 reads...
已处理 2000000 条 reads...
已处理 3000000 条 reads...
已处理 4000000 条 reads...
已处理 5000000 条 reads...
已处理 6000000 条 reads...
已处理 7000000 条 reads...
已处理 8000000 条 reads...
已处理 9000000 条 reads...
已处理 10000000 条 reads...
已处理 11000000 条 reads...
已处理 12000000 条 reads...
已处理 13000000 条 reads...
已处理 14000000 条 reads...
已处理 15000000 条 reads...
已处理 16000000 条 reads...
已处理 17000000 条 reads...
已处理 18000000 条 reads...
已处理 19000000 条 reads...
已处理 20000000 条 reads...
已处理 21000000 条 reads...
已处理 22000000 条 reads...
已处理 23000000 条 reads...
已处理 24000000 条 reads...
已处理 25000000 条 reads...
已处理 26000000 条 reads...
已处理 27000000 条 reads...
已处理 28000000 条 reads...
已处理 29000000 条 reads...
已处理 30000000 条 reads...
已处理 31000000 条 reads...
已处理 32000000 条 reads...
已处理 33000000 条 reads...
已处理 34000000 条 reads...
已处理 35000000 条 reads...
已处理 36000000 条 reads...
已处理 37000000 条 reads...
已处理 38000000 条 reads...
已处理 39000000 条 reads...
已处理 40000000 条 reads...
已处理 41000000 条 reads...
已处理 42000000 条 reads...
已处理 43000000 条 reads...
已处理 44000000 条 reads...
已处理 45000000 条 reads...
已处理 46000000 条 reads...
已处理 47000000 条 reads...
已处理 48000000 条 reads...
已处理 49000000 条 reads...
已处理 50000000 条 reads...
已处理 51000000 条 reads...
已处理 52000000 条 reads...
已处理 53000000 条 reads...
已处理 54000000 条 reads...
已处理 55000000 条 reads...
已处理 56000000 条 reads...
已处理 57000000 条 reads...
已处理 58000000 条 reads...
已处理 59000000 条 reads...
已处理 60000000 条 reads...
BAM文件处理完成，正在生成统计报表...
[Wed Nov 26 12:36:20 2025]
Finished job 19.
5 of 48 steps (10%) done
Select jobs to execute...

[Wed Nov 26 12:36:20 2025]
rule dedup:
    input: /datapool/data/Users/zhijian/projects/scumiatac/result/step6_bam_qc/ATACP500_1.finished
    output: /datapool/data/Users/zhijian/projects/scumiatac/result/step7_dedup/ATACP500_1.finished
    jobid: 18
    reason: Missing output files: /datapool/data/Users/zhijian/projects/scumiatac/result/step7_dedup/ATACP500_1.finished; Input files updated by another job: /datapool/data/Users/zhijian/projects/scumiatac/result/step6_bam_qc/ATACP500_1.finished
    wildcards: sample=ATACP500_1
    threads: 8
    resources: tmpdir=/tmp


       
_JAVA_OPTIONS="-Xmx16g" fgbio GroupReadsByUmi --input=/datapool/data/Users/zhijian/projects/scumiatac/result/step6_bam_qc/ATACP500_1.qc.bam --output=/datapool/data/Users/zhijian/projects/scumiatac/result/step6_bam_qc/ATACP500_1.qc.bam.gp.bam                      --strategy=adjacency --edits=1 --min-map-q=20 --threads 8 --family-size-histogram=/datapool/data/Users/zhijian/projects/scumiatac/result/step7_dedup/ATACP500_1.family.txt
__JAVA_OPTIONS="-Xmx16g" fgbio CallMolecularConsensusReads   --input=/datapool/data/Users/zhijian/projects/scumiatac/result/step6_bam_qc/ATACP500_1.qc.bam.gp.bam   --output=/datapool/data/Users/zhijian/projects/scumiatac/result/step7_dedup/ATACP500_1.dedup.bam   --min-reads=5   --min-input-base-quality=20   --threads 8
rm /datapool/data/Users/zhijian/projects/scumiatac/result/step6_bam_qc/ATACP500_1.qc.bam.gp.bam           
touch /datapool/data/Users/zhijian/projects/scumiatac/result/step7_dedup/ATACP500_1.finished
        
Activating conda environment: scumiatac
Picked up _JAVA_OPTIONS: -Xmx16g
Nov 26, 2025 12:36:26 PM com.intel.gkl.NativeLibraryLoader load
INFO: Loading libgkl_compression.so from jar:file:/datapool/data/Users/zhijian/miniconda3/envs/scumiatac/share/fgbio/fgbio.jar!/com/intel/gkl/native/libgkl_compression.so
[2025/11/26 12:36:28 | FgBioMain | Info] Executing GroupReadsByUmi from fgbio version 3.1.0 as zhijian@epilab-gpu on JRE 23.0.2-internal-adhoc.conda.src with snappy, IntelInflater, and IntelDeflater
[2025/11/26 12:36:28 | GroupReadsByUmi | Info] Filtering the input.
[2025/11/26 12:36:28 | GroupReadsByUmi | Info] Sorting the input to TemplateCoordinate order.
[2025/11/26 12:36:32 | GroupReadsByUmi | Info] Sorted     1,000,000 records.  Elapsed time: 00:00:04s.  Time for last 1,000,000:    4s.  Last read position: Chr1B:344,648,854
开始处理文件: /datapool/data/Users/zhijian/projects/scumiatac/result/step5_bwa/ATACP500_2.bwa.bam ...
已处理 1000000 条 reads...
已处理 2000000 条 reads...
已处理 3000000 条 reads...
已处理 4000000 条 reads...
已处理 5000000 条 reads...
已处理 6000000 条 reads...
已处理 7000000 条 reads...
已处理 8000000 条 reads...
已处理 9000000 条 reads...
已处理 10000000 条 reads...
已处理 11000000 条 reads...
已处理 12000000 条 reads...
已处理 13000000 条 reads...
已处理 14000000 条 reads...
已处理 15000000 条 reads...
已处理 16000000 条 reads...
已处理 17000000 条 reads...
已处理 18000000 条 reads...
已处理 19000000 条 reads...
已处理 20000000 条 reads...
已处理 21000000 条 reads...
已处理 22000000 条 reads...
已处理 23000000 条 reads...
已处理 24000000 条 reads...
已处理 25000000 条 reads...
已处理 26000000 条 reads...
已处理 27000000 条 reads...
已处理 28000000 条 reads...
已处理 29000000 条 reads...
已处理 30000000 条 reads...
已处理 31000000 条 reads...
已处理 32000000 条 reads...
已处理 33000000 条 reads...
已处理 34000000 条 reads...
已处理 35000000 条 reads...
已处理 36000000 条 reads...
已处理 37000000 条 reads...
已处理 38000000 条 reads...
已处理 39000000 条 reads...
已处理 40000000 条 reads...
已处理 41000000 条 reads...
已处理 42000000 条 reads...
已处理 43000000 条 reads...
已处理 44000000 条 reads...
已处理 45000000 条 reads...
已处理 46000000 条 reads...
已处理 47000000 条 reads...
已处理 48000000 条 reads...
已处理 49000000 条 reads...
已处理 50000000 条 reads...
已处理 51000000 条 reads...
已处理 52000000 条 reads...
已处理 53000000 条 reads...
已处理 54000000 条 reads...
已处理 55000000 条 reads...
已处理 56000000 条 reads...
已处理 57000000 条 reads...
已处理 58000000 条 reads...
已处理 59000000 条 reads...
已处理 60000000 条 reads...
已处理 61000000 条 reads...
已处理 62000000 条 reads...
已处理 63000000 条 reads...
已处理 64000000 条 reads...
BAM文件处理完成，正在生成统计报表...
[Wed Nov 26 12:36:35 2025]
Finished job 27.
6 of 48 steps (12%) done
Select jobs to execute...

[Wed Nov 26 12:36:35 2025]
rule dedup:
    input: /datapool/data/Users/zhijian/projects/scumiatac/result/step6_bam_qc/ATACP500_2.finished
    output: /datapool/data/Users/zhijian/projects/scumiatac/result/step7_dedup/ATACP500_2.finished
    jobid: 26
    reason: Missing output files: /datapool/data/Users/zhijian/projects/scumiatac/result/step7_dedup/ATACP500_2.finished; Input files updated by another job: /datapool/data/Users/zhijian/projects/scumiatac/result/step6_bam_qc/ATACP500_2.finished
    wildcards: sample=ATACP500_2
    threads: 8
    resources: tmpdir=/tmp


       
_JAVA_OPTIONS="-Xmx16g" fgbio GroupReadsByUmi --input=/datapool/data/Users/zhijian/projects/scumiatac/result/step6_bam_qc/ATACP500_2.qc.bam --output=/datapool/data/Users/zhijian/projects/scumiatac/result/step6_bam_qc/ATACP500_2.qc.bam.gp.bam                      --strategy=adjacency --edits=1 --min-map-q=20 --threads 8 --family-size-histogram=/datapool/data/Users/zhijian/projects/scumiatac/result/step7_dedup/ATACP500_2.family.txt
__JAVA_OPTIONS="-Xmx16g" fgbio CallMolecularConsensusReads   --input=/datapool/data/Users/zhijian/projects/scumiatac/result/step6_bam_qc/ATACP500_2.qc.bam.gp.bam   --output=/datapool/data/Users/zhijian/projects/scumiatac/result/step7_dedup/ATACP500_2.dedup.bam   --min-reads=5   --min-input-base-quality=20   --threads 8
rm /datapool/data/Users/zhijian/projects/scumiatac/result/step6_bam_qc/ATACP500_2.qc.bam.gp.bam           
touch /datapool/data/Users/zhijian/projects/scumiatac/result/step7_dedup/ATACP500_2.finished
        
Activating conda environment: scumiatac
[2025/11/26 12:36:37 | GroupReadsByUmi | Info] Sorted     2,000,000 records.  Elapsed time: 00:00:08s.  Time for last 1,000,000:    4s.  Last read position: Chr1D:331,570,718
Picked up _JAVA_OPTIONS: -Xmx16g
Nov 26, 2025 12:36:39 PM com.intel.gkl.NativeLibraryLoader load
INFO: Loading libgkl_compression.so from jar:file:/datapool/data/Users/zhijian/miniconda3/envs/scumiatac/share/fgbio/fgbio.jar!/com/intel/gkl/native/libgkl_compression.so
[2025/11/26 12:36:41 | FgBioMain | Info] Executing GroupReadsByUmi from fgbio version 3.1.0 as zhijian@epilab-gpu on JRE 23.0.2-internal-adhoc.conda.src with snappy, IntelInflater, and IntelDeflater
[2025/11/26 12:36:41 | GroupReadsByUmi | Info] Filtering the input.
[2025/11/26 12:36:41 | GroupReadsByUmi | Info] Sorting the input to TemplateCoordinate order.
[2025/11/26 12:36:41 | GroupReadsByUmi | Info] Sorted     3,000,000 records.  Elapsed time: 00:00:12s.  Time for last 1,000,000:    4s.  Last read position: Chr2A:550,365,539
[2025/11/26 12:36:45 | GroupReadsByUmi | Info] Sorted     1,000,000 records.  Elapsed time: 00:00:04s.  Time for last 1,000,000:    4s.  Last read position: Chr1B:391,880,744
[2025/11/26 12:36:45 | GroupReadsByUmi | Info] Sorted     4,000,000 records.  Elapsed time: 00:00:17s.  Time for last 1,000,000:    4s.  Last read position: Chr2B:443,433,349
[2025/11/26 12:36:50 | GroupReadsByUmi | Info] Sorted     5,000,000 records.  Elapsed time: 00:00:22s.  Time for last 1,000,000:    4s.  Last read position: Chr2D:337,254,157
[2025/11/26 12:36:50 | GroupReadsByUmi | Info] Sorted     2,000,000 records.  Elapsed time: 00:00:09s.  Time for last 1,000,000:    5s.  Last read position: Chr1D:432,334,293
[2025/11/26 12:36:54 | GroupReadsByUmi | Info] Sorted     6,000,000 records.  Elapsed time: 00:00:25s.  Time for last 1,000,000:    3s.  Last read position: Chr3A:350,020,650
[2025/11/26 12:36:54 | GroupReadsByUmi | Info] Sorted     3,000,000 records.  Elapsed time: 00:00:13s.  Time for last 1,000,000:    3s.  Last read position: Chr2A:706,417,581
[2025/11/26 12:36:58 | GroupReadsByUmi | Info] Sorted     7,000,000 records.  Elapsed time: 00:00:29s.  Time for last 1,000,000:    3s.  Last read position: Chr3B:297,915,250
[2025/11/26 12:36:59 | GroupReadsByUmi | Info] Sorted     4,000,000 records.  Elapsed time: 00:00:17s.  Time for last 1,000,000:    4s.  Last read position: Chr2B:649,800,754
[2025/11/26 12:37:02 | GroupReadsByUmi | Info] Sorted     8,000,000 records.  Elapsed time: 00:00:34s.  Time for last 1,000,000:    4s.  Last read position: Chr3D:68,801,931
[2025/11/26 12:37:03 | GroupReadsByUmi | Info] Sorted     5,000,000 records.  Elapsed time: 00:00:22s.  Time for last 1,000,000:    4s.  Last read position: Chr2D:596,907,191
[2025/11/26 12:37:06 | GroupReadsByUmi | Info] Sorted     9,000,000 records.  Elapsed time: 00:00:38s.  Time for last 1,000,000:    4s.  Last read position: Chr4A:137,441,232
[2025/11/26 12:37:07 | GroupReadsByUmi | Info] Sorted     6,000,000 records.  Elapsed time: 00:00:25s.  Time for last 1,000,000:    3s.  Last read position: Chr3A:630,939,332
[2025/11/26 12:37:10 | GroupReadsByUmi | Info] Sorted     7,000,000 records.  Elapsed time: 00:00:29s.  Time for last 1,000,000:    3s.  Last read position: Chr3B:585,608,263
[2025/11/26 12:37:10 | GroupReadsByUmi | Info] Sorted    10,000,000 records.  Elapsed time: 00:00:42s.  Time for last 1,000,000:    3s.  Last read position: Chr4B:27,922,613
[2025/11/26 12:37:14 | GroupReadsByUmi | Info] Sorted     8,000,000 records.  Elapsed time: 00:00:32s.  Time for last 1,000,000:    3s.  Last read position: Chr3D:452,436,212
[2025/11/26 12:37:14 | GroupReadsByUmi | Info] Sorted    11,000,000 records.  Elapsed time: 00:00:46s.  Time for last 1,000,000:    4s.  Last read position: Chr4B:634,467,126
[2025/11/26 12:37:18 | GroupReadsByUmi | Info] Sorted     9,000,000 records.  Elapsed time: 00:00:36s.  Time for last 1,000,000:    4s.  Last read position: Chr4A:518,458,801
[2025/11/26 12:37:18 | GroupReadsByUmi | Info] Sorted    12,000,000 records.  Elapsed time: 00:00:49s.  Time for last 1,000,000:    3s.  Last read position: Chr5A:87,436,873
[2025/11/26 12:37:21 | GroupReadsByUmi | Info] Sorted    10,000,000 records.  Elapsed time: 00:00:40s.  Time for last 1,000,000:    3s.  Last read position: Chr4B:439,218,507
[2025/11/26 12:37:22 | GroupReadsByUmi | Info] Sorted    13,000,000 records.  Elapsed time: 00:00:53s.  Time for last 1,000,000:    3s.  Last read position: Chr5A:697,370,945
[2025/11/26 12:37:25 | GroupReadsByUmi | Info] Sorted    11,000,000 records.  Elapsed time: 00:00:44s.  Time for last 1,000,000:    3s.  Last read position: Chr4D:419,077,597
[2025/11/26 12:37:26 | GroupReadsByUmi | Info] Sorted    14,000,000 records.  Elapsed time: 00:00:57s.  Time for last 1,000,000:    3s.  Last read position: Chr5B:631,810,762
[2025/11/26 12:37:29 | GroupReadsByUmi | Info] Sorted    12,000,000 records.  Elapsed time: 00:00:47s.  Time for last 1,000,000:    3s.  Last read position: Chr5A:582,757,246
[2025/11/26 12:37:30 | GroupReadsByUmi | Info] Sorted    15,000,000 records.  Elapsed time: 00:01:01s.  Time for last 1,000,000:    3s.  Last read position: Chr5D:563,051,909
[2025/11/26 12:37:32 | GroupReadsByUmi | Info] Sorted    13,000,000 records.  Elapsed time: 00:00:51s.  Time for last 1,000,000:    3s.  Last read position: Chr5B:546,971,985
[2025/11/26 12:37:33 | GroupReadsByUmi | Info] Sorted    16,000,000 records.  Elapsed time: 00:01:05s.  Time for last 1,000,000:    3s.  Last read position: Chr6B:51,021,414
[2025/11/26 12:37:36 | GroupReadsByUmi | Info] Sorted    14,000,000 records.  Elapsed time: 00:00:55s.  Time for last 1,000,000:    3s.  Last read position: Chr5D:546,424,130
[2025/11/26 12:37:37 | GroupReadsByUmi | Info] Sorted    17,000,000 records.  Elapsed time: 00:01:08s.  Time for last 1,000,000:    3s.  Last read position: Chr6D:17,624,331
[2025/11/26 12:37:40 | GroupReadsByUmi | Info] Sorted    15,000,000 records.  Elapsed time: 00:00:58s.  Time for last 1,000,000:    3s.  Last read position: Chr6B:86,999,664
[2025/11/26 12:37:40 | GroupReadsByUmi | Info] Sorted    18,000,000 records.  Elapsed time: 00:01:12s.  Time for last 1,000,000:    3s.  Last read position: Chr7A:196,981,651
[2025/11/26 12:37:43 | GroupReadsByUmi | Info] Sorted    16,000,000 records.  Elapsed time: 00:01:02s.  Time for last 1,000,000:    3s.  Last read position: Chr6D:87,336,547
[2025/11/26 12:37:44 | GroupReadsByUmi | Info] Sorted    19,000,000 records.  Elapsed time: 00:01:16s.  Time for last 1,000,000:    3s.  Last read position: Chr7B:112,076,700
[2025/11/26 12:37:47 | GroupReadsByUmi | Info] Sorted    17,000,000 records.  Elapsed time: 00:01:05s.  Time for last 1,000,000:    3s.  Last read position: Chr7A:331,702,915
[2025/11/26 12:37:48 | GroupReadsByUmi | Info] Sorted    20,000,000 records.  Elapsed time: 00:01:19s.  Time for last 1,000,000:    3s.  Last read position: Chr7B:730,226,123
[2025/11/26 12:37:50 | GroupReadsByUmi | Info] Sorted    18,000,000 records.  Elapsed time: 00:01:09s.  Time for last 1,000,000:    3s.  Last read position: Chr7B:279,671,154
[2025/11/26 12:37:52 | GroupReadsByUmi | Info] Sorted    21,000,000 records.  Elapsed time: 00:01:23s.  Time for last 1,000,000:    3s.  Last read position: Chr7D:625,290,904
[2025/11/26 12:37:54 | GroupReadsByUmi | Info] Sorted    19,000,000 records.  Elapsed time: 00:01:12s.  Time for last 1,000,000:    3s.  Last read position: Chr7D:191,889,773
[2025/11/26 12:37:55 | GroupReadsByUmi | Info] Sorted    22,000,000 records.  Elapsed time: 00:01:27s.  Time for last 1,000,000:    3s.  Last read position: NC_002762.1:11,585
[2025/11/26 12:37:58 | GroupReadsByUmi | Info] Sorted    20,000,000 records.  Elapsed time: 00:01:16s.  Time for last 1,000,000:    3s.  Last read position: NC_002762.1:1,818
[2025/11/26 12:37:58 | GroupReadsByUmi | Info] Sorted    23,000,000 records.  Elapsed time: 00:01:30s.  Time for last 1,000,000:    3s.  Last read position: NC_002762.1:23,264
[2025/11/26 12:38:01 | GroupReadsByUmi | Info] Sorted    21,000,000 records.  Elapsed time: 00:01:19s.  Time for last 1,000,000:    3s.  Last read position: NC_002762.1:11,252
[2025/11/26 12:38:02 | GroupReadsByUmi | Info] Sorted    24,000,000 records.  Elapsed time: 00:01:33s.  Time for last 1,000,000:    3s.  Last read position: NC_002762.1:34,442
[2025/11/26 12:38:03 | GroupReadsByUmi | Info] Sorted    22,000,000 records.  Elapsed time: 00:01:22s.  Time for last 1,000,000:    2s.  Last read position: NC_002762.1:19,436
[2025/11/26 12:38:04 | GroupReadsByUmi | Info] Sorted    25,000,000 records.  Elapsed time: 00:01:36s.  Time for last 1,000,000:    2s.  Last read position: NC_002762.1:46,875
[2025/11/26 12:38:06 | GroupReadsByUmi | Info] Sorted    23,000,000 records.  Elapsed time: 00:01:25s.  Time for last 1,000,000:    2s.  Last read position: NC_002762.1:26,382
[2025/11/26 12:38:07 | GroupReadsByUmi | Info] Sorted    26,000,000 records.  Elapsed time: 00:01:39s.  Time for last 1,000,000:    2s.  Last read position: NC_002762.1:58,178
[2025/11/26 12:38:09 | GroupReadsByUmi | Info] Sorted    24,000,000 records.  Elapsed time: 00:01:28s.  Time for last 1,000,000:    2s.  Last read position: NC_002762.1:33,681
[2025/11/26 12:38:10 | GroupReadsByUmi | Info] Sorted    27,000,000 records.  Elapsed time: 00:01:42s.  Time for last 1,000,000:    3s.  Last read position: NC_002762.1:69,648
[2025/11/26 12:38:12 | GroupReadsByUmi | Info] Sorted    25,000,000 records.  Elapsed time: 00:01:30s.  Time for last 1,000,000:    2s.  Last read position: NC_002762.1:41,953
[2025/11/26 12:38:13 | GroupReadsByUmi | Info] Sorted    28,000,000 records.  Elapsed time: 00:01:45s.  Time for last 1,000,000:    2s.  Last read position: NC_002762.1:102,023
[2025/11/26 12:38:14 | GroupReadsByUmi | Info] Sorted    26,000,000 records.  Elapsed time: 00:01:33s.  Time for last 1,000,000:    2s.  Last read position: NC_002762.1:49,695
[2025/11/26 12:38:16 | GroupReadsByUmi | Info] Sorted    29,000,000 records.  Elapsed time: 00:01:47s.  Time for last 1,000,000:    2s.  Last read position: NC_036024.1:40,064
[2025/11/26 12:38:17 | GroupReadsByUmi | Info] Sorted    27,000,000 records.  Elapsed time: 00:01:36s.  Time for last 1,000,000:    2s.  Last read position: NC_002762.1:57,121
Nov 26, 2025 12:38:18 PM com.intel.gkl.compression.IntelInflater inflate
WARNING: Zero Bytes Written : 0
[2025/11/26 12:38:18 | GroupReadsByUmi | Info] Sorted    29,419,695 records.  Elapsed time: 00:01:49s.  Time for last 419,695:    1s.  Last read position: NC_036024.1:452,471
[2025/11/26 12:38:18 | GroupReadsByUmi | Info] Accepted 29,419,695 SAM records for grouping.
[2025/11/26 12:38:18 | GroupReadsByUmi | Info] Filtered out 15,491,992 SAM records due to mapping issues.
[2025/11/26 12:38:18 | GroupReadsByUmi | Info] Filtered out 0 SAM records that contained one or more Ns in their UMIs.
[2025/11/26 12:38:18 | GroupReadsByUmi | Info] Assigning reads to UMIs and outputting.
[2025/11/26 12:38:18 | FgBioMain | Info] GroupReadsByUmi failed. Elapsed time: 1.87 minutes.
Exception in thread "main" java.lang.IllegalStateException: V350363065L1C003R05201243090:0:0:0:UMI_AACAACACAACACTGAGTGTCAAAAAAT did not have a primary R1 record.
	at com.fulcrumgenomics.umi.GroupReadsByUmi$ReadInfo$.$anonfun$apply$3(GroupReadsByUmi.scala:118)
	at scala.Option.getOrElse(Option.scala:201)
	at com.fulcrumgenomics.umi.GroupReadsByUmi$ReadInfo$.apply(GroupReadsByUmi.scala:118)
	at com.fulcrumgenomics.umi.GroupReadsByUmi.takeNextGroup(GroupReadsByUmi.scala:787)
	at com.fulcrumgenomics.umi.GroupReadsByUmi.execute(GroupReadsByUmi.scala:720)
	at com.fulcrumgenomics.cmdline.FgBioMain.makeItSo(FgBioMain.scala:135)
	at com.fulcrumgenomics.cmdline.FgBioMain.makeItSoAndExit(FgBioMain.scala:100)
	at com.fulcrumgenomics.cmdline.FgBioMain$.main(FgBioMain.scala:51)
	at com.fulcrumgenomics.cmdline.FgBioMain.main(FgBioMain.scala)
[Wed Nov 26 12:38:18 2025]
Error in rule dedup:
    jobid: 18
    input: /datapool/data/Users/zhijian/projects/scumiatac/result/step6_bam_qc/ATACP500_1.finished
    output: /datapool/data/Users/zhijian/projects/scumiatac/result/step7_dedup/ATACP500_1.finished
    conda-env: scumiatac
    shell:
        
       
_JAVA_OPTIONS="-Xmx16g" fgbio GroupReadsByUmi --input=/datapool/data/Users/zhijian/projects/scumiatac/result/step6_bam_qc/ATACP500_1.qc.bam --output=/datapool/data/Users/zhijian/projects/scumiatac/result/step6_bam_qc/ATACP500_1.qc.bam.gp.bam                      --strategy=adjacency --edits=1 --min-map-q=20 --threads 8 --family-size-histogram=/datapool/data/Users/zhijian/projects/scumiatac/result/step7_dedup/ATACP500_1.family.txt
__JAVA_OPTIONS="-Xmx16g" fgbio CallMolecularConsensusReads   --input=/datapool/data/Users/zhijian/projects/scumiatac/result/step6_bam_qc/ATACP500_1.qc.bam.gp.bam   --output=/datapool/data/Users/zhijian/projects/scumiatac/result/step7_dedup/ATACP500_1.dedup.bam   --min-reads=5   --min-input-base-quality=20   --threads 8
rm /datapool/data/Users/zhijian/projects/scumiatac/result/step6_bam_qc/ATACP500_1.qc.bam.gp.bam           
touch /datapool/data/Users/zhijian/projects/scumiatac/result/step7_dedup/ATACP500_1.finished
        
        (one of the commands exited with non-zero exit code; note that snakemake uses bash strict mode!)

[2025/11/26 12:38:20 | GroupReadsByUmi | Info] Sorted    28,000,000 records.  Elapsed time: 00:01:38s.  Time for last 1,000,000:    2s.  Last read position: NC_002762.1:64,665
[2025/11/26 12:38:22 | GroupReadsByUmi | Info] Sorted    29,000,000 records.  Elapsed time: 00:01:41s.  Time for last 1,000,000:    2s.  Last read position: NC_002762.1:71,981
[2025/11/26 12:38:25 | GroupReadsByUmi | Info] Sorted    30,000,000 records.  Elapsed time: 00:01:44s.  Time for last 1,000,000:    2s.  Last read position: NC_002762.1:79,596
[2025/11/26 12:38:28 | GroupReadsByUmi | Info] Sorted    31,000,000 records.  Elapsed time: 00:01:47s.  Time for last 1,000,000:    2s.  Last read position: NC_002762.1:108,469
[2025/11/26 12:38:31 | GroupReadsByUmi | Info] Sorted    32,000,000 records.  Elapsed time: 00:01:50s.  Time for last 1,000,000:    2s.  Last read position: NC_036024.1:241,926
Nov 26, 2025 12:38:32 PM com.intel.gkl.compression.IntelInflater inflate
WARNING: Zero Bytes Written : 0
[2025/11/26 12:38:32 | GroupReadsByUmi | Info] Sorted    32,359,427 records.  Elapsed time: 00:01:51s.  Time for last 359,427:    1s.  Last read position: NC_036024.1:452,477
[2025/11/26 12:38:33 | GroupReadsByUmi | Info] Accepted 32,359,427 SAM records for grouping.
[2025/11/26 12:38:33 | GroupReadsByUmi | Info] Filtered out 14,050,777 SAM records due to mapping issues.
[2025/11/26 12:38:33 | GroupReadsByUmi | Info] Filtered out 0 SAM records that contained one or more Ns in their UMIs.
[2025/11/26 12:38:33 | GroupReadsByUmi | Info] Assigning reads to UMIs and outputting.
[2025/11/26 12:38:33 | FgBioMain | Info] GroupReadsByUmi failed. Elapsed time: 1.89 minutes.
Exception in thread "main" java.lang.IllegalStateException: V350363065L1C002R02000458686:0:0:0:UMI_AACAACACAACACTGAGCCCACTAAGTT did not have a primary R1 record.
	at com.fulcrumgenomics.umi.GroupReadsByUmi$ReadInfo$.$anonfun$apply$3(GroupReadsByUmi.scala:118)
	at scala.Option.getOrElse(Option.scala:201)
	at com.fulcrumgenomics.umi.GroupReadsByUmi$ReadInfo$.apply(GroupReadsByUmi.scala:118)
	at com.fulcrumgenomics.umi.GroupReadsByUmi.takeNextGroup(GroupReadsByUmi.scala:787)
	at com.fulcrumgenomics.umi.GroupReadsByUmi.execute(GroupReadsByUmi.scala:720)
	at com.fulcrumgenomics.cmdline.FgBioMain.makeItSo(FgBioMain.scala:135)
	at com.fulcrumgenomics.cmdline.FgBioMain.makeItSoAndExit(FgBioMain.scala:100)
	at com.fulcrumgenomics.cmdline.FgBioMain$.main(FgBioMain.scala:51)
	at com.fulcrumgenomics.cmdline.FgBioMain.main(FgBioMain.scala)
[Wed Nov 26 12:38:33 2025]
Error in rule dedup:
    jobid: 26
    input: /datapool/data/Users/zhijian/projects/scumiatac/result/step6_bam_qc/ATACP500_2.finished
    output: /datapool/data/Users/zhijian/projects/scumiatac/result/step7_dedup/ATACP500_2.finished
    conda-env: scumiatac
    shell:
        
       
_JAVA_OPTIONS="-Xmx16g" fgbio GroupReadsByUmi --input=/datapool/data/Users/zhijian/projects/scumiatac/result/step6_bam_qc/ATACP500_2.qc.bam --output=/datapool/data/Users/zhijian/projects/scumiatac/result/step6_bam_qc/ATACP500_2.qc.bam.gp.bam                      --strategy=adjacency --edits=1 --min-map-q=20 --threads 8 --family-size-histogram=/datapool/data/Users/zhijian/projects/scumiatac/result/step7_dedup/ATACP500_2.family.txt
__JAVA_OPTIONS="-Xmx16g" fgbio CallMolecularConsensusReads   --input=/datapool/data/Users/zhijian/projects/scumiatac/result/step6_bam_qc/ATACP500_2.qc.bam.gp.bam   --output=/datapool/data/Users/zhijian/projects/scumiatac/result/step7_dedup/ATACP500_2.dedup.bam   --min-reads=5   --min-input-base-quality=20   --threads 8
rm /datapool/data/Users/zhijian/projects/scumiatac/result/step6_bam_qc/ATACP500_2.qc.bam.gp.bam           
touch /datapool/data/Users/zhijian/projects/scumiatac/result/step7_dedup/ATACP500_2.finished
        
        (one of the commands exited with non-zero exit code; note that snakemake uses bash strict mode!)

开始处理文件: /datapool/data/Users/zhijian/projects/scumiatac/result/step5_bwa/ATACP1000_1.bwa.bam ...
已处理 1000000 条 reads...
已处理 2000000 条 reads...
已处理 3000000 条 reads...
已处理 4000000 条 reads...
已处理 5000000 条 reads...
已处理 6000000 条 reads...
已处理 7000000 条 reads...
已处理 8000000 条 reads...
已处理 9000000 条 reads...
已处理 10000000 条 reads...
已处理 11000000 条 reads...
已处理 12000000 条 reads...
已处理 13000000 条 reads...
已处理 14000000 条 reads...
已处理 15000000 条 reads...
已处理 16000000 条 reads...
已处理 17000000 条 reads...
已处理 18000000 条 reads...
已处理 19000000 条 reads...
已处理 20000000 条 reads...
已处理 21000000 条 reads...
已处理 22000000 条 reads...
已处理 23000000 条 reads...
已处理 24000000 条 reads...
已处理 25000000 条 reads...
已处理 26000000 条 reads...
已处理 27000000 条 reads...
已处理 28000000 条 reads...
已处理 29000000 条 reads...
已处理 30000000 条 reads...
已处理 31000000 条 reads...
已处理 32000000 条 reads...
已处理 33000000 条 reads...
已处理 34000000 条 reads...
已处理 35000000 条 reads...
已处理 36000000 条 reads...
已处理 37000000 条 reads...
已处理 38000000 条 reads...
已处理 39000000 条 reads...
已处理 40000000 条 reads...
已处理 41000000 条 reads...
已处理 42000000 条 reads...
已处理 43000000 条 reads...
已处理 44000000 条 reads...
已处理 45000000 条 reads...
已处理 46000000 条 reads...
已处理 47000000 条 reads...
已处理 48000000 条 reads...
已处理 49000000 条 reads...
已处理 50000000 条 reads...
已处理 51000000 条 reads...
已处理 52000000 条 reads...
已处理 53000000 条 reads...
已处理 54000000 条 reads...
已处理 55000000 条 reads...
已处理 56000000 条 reads...
已处理 57000000 条 reads...
已处理 58000000 条 reads...
已处理 59000000 条 reads...
已处理 60000000 条 reads...
已处理 61000000 条 reads...
已处理 62000000 条 reads...
已处理 63000000 条 reads...
已处理 64000000 条 reads...
已处理 65000000 条 reads...
已处理 66000000 条 reads...
已处理 67000000 条 reads...
已处理 68000000 条 reads...
已处理 69000000 条 reads...
已处理 70000000 条 reads...
已处理 71000000 条 reads...
已处理 72000000 条 reads...
已处理 73000000 条 reads...
已处理 74000000 条 reads...
已处理 75000000 条 reads...
已处理 76000000 条 reads...
已处理 77000000 条 reads...
BAM文件处理完成，正在生成统计报表...
[Wed Nov 26 12:39:04 2025]
Finished job 3.
7 of 48 steps (15%) done
开始处理文件: /datapool/data/Users/zhijian/projects/scumiatac/result/step5_bwa/ATACP1000_2.bwa.bam ...
已处理 1000000 条 reads...
已处理 2000000 条 reads...
已处理 3000000 条 reads...
已处理 4000000 条 reads...
已处理 5000000 条 reads...
已处理 6000000 条 reads...
已处理 7000000 条 reads...
已处理 8000000 条 reads...
已处理 9000000 条 reads...
已处理 10000000 条 reads...
已处理 11000000 条 reads...
已处理 12000000 条 reads...
已处理 13000000 条 reads...
已处理 14000000 条 reads...
已处理 15000000 条 reads...
已处理 16000000 条 reads...
已处理 17000000 条 reads...
已处理 18000000 条 reads...
已处理 19000000 条 reads...
已处理 20000000 条 reads...
已处理 21000000 条 reads...
已处理 22000000 条 reads...
已处理 23000000 条 reads...
已处理 24000000 条 reads...
已处理 25000000 条 reads...
已处理 26000000 条 reads...
已处理 27000000 条 reads...
已处理 28000000 条 reads...
已处理 29000000 条 reads...
已处理 30000000 条 reads...
已处理 31000000 条 reads...
已处理 32000000 条 reads...
已处理 33000000 条 reads...
已处理 34000000 条 reads...
已处理 35000000 条 reads...
已处理 36000000 条 reads...
已处理 37000000 条 reads...
已处理 38000000 条 reads...
已处理 39000000 条 reads...
已处理 40000000 条 reads...
已处理 41000000 条 reads...
已处理 42000000 条 reads...
已处理 43000000 条 reads...
已处理 44000000 条 reads...
已处理 45000000 条 reads...
已处理 46000000 条 reads...
已处理 47000000 条 reads...
已处理 48000000 条 reads...
已处理 49000000 条 reads...
已处理 50000000 条 reads...
已处理 51000000 条 reads...
已处理 52000000 条 reads...
已处理 53000000 条 reads...
已处理 54000000 条 reads...
已处理 55000000 条 reads...
已处理 56000000 条 reads...
已处理 57000000 条 reads...
已处理 58000000 条 reads...
已处理 59000000 条 reads...
已处理 60000000 条 reads...
已处理 61000000 条 reads...
已处理 62000000 条 reads...
已处理 63000000 条 reads...
已处理 64000000 条 reads...
已处理 65000000 条 reads...
已处理 66000000 条 reads...
已处理 67000000 条 reads...
已处理 68000000 条 reads...
已处理 69000000 条 reads...
已处理 70000000 条 reads...
已处理 71000000 条 reads...
已处理 72000000 条 reads...
已处理 73000000 条 reads...
已处理 74000000 条 reads...
已处理 75000000 条 reads...
已处理 76000000 条 reads...
已处理 77000000 条 reads...
已处理 78000000 条 reads...
已处理 79000000 条 reads...
已处理 80000000 条 reads...
BAM文件处理完成，正在生成统计报表...
[Wed Nov 26 12:39:17 2025]
Finished job 11.
8 of 48 steps (17%) done
Read1 before filtering:
total reads: 167934932
total bases: 25190239800
Q20 bases: 24045947035(95.4574%)
Q30 bases: 22107788532(87.7633%)
Q40 bases: 0(0%)

Read2 before filtering:
total reads: 167934932
total bases: 25190239800
Q20 bases: 24680109903(97.9749%)
Q30 bases: 23613256450(93.7397%)
Q40 bases: 0(0%)

Read1 after filtering:
total reads: 167934932
total bases: 25190239800
Q20 bases: 24045947035(95.4574%)
Q30 bases: 22107788532(87.7633%)
Q40 bases: 0(0%)

Read2 after filtering:
total reads: 167934932
total bases: 25190239800
Q20 bases: 24680109903(97.9749%)
Q30 bases: 23613256450(93.7397%)
Q40 bases: 0(0%)

Filtering result:
reads passed filter: 335869864
reads failed due to low quality: 0
reads failed due to too many N: 0

Duplication rate: 2.41642%

Insert size peak (evaluated by paired-end reads): 114

JSON report: /datapool/data/Users/zhijian/projects/scumiatac/result_lambda/step2_qc/lDNAATAC_2.fastp.json
HTML report: /datapool/data/Users/zhijian/projects/scumiatac/result_lambda/step2_qc/lDNAATAC_2.fastp.html

fastp -i /datapool/data/Users/zhijian/projects/scumiatac/result_lambda/step1_concat_fastq/lDNAATAC_2.R1.fastq.gz -I /datapool/data/Users/zhijian/projects/scumiatac/result_lambda/step1_concat_fastq/lDNAATAC_2.R2.fastq.gz -o /datapool/data/Users/zhijian/projects/scumiatac/result_lambda/step2_qc/lDNAATAC_2.R1_qc.fastq.gz -O /datapool/data/Users/zhijian/projects/scumiatac/result_lambda/step2_qc/lDNAATAC_2.R2_qc.fastq.gz --html /datapool/data/Users/zhijian/projects/scumiatac/result_lambda/step2_qc/lDNAATAC_2.fastp.html --json /datapool/data/Users/zhijian/projects/scumiatac/result_lambda/step2_qc/lDNAATAC_2.fastp.json --thread 4 -Q -L -A 
fastp v1.0.1, time used: 525 seconds
[Wed Nov 26 12:43:43 2025]
Finished job 15.
3 of 17 steps (18%) done
Select jobs to execute...

[Wed Nov 26 12:43:43 2025]
rule umi:
    input: /datapool/data/Users/zhijian/projects/scumiatac/result_lambda/step2_qc/lDNAATAC_2.finished
    output: /datapool/data/Users/zhijian/projects/scumiatac/result_lambda/step3_umi/lDNAATAC_2.finished
    jobid: 14
    reason: Missing output files: /datapool/data/Users/zhijian/projects/scumiatac/result_lambda/step3_umi/lDNAATAC_2.finished; Input files updated by another job: /datapool/data/Users/zhijian/projects/scumiatac/result_lambda/step2_qc/lDNAATAC_2.finished
    wildcards: sample=lDNAATAC_2
    resources: tmpdir=/tmp


umi_tools extract --extract-method=string --bc-pattern='CCCCCCCCNNNNNN' --bc-pattern2='CCCCCCCCNNNNNN'     -I /datapool/data/Users/zhijian/projects/scumiatac/result_lambda/step2_qc/lDNAATAC_2.R1_qc.fastq.gz -S /datapool/data/Users/zhijian/projects/scumiatac/result_lambda/step3_umi/lDNAATAC_2.R1_umi.fastq.gz --quality-filter-threshold=20 --quality-encoding='phred33'         --read2-in=/datapool/data/Users/zhijian/projects/scumiatac/result_lambda/step2_qc/lDNAATAC_2.R2_qc.fastq.gz  --read2-out=/datapool/data/Users/zhijian/projects/scumiatac/result_lambda/step3_umi/lDNAATAC_2.R2_umi.fastq.gz              -L /datapool/data/Users/zhijian/projects/scumiatac/result_lambda/step3_umi/lDNAATAC_2.umi.log -E /datapool/data/Users/zhijian/projects/scumiatac/result_lambda/step3_umi/lDNAATAC_2.umi.error --temp-dir=lDNAATAC_2_umi_tempdir/ && rm /datapool/data/Users/zhijian/projects/scumiatac/result_lambda/step2_qc/lDNAATAC_2.R1_qc.fastq.gz /datapool/data/Users/zhijian/projects/scumiatac/result_lambda/step2_qc/lDNAATAC_2.R2_qc.fastq.gz
touch /datapool/data/Users/zhijian/projects/scumiatac/result_lambda/step3_umi/lDNAATAC_2.finished
        
Read1 before filtering:
total reads: 299554722
total bases: 44933208300
Q20 bases: 44234784577(98.4456%)
Q30 bases: 42607194886(94.8234%)
Q40 bases: 0(0%)

Read2 before filtering:
total reads: 299554722
total bases: 44933208300
Q20 bases: 44609964456(99.2806%)
Q30 bases: 43800751960(97.4797%)
Q40 bases: 0(0%)

Read1 after filtering:
total reads: 299554722
total bases: 44933208300
Q20 bases: 44234784577(98.4456%)
Q30 bases: 42607194886(94.8234%)
Q40 bases: 0(0%)

Read2 after filtering:
total reads: 299554722
total bases: 44933208300
Q20 bases: 44609964456(99.2806%)
Q30 bases: 43800751960(97.4797%)
Q40 bases: 0(0%)

Filtering result:
reads passed filter: 599109444
reads failed due to low quality: 0
reads failed due to too many N: 0

Duplication rate: 57.9749%

Insert size peak (evaluated by paired-end reads): 122

JSON report: /datapool/data/Users/zhijian/projects/scumiatac/result/step2_qc/ATAC_LESS_CYCLE_WT_2.fastp.json
HTML report: /datapool/data/Users/zhijian/projects/scumiatac/result/step2_qc/ATAC_LESS_CYCLE_WT_2.fastp.html

fastp -i /datapool/data/Users/zhijian/projects/scumiatac/result/step1_concat_fastq/ATAC_LESS_CYCLE_WT_2.R1.fastq.gz -I /datapool/data/Users/zhijian/projects/scumiatac/result/step1_concat_fastq/ATAC_LESS_CYCLE_WT_2.R2.fastq.gz -o /datapool/data/Users/zhijian/projects/scumiatac/result/step2_qc/ATAC_LESS_CYCLE_WT_2.R1_qc.fastq.gz -O /datapool/data/Users/zhijian/projects/scumiatac/result/step2_qc/ATAC_LESS_CYCLE_WT_2.R2_qc.fastq.gz --html /datapool/data/Users/zhijian/projects/scumiatac/result/step2_qc/ATAC_LESS_CYCLE_WT_2.fastp.html --json /datapool/data/Users/zhijian/projects/scumiatac/result/step2_qc/ATAC_LESS_CYCLE_WT_2.fastp.json --thread 4 -Q -L -A 
fastp v1.0.1, time used: 839 seconds
[Wed Nov 26 12:43:47 2025]
Finished job 71.
9 of 48 steps (19%) done
Read1 before filtering:
total reads: 198554616
total bases: 29783192400
Q20 bases: 28533588177(95.8043%)
Q30 bases: 26387142395(88.5974%)
Q40 bases: 0(0%)

Read2 before filtering:
total reads: 198554616
total bases: 29783192400
Q20 bases: 29131490613(97.8118%)
Q30 bases: 27781745752(93.2799%)
Q40 bases: 0(0%)

Read1 after filtering:
total reads: 198554616
total bases: 29783192400
Q20 bases: 28533588177(95.8043%)
Q30 bases: 26387142395(88.5974%)
Q40 bases: 0(0%)

Read2 after filtering:
total reads: 198554616
total bases: 29783192400
Q20 bases: 29131490613(97.8118%)
Q30 bases: 27781745752(93.2799%)
Q40 bases: 0(0%)

Filtering result:
reads passed filter: 397109232
reads failed due to low quality: 0
reads failed due to too many N: 0

Duplication rate: 2.66455%

Insert size peak (evaluated by paired-end reads): 114

JSON report: /datapool/data/Users/zhijian/projects/scumiatac/result_lambda/step2_qc/lDNAATAC_1.fastp.json
HTML report: /datapool/data/Users/zhijian/projects/scumiatac/result_lambda/step2_qc/lDNAATAC_1.fastp.html

fastp -i /datapool/data/Users/zhijian/projects/scumiatac/result_lambda/step1_concat_fastq/lDNAATAC_1.R1.fastq.gz -I /datapool/data/Users/zhijian/projects/scumiatac/result_lambda/step1_concat_fastq/lDNAATAC_1.R2.fastq.gz -o /datapool/data/Users/zhijian/projects/scumiatac/result_lambda/step2_qc/lDNAATAC_1.R1_qc.fastq.gz -O /datapool/data/Users/zhijian/projects/scumiatac/result_lambda/step2_qc/lDNAATAC_1.R2_qc.fastq.gz --html /datapool/data/Users/zhijian/projects/scumiatac/result_lambda/step2_qc/lDNAATAC_1.fastp.html --json /datapool/data/Users/zhijian/projects/scumiatac/result_lambda/step2_qc/lDNAATAC_1.fastp.json --thread 4 -Q -L -A 
fastp v1.0.1, time used: 590 seconds
[Wed Nov 26 12:44:52 2025]
Finished job 7.
4 of 17 steps (24%) done
Select jobs to execute...

[Wed Nov 26 12:44:52 2025]
rule umi:
    input: /datapool/data/Users/zhijian/projects/scumiatac/result_lambda/step2_qc/lDNAATAC_1.finished
    output: /datapool/data/Users/zhijian/projects/scumiatac/result_lambda/step3_umi/lDNAATAC_1.finished
    jobid: 6
    reason: Missing output files: /datapool/data/Users/zhijian/projects/scumiatac/result_lambda/step3_umi/lDNAATAC_1.finished; Input files updated by another job: /datapool/data/Users/zhijian/projects/scumiatac/result_lambda/step2_qc/lDNAATAC_1.finished
    wildcards: sample=lDNAATAC_1
    resources: tmpdir=/tmp


umi_tools extract --extract-method=string --bc-pattern='CCCCCCCCNNNNNN' --bc-pattern2='CCCCCCCCNNNNNN'     -I /datapool/data/Users/zhijian/projects/scumiatac/result_lambda/step2_qc/lDNAATAC_1.R1_qc.fastq.gz -S /datapool/data/Users/zhijian/projects/scumiatac/result_lambda/step3_umi/lDNAATAC_1.R1_umi.fastq.gz --quality-filter-threshold=20 --quality-encoding='phred33'         --read2-in=/datapool/data/Users/zhijian/projects/scumiatac/result_lambda/step2_qc/lDNAATAC_1.R2_qc.fastq.gz  --read2-out=/datapool/data/Users/zhijian/projects/scumiatac/result_lambda/step3_umi/lDNAATAC_1.R2_umi.fastq.gz              -L /datapool/data/Users/zhijian/projects/scumiatac/result_lambda/step3_umi/lDNAATAC_1.umi.log -E /datapool/data/Users/zhijian/projects/scumiatac/result_lambda/step3_umi/lDNAATAC_1.umi.error --temp-dir=lDNAATAC_1_umi_tempdir/ && rm /datapool/data/Users/zhijian/projects/scumiatac/result_lambda/step2_qc/lDNAATAC_1.R1_qc.fastq.gz /datapool/data/Users/zhijian/projects/scumiatac/result_lambda/step2_qc/lDNAATAC_1.R2_qc.fastq.gz
touch /datapool/data/Users/zhijian/projects/scumiatac/result_lambda/step3_umi/lDNAATAC_1.finished
        
Read1 before filtering:
total reads: 362527658
total bases: 54379148700
Q20 bases: 53766456922(98.8733%)
Q30 bases: 52391135151(96.3442%)
Q40 bases: 0(0%)

Read2 before filtering:
total reads: 362527658
total bases: 54379148700
Q20 bases: 53935864366(99.1848%)
Q30 bases: 52955104842(97.3813%)
Q40 bases: 0(0%)

Read1 after filtering:
total reads: 362527658
total bases: 54379148700
Q20 bases: 53766456922(98.8733%)
Q30 bases: 52391135151(96.3442%)
Q40 bases: 0(0%)

Read2 after filtering:
total reads: 362527658
total bases: 54379148700
Q20 bases: 53935864366(99.1848%)
Q30 bases: 52955104842(97.3813%)
Q40 bases: 0(0%)

Filtering result:
reads passed filter: 725055316
reads failed due to low quality: 0
reads failed due to too many N: 0

Duplication rate: 66.307%

Insert size peak (evaluated by paired-end reads): 130

JSON report: /datapool/data/Users/zhijian/projects/scumiatac/result/step2_qc/ATAC_MORE_CYCLE_WT_2.fastp.json
HTML report: /datapool/data/Users/zhijian/projects/scumiatac/result/step2_qc/ATAC_MORE_CYCLE_WT_2.fastp.html

fastp -i /datapool/data/Users/zhijian/projects/scumiatac/result/step1_concat_fastq/ATAC_MORE_CYCLE_WT_2.R1.fastq.gz -I /datapool/data/Users/zhijian/projects/scumiatac/result/step1_concat_fastq/ATAC_MORE_CYCLE_WT_2.R2.fastq.gz -o /datapool/data/Users/zhijian/projects/scumiatac/result/step2_qc/ATAC_MORE_CYCLE_WT_2.R1_qc.fastq.gz -O /datapool/data/Users/zhijian/projects/scumiatac/result/step2_qc/ATAC_MORE_CYCLE_WT_2.R2_qc.fastq.gz --html /datapool/data/Users/zhijian/projects/scumiatac/result/step2_qc/ATAC_MORE_CYCLE_WT_2.fastp.html --json /datapool/data/Users/zhijian/projects/scumiatac/result/step2_qc/ATAC_MORE_CYCLE_WT_2.fastp.json --thread 4 -Q -L -A 
fastp v1.0.1, time used: 1013 seconds
[Wed Nov 26 12:47:04 2025]
Finished job 55.
10 of 48 steps (21%) done
Read1 before filtering:
total reads: 370773668
total bases: 55616050200
Q20 bases: 54586003334(98.1479%)
Q30 bases: 52210614679(93.8769%)
Q40 bases: 0(0%)

Read2 before filtering:
total reads: 370773668
total bases: 55616050200
Q20 bases: 55133255731(99.1319%)
Q30 bases: 53924603215(96.9587%)
Q40 bases: 0(0%)

Read1 after filtering:
total reads: 370773668
total bases: 55616050200
Q20 bases: 54586003334(98.1479%)
Q30 bases: 52210614679(93.8769%)
Q40 bases: 0(0%)

Read2 after filtering:
total reads: 370773668
total bases: 55616050200
Q20 bases: 55133255731(99.1319%)
Q30 bases: 53924603215(96.9587%)
Q40 bases: 0(0%)

Filtering result:
reads passed filter: 741547336
reads failed due to low quality: 0
reads failed due to too many N: 0

Duplication rate: 71.5648%

Insert size peak (evaluated by paired-end reads): 122

JSON report: /datapool/data/Users/zhijian/projects/scumiatac/result/step2_qc/ATAC_LESS_CYCLE_WT_1.fastp.json
HTML report: /datapool/data/Users/zhijian/projects/scumiatac/result/step2_qc/ATAC_LESS_CYCLE_WT_1.fastp.html

fastp -i /datapool/data/Users/zhijian/projects/scumiatac/result/step1_concat_fastq/ATAC_LESS_CYCLE_WT_1.R1.fastq.gz -I /datapool/data/Users/zhijian/projects/scumiatac/result/step1_concat_fastq/ATAC_LESS_CYCLE_WT_1.R2.fastq.gz -o /datapool/data/Users/zhijian/projects/scumiatac/result/step2_qc/ATAC_LESS_CYCLE_WT_1.R1_qc.fastq.gz -O /datapool/data/Users/zhijian/projects/scumiatac/result/step2_qc/ATAC_LESS_CYCLE_WT_1.R2_qc.fastq.gz --html /datapool/data/Users/zhijian/projects/scumiatac/result/step2_qc/ATAC_LESS_CYCLE_WT_1.fastp.html --json /datapool/data/Users/zhijian/projects/scumiatac/result/step2_qc/ATAC_LESS_CYCLE_WT_1.fastp.json --thread 4 -Q -L -A 
fastp v1.0.1, time used: 1039 seconds
[Wed Nov 26 12:47:30 2025]
Finished job 63.
11 of 48 steps (23%) done
开始处理文件: /datapool/data/Users/zhijian/projects/scumiatac/result/step5_bwa/ATACSC.bwa.bam ...
已处理 1000000 条 reads...
已处理 2000000 条 reads...
已处理 3000000 条 reads...
已处理 4000000 条 reads...
已处理 5000000 条 reads...
已处理 6000000 条 reads...
已处理 7000000 条 reads...
已处理 8000000 条 reads...
已处理 9000000 条 reads...
已处理 10000000 条 reads...
已处理 11000000 条 reads...
已处理 12000000 条 reads...
已处理 13000000 条 reads...
已处理 14000000 条 reads...
已处理 15000000 条 reads...
已处理 16000000 条 reads...
已处理 17000000 条 reads...
已处理 18000000 条 reads...
已处理 19000000 条 reads...
已处理 20000000 条 reads...
已处理 21000000 条 reads...
已处理 22000000 条 reads...
已处理 23000000 条 reads...
已处理 24000000 条 reads...
已处理 25000000 条 reads...
已处理 26000000 条 reads...
已处理 27000000 条 reads...
已处理 28000000 条 reads...
已处理 29000000 条 reads...
已处理 30000000 条 reads...
已处理 31000000 条 reads...
已处理 32000000 条 reads...
已处理 33000000 条 reads...
已处理 34000000 条 reads...
已处理 35000000 条 reads...
已处理 36000000 条 reads...
已处理 37000000 条 reads...
已处理 38000000 条 reads...
已处理 39000000 条 reads...
已处理 40000000 条 reads...
已处理 41000000 条 reads...
已处理 42000000 条 reads...
已处理 43000000 条 reads...
已处理 44000000 条 reads...
已处理 45000000 条 reads...
已处理 46000000 条 reads...
已处理 47000000 条 reads...
已处理 48000000 条 reads...
已处理 49000000 条 reads...
已处理 50000000 条 reads...
已处理 51000000 条 reads...
已处理 52000000 条 reads...
已处理 53000000 条 reads...
已处理 54000000 条 reads...
已处理 55000000 条 reads...
已处理 56000000 条 reads...
已处理 57000000 条 reads...
已处理 58000000 条 reads...
已处理 59000000 条 reads...
已处理 60000000 条 reads...
已处理 61000000 条 reads...
已处理 62000000 条 reads...
已处理 63000000 条 reads...
已处理 64000000 条 reads...
已处理 65000000 条 reads...
已处理 66000000 条 reads...
已处理 67000000 条 reads...
已处理 68000000 条 reads...
已处理 69000000 条 reads...
已处理 70000000 条 reads...
已处理 71000000 条 reads...
已处理 72000000 条 reads...
已处理 73000000 条 reads...
已处理 74000000 条 reads...
已处理 75000000 条 reads...
已处理 76000000 条 reads...
已处理 77000000 条 reads...
已处理 78000000 条 reads...
已处理 79000000 条 reads...
已处理 80000000 条 reads...
已处理 81000000 条 reads...
已处理 82000000 条 reads...
已处理 83000000 条 reads...
已处理 84000000 条 reads...
已处理 85000000 条 reads...
已处理 86000000 条 reads...
已处理 87000000 条 reads...
已处理 88000000 条 reads...
已处理 89000000 条 reads...
已处理 90000000 条 reads...
已处理 91000000 条 reads...
已处理 92000000 条 reads...
已处理 93000000 条 reads...
已处理 94000000 条 reads...
已处理 95000000 条 reads...
已处理 96000000 条 reads...
已处理 97000000 条 reads...
已处理 98000000 条 reads...
已处理 99000000 条 reads...
已处理 100000000 条 reads...
已处理 101000000 条 reads...
已处理 102000000 条 reads...
已处理 103000000 条 reads...
已处理 104000000 条 reads...
已处理 105000000 条 reads...
已处理 106000000 条 reads...
已处理 107000000 条 reads...
已处理 108000000 条 reads...
已处理 109000000 条 reads...
已处理 110000000 条 reads...
已处理 111000000 条 reads...
已处理 112000000 条 reads...
已处理 113000000 条 reads...
已处理 114000000 条 reads...
已处理 115000000 条 reads...
已处理 116000000 条 reads...
已处理 117000000 条 reads...
已处理 118000000 条 reads...
已处理 119000000 条 reads...
已处理 120000000 条 reads...
已处理 121000000 条 reads...
已处理 122000000 条 reads...
已处理 123000000 条 reads...
已处理 124000000 条 reads...
已处理 125000000 条 reads...
已处理 126000000 条 reads...
已处理 127000000 条 reads...
已处理 128000000 条 reads...
已处理 129000000 条 reads...
已处理 130000000 条 reads...
已处理 131000000 条 reads...
已处理 132000000 条 reads...
已处理 133000000 条 reads...
已处理 134000000 条 reads...
已处理 135000000 条 reads...
已处理 136000000 条 reads...
已处理 137000000 条 reads...
已处理 138000000 条 reads...
已处理 139000000 条 reads...
已处理 140000000 条 reads...
已处理 141000000 条 reads...
BAM文件处理完成，正在生成统计报表...
[Wed Nov 26 12:47:37 2025]
Finished job 35.
12 of 48 steps (25%) done
Read1 before filtering:
total reads: 388091078
total bases: 58213661700
Q20 bases: 57618832769(98.9782%)
Q30 bases: 56270891732(96.6627%)
Q40 bases: 0(0%)

Read2 before filtering:
total reads: 388091078
total bases: 58213661700
Q20 bases: 57835660636(99.3507%)
Q30 bases: 56957934855(97.8429%)
Q40 bases: 0(0%)

Read1 after filtering:
total reads: 388091078
total bases: 58213661700
Q20 bases: 57618832769(98.9782%)
Q30 bases: 56270891732(96.6627%)
Q40 bases: 0(0%)

Read2 after filtering:
total reads: 388091078
total bases: 58213661700
Q20 bases: 57835660636(99.3507%)
Q30 bases: 56957934855(97.8429%)
Q40 bases: 0(0%)

Filtering result:
reads passed filter: 776182156
reads failed due to low quality: 0
reads failed due to too many N: 0

Duplication rate: 83.2268%

Insert size peak (evaluated by paired-end reads): 120

JSON report: /datapool/data/Users/zhijian/projects/scumiatac/result/step2_qc/ATAC_MORE_CYCLE_WT_1.fastp.json
HTML report: /datapool/data/Users/zhijian/projects/scumiatac/result/step2_qc/ATAC_MORE_CYCLE_WT_1.fastp.html

fastp -i /datapool/data/Users/zhijian/projects/scumiatac/result/step1_concat_fastq/ATAC_MORE_CYCLE_WT_1.R1.fastq.gz -I /datapool/data/Users/zhijian/projects/scumiatac/result/step1_concat_fastq/ATAC_MORE_CYCLE_WT_1.R2.fastq.gz -o /datapool/data/Users/zhijian/projects/scumiatac/result/step2_qc/ATAC_MORE_CYCLE_WT_1.R1_qc.fastq.gz -O /datapool/data/Users/zhijian/projects/scumiatac/result/step2_qc/ATAC_MORE_CYCLE_WT_1.R2_qc.fastq.gz --html /datapool/data/Users/zhijian/projects/scumiatac/result/step2_qc/ATAC_MORE_CYCLE_WT_1.fastp.html --json /datapool/data/Users/zhijian/projects/scumiatac/result/step2_qc/ATAC_MORE_CYCLE_WT_1.fastp.json --thread 4 -Q -L -A 
fastp v1.0.1, time used: 1060 seconds
[Wed Nov 26 12:47:44 2025]
Finished job 47.
13 of 48 steps (27%) done
Shutting down, this might take some time.
Exiting because a job execution failed. Look above for error message
Complete log: .snakemake/log/2025-11-26T122729.156801.snakemake.log
Building DAG of jobs...
Using shell: /usr/bin/bash
Provided cores: 150
Rules claiming more threads will be scaled down.
Job stats:
job           count
----------  -------
all               1
bam_qc            9
bwa               4
dedup             9
trim              4
umi               4
umiMapping        9
total            40

Select jobs to execute...

[Wed Nov 26 12:52:26 2025]
rule bam_qc:
    input: /datapool/data/Users/zhijian/projects/scumiatac/result/step5_bwa/ATACP500_2.finished
    output: /datapool/data/Users/zhijian/projects/scumiatac/result/step6_bam_qc/ATACP500_2.finished
    jobid: 27
    reason: Missing output files: /datapool/data/Users/zhijian/projects/scumiatac/result/step6_bam_qc/ATACP500_2.finished
    wildcards: sample=ATACP500_2
    resources: tmpdir=/tmp


python /datapool/data/Users/zhijian/projects/scumiatac/pipeline/scripts/bamFilterAndQc.py /datapool/data/Users/zhijian/projects/scumiatac/result/step5_bwa/ATACP500_2.bwa.bam /datapool/data/Users/zhijian/projects/scumiatac/result/step6_bam_qc/ATACP500_2.qc.bam
touch /datapool/data/Users/zhijian/projects/scumiatac/result/step6_bam_qc/ATACP500_2.finished
        

[Wed Nov 26 12:52:31 2025]
rule umi:
    input: /datapool/data/Users/zhijian/projects/scumiatac/result/step2_qc/ATAC_MORE_CYCLE_WT_1.finished
    output: /datapool/data/Users/zhijian/projects/scumiatac/result/step3_umi/ATAC_MORE_CYCLE_WT_1.finished
    jobid: 46
    reason: Missing output files: /datapool/data/Users/zhijian/projects/scumiatac/result/step3_umi/ATAC_MORE_CYCLE_WT_1.finished
    wildcards: sample=ATAC_MORE_CYCLE_WT_1
    resources: tmpdir=/tmp


umi_tools extract --extract-method=string --bc-pattern='CCCCCCCCNNNNNN' --bc-pattern2='CCCCCCCCNNNNNN'     -I /datapool/data/Users/zhijian/projects/scumiatac/result/step2_qc/ATAC_MORE_CYCLE_WT_1.R1_qc.fastq.gz -S /datapool/data/Users/zhijian/projects/scumiatac/result/step3_umi/ATAC_MORE_CYCLE_WT_1.R1_umi.fastq.gz --quality-filter-threshold=20 --quality-encoding='phred33'         --read2-in=/datapool/data/Users/zhijian/projects/scumiatac/result/step2_qc/ATAC_MORE_CYCLE_WT_1.R2_qc.fastq.gz  --read2-out=/datapool/data/Users/zhijian/projects/scumiatac/result/step3_umi/ATAC_MORE_CYCLE_WT_1.R2_umi.fastq.gz              -L /datapool/data/Users/zhijian/projects/scumiatac/result/step3_umi/ATAC_MORE_CYCLE_WT_1.umi.log -E /datapool/data/Users/zhijian/projects/scumiatac/result/step3_umi/ATAC_MORE_CYCLE_WT_1.umi.error --temp-dir=ATAC_MORE_CYCLE_WT_1_umi_tempdir/ && rm /datapool/data/Users/zhijian/projects/scumiatac/result/step2_qc/ATAC_MORE_CYCLE_WT_1.R1_qc.fastq.gz /datapool/data/Users/zhijian/projects/scumiatac/result/step2_qc/ATAC_MORE_CYCLE_WT_1.R2_qc.fastq.gz
touch /datapool/data/Users/zhijian/projects/scumiatac/result/step3_umi/ATAC_MORE_CYCLE_WT_1.finished
        

[Wed Nov 26 12:52:31 2025]
rule bam_qc:
    input: /datapool/data/Users/zhijian/projects/scumiatac/result/step5_bwa/ATACP1000_1.finished
    output: /datapool/data/Users/zhijian/projects/scumiatac/result/step6_bam_qc/ATACP1000_1.finished
    jobid: 3
    reason: Missing output files: /datapool/data/Users/zhijian/projects/scumiatac/result/step6_bam_qc/ATACP1000_1.finished
    wildcards: sample=ATACP1000_1
    resources: tmpdir=/tmp


python /datapool/data/Users/zhijian/projects/scumiatac/pipeline/scripts/bamFilterAndQc.py /datapool/data/Users/zhijian/projects/scumiatac/result/step5_bwa/ATACP1000_1.bwa.bam /datapool/data/Users/zhijian/projects/scumiatac/result/step6_bam_qc/ATACP1000_1.qc.bam
touch /datapool/data/Users/zhijian/projects/scumiatac/result/step6_bam_qc/ATACP1000_1.finished
        

[Wed Nov 26 12:52:31 2025]
rule bam_qc:
    input: /datapool/data/Users/zhijian/projects/scumiatac/result/step5_bwa/ATACSC.finished
    output: /datapool/data/Users/zhijian/projects/scumiatac/result/step6_bam_qc/ATACSC.finished
    jobid: 35
    reason: Missing output files: /datapool/data/Users/zhijian/projects/scumiatac/result/step6_bam_qc/ATACSC.finished
    wildcards: sample=ATACSC
    resources: tmpdir=/tmp


python /datapool/data/Users/zhijian/projects/scumiatac/pipeline/scripts/bamFilterAndQc.py /datapool/data/Users/zhijian/projects/scumiatac/result/step5_bwa/ATACSC.bwa.bam /datapool/data/Users/zhijian/projects/scumiatac/result/step6_bam_qc/ATACSC.qc.bam
touch /datapool/data/Users/zhijian/projects/scumiatac/result/step6_bam_qc/ATACSC.finished
        

[Wed Nov 26 12:52:31 2025]
rule umi:
    input: /datapool/data/Users/zhijian/projects/scumiatac/result/step2_qc/ATAC_MORE_CYCLE_WT_2.finished
    output: /datapool/data/Users/zhijian/projects/scumiatac/result/step3_umi/ATAC_MORE_CYCLE_WT_2.finished
    jobid: 54
    reason: Missing output files: /datapool/data/Users/zhijian/projects/scumiatac/result/step3_umi/ATAC_MORE_CYCLE_WT_2.finished
    wildcards: sample=ATAC_MORE_CYCLE_WT_2
    resources: tmpdir=/tmp


umi_tools extract --extract-method=string --bc-pattern='CCCCCCCCNNNNNN' --bc-pattern2='CCCCCCCCNNNNNN'     -I /datapool/data/Users/zhijian/projects/scumiatac/result/step2_qc/ATAC_MORE_CYCLE_WT_2.R1_qc.fastq.gz -S /datapool/data/Users/zhijian/projects/scumiatac/result/step3_umi/ATAC_MORE_CYCLE_WT_2.R1_umi.fastq.gz --quality-filter-threshold=20 --quality-encoding='phred33'         --read2-in=/datapool/data/Users/zhijian/projects/scumiatac/result/step2_qc/ATAC_MORE_CYCLE_WT_2.R2_qc.fastq.gz  --read2-out=/datapool/data/Users/zhijian/projects/scumiatac/result/step3_umi/ATAC_MORE_CYCLE_WT_2.R2_umi.fastq.gz              -L /datapool/data/Users/zhijian/projects/scumiatac/result/step3_umi/ATAC_MORE_CYCLE_WT_2.umi.log -E /datapool/data/Users/zhijian/projects/scumiatac/result/step3_umi/ATAC_MORE_CYCLE_WT_2.umi.error --temp-dir=ATAC_MORE_CYCLE_WT_2_umi_tempdir/ && rm /datapool/data/Users/zhijian/projects/scumiatac/result/step2_qc/ATAC_MORE_CYCLE_WT_2.R1_qc.fastq.gz /datapool/data/Users/zhijian/projects/scumiatac/result/step2_qc/ATAC_MORE_CYCLE_WT_2.R2_qc.fastq.gz
touch /datapool/data/Users/zhijian/projects/scumiatac/result/step3_umi/ATAC_MORE_CYCLE_WT_2.finished
        

[Wed Nov 26 12:52:31 2025]
rule bam_qc:
    input: /datapool/data/Users/zhijian/projects/scumiatac/result/step5_bwa/ATACP1000_2.finished
    output: /datapool/data/Users/zhijian/projects/scumiatac/result/step6_bam_qc/ATACP1000_2.finished
    jobid: 11
    reason: Missing output files: /datapool/data/Users/zhijian/projects/scumiatac/result/step6_bam_qc/ATACP1000_2.finished
    wildcards: sample=ATACP1000_2
    resources: tmpdir=/tmp


python /datapool/data/Users/zhijian/projects/scumiatac/pipeline/scripts/bamFilterAndQc.py /datapool/data/Users/zhijian/projects/scumiatac/result/step5_bwa/ATACP1000_2.bwa.bam /datapool/data/Users/zhijian/projects/scumiatac/result/step6_bam_qc/ATACP1000_2.qc.bam
touch /datapool/data/Users/zhijian/projects/scumiatac/result/step6_bam_qc/ATACP1000_2.finished
        

[Wed Nov 26 12:52:31 2025]
rule umi:
    input: /datapool/data/Users/zhijian/projects/scumiatac/result/step2_qc/ATAC_LESS_CYCLE_WT_1.finished
    output: /datapool/data/Users/zhijian/projects/scumiatac/result/step3_umi/ATAC_LESS_CYCLE_WT_1.finished
    jobid: 62
    reason: Missing output files: /datapool/data/Users/zhijian/projects/scumiatac/result/step3_umi/ATAC_LESS_CYCLE_WT_1.finished
    wildcards: sample=ATAC_LESS_CYCLE_WT_1
    resources: tmpdir=/tmp


umi_tools extract --extract-method=string --bc-pattern='CCCCCCCCNNNNNN' --bc-pattern2='CCCCCCCCNNNNNN'     -I /datapool/data/Users/zhijian/projects/scumiatac/result/step2_qc/ATAC_LESS_CYCLE_WT_1.R1_qc.fastq.gz -S /datapool/data/Users/zhijian/projects/scumiatac/result/step3_umi/ATAC_LESS_CYCLE_WT_1.R1_umi.fastq.gz --quality-filter-threshold=20 --quality-encoding='phred33'         --read2-in=/datapool/data/Users/zhijian/projects/scumiatac/result/step2_qc/ATAC_LESS_CYCLE_WT_1.R2_qc.fastq.gz  --read2-out=/datapool/data/Users/zhijian/projects/scumiatac/result/step3_umi/ATAC_LESS_CYCLE_WT_1.R2_umi.fastq.gz              -L /datapool/data/Users/zhijian/projects/scumiatac/result/step3_umi/ATAC_LESS_CYCLE_WT_1.umi.log -E /datapool/data/Users/zhijian/projects/scumiatac/result/step3_umi/ATAC_LESS_CYCLE_WT_1.umi.error --temp-dir=ATAC_LESS_CYCLE_WT_1_umi_tempdir/ && rm /datapool/data/Users/zhijian/projects/scumiatac/result/step2_qc/ATAC_LESS_CYCLE_WT_1.R1_qc.fastq.gz /datapool/data/Users/zhijian/projects/scumiatac/result/step2_qc/ATAC_LESS_CYCLE_WT_1.R2_qc.fastq.gz
touch /datapool/data/Users/zhijian/projects/scumiatac/result/step3_umi/ATAC_LESS_CYCLE_WT_1.finished
        

[Wed Nov 26 12:52:31 2025]
rule bam_qc:
    input: /datapool/data/Users/zhijian/projects/scumiatac/result/step5_bwa/ATACP500_1.finished
    output: /datapool/data/Users/zhijian/projects/scumiatac/result/step6_bam_qc/ATACP500_1.finished
    jobid: 19
    reason: Missing output files: /datapool/data/Users/zhijian/projects/scumiatac/result/step6_bam_qc/ATACP500_1.finished
    wildcards: sample=ATACP500_1
    resources: tmpdir=/tmp


python /datapool/data/Users/zhijian/projects/scumiatac/pipeline/scripts/bamFilterAndQc.py /datapool/data/Users/zhijian/projects/scumiatac/result/step5_bwa/ATACP500_1.bwa.bam /datapool/data/Users/zhijian/projects/scumiatac/result/step6_bam_qc/ATACP500_1.qc.bam
touch /datapool/data/Users/zhijian/projects/scumiatac/result/step6_bam_qc/ATACP500_1.finished
        

[Wed Nov 26 12:52:31 2025]
rule umi:
    input: /datapool/data/Users/zhijian/projects/scumiatac/result/step2_qc/ATAC_LESS_CYCLE_WT_2.finished
    output: /datapool/data/Users/zhijian/projects/scumiatac/result/step3_umi/ATAC_LESS_CYCLE_WT_2.finished
    jobid: 70
    reason: Missing output files: /datapool/data/Users/zhijian/projects/scumiatac/result/step3_umi/ATAC_LESS_CYCLE_WT_2.finished
    wildcards: sample=ATAC_LESS_CYCLE_WT_2
    resources: tmpdir=/tmp


umi_tools extract --extract-method=string --bc-pattern='CCCCCCCCNNNNNN' --bc-pattern2='CCCCCCCCNNNNNN'     -I /datapool/data/Users/zhijian/projects/scumiatac/result/step2_qc/ATAC_LESS_CYCLE_WT_2.R1_qc.fastq.gz -S /datapool/data/Users/zhijian/projects/scumiatac/result/step3_umi/ATAC_LESS_CYCLE_WT_2.R1_umi.fastq.gz --quality-filter-threshold=20 --quality-encoding='phred33'         --read2-in=/datapool/data/Users/zhijian/projects/scumiatac/result/step2_qc/ATAC_LESS_CYCLE_WT_2.R2_qc.fastq.gz  --read2-out=/datapool/data/Users/zhijian/projects/scumiatac/result/step3_umi/ATAC_LESS_CYCLE_WT_2.R2_umi.fastq.gz              -L /datapool/data/Users/zhijian/projects/scumiatac/result/step3_umi/ATAC_LESS_CYCLE_WT_2.umi.log -E /datapool/data/Users/zhijian/projects/scumiatac/result/step3_umi/ATAC_LESS_CYCLE_WT_2.umi.error --temp-dir=ATAC_LESS_CYCLE_WT_2_umi_tempdir/ && rm /datapool/data/Users/zhijian/projects/scumiatac/result/step2_qc/ATAC_LESS_CYCLE_WT_2.R1_qc.fastq.gz /datapool/data/Users/zhijian/projects/scumiatac/result/step2_qc/ATAC_LESS_CYCLE_WT_2.R2_qc.fastq.gz
touch /datapool/data/Users/zhijian/projects/scumiatac/result/step3_umi/ATAC_LESS_CYCLE_WT_2.finished
        
/usr/bin/bash: line 1: 4102429 Terminated              umi_tools extract --extract-method=string --bc-pattern='CCCCCCCCNNNNNN' --bc-pattern2='CCCCCCCCNNNNNN' -I /datapool/data/Users/zhijian/projects/scumiatac/result_lambda/step2_qc/lDNAATAC_1.R1_qc.fastq.gz -S /datapool/data/Users/zhijian/projects/scumiatac/result_lambda/step3_umi/lDNAATAC_1.R1_umi.fastq.gz --quality-filter-threshold=20 --quality-encoding='phred33' --read2-in=/datapool/data/Users/zhijian/projects/scumiatac/result_lambda/step2_qc/lDNAATAC_1.R2_qc.fastq.gz --read2-out=/datapool/data/Users/zhijian/projects/scumiatac/result_lambda/step3_umi/lDNAATAC_1.R2_umi.fastq.gz -L /datapool/data/Users/zhijian/projects/scumiatac/result_lambda/step3_umi/lDNAATAC_1.umi.log -E /datapool/data/Users/zhijian/projects/scumiatac/result_lambda/step3_umi/lDNAATAC_1.umi.error --temp-dir=lDNAATAC_1_umi_tempdir/
/usr/bin/bash: line 1: 4103523 Terminated              umi_tools extract --extract-method=string --bc-pattern='CCCCCCCCNNNNNN' --bc-pattern2='CCCCCCCCNNNNNN' -I /datapool/data/Users/zhijian/projects/scumiatac/result/step2_qc/ATAC_MORE_CYCLE_WT_1.R1_qc.fastq.gz -S /datapool/data/Users/zhijian/projects/scumiatac/result/step3_umi/ATAC_MORE_CYCLE_WT_1.R1_umi.fastq.gz --quality-filter-threshold=20 --quality-encoding='phred33' --read2-in=/datapool/data/Users/zhijian/projects/scumiatac/result/step2_qc/ATAC_MORE_CYCLE_WT_1.R2_qc.fastq.gz --read2-out=/datapool/data/Users/zhijian/projects/scumiatac/result/step3_umi/ATAC_MORE_CYCLE_WT_1.R2_umi.fastq.gz -L /datapool/data/Users/zhijian/projects/scumiatac/result/step3_umi/ATAC_MORE_CYCLE_WT_1.umi.log -E /datapool/data/Users/zhijian/projects/scumiatac/result/step3_umi/ATAC_MORE_CYCLE_WT_1.umi.error --temp-dir=ATAC_MORE_CYCLE_WT_1_umi_tempdir/
/usr/bin/bash: line 1: 4102374 Terminated              umi_tools extract --extract-method=string --bc-pattern='CCCCCCCCNNNNNN' --bc-pattern2='CCCCCCCCNNNNNN' -I /datapool/data/Users/zhijian/projects/scumiatac/result_lambda/step2_qc/lDNAATAC_2.R1_qc.fastq.gz -S /datapool/data/Users/zhijian/projects/scumiatac/result_lambda/step3_umi/lDNAATAC_2.R1_umi.fastq.gz --quality-filter-threshold=20 --quality-encoding='phred33' --read2-in=/datapool/data/Users/zhijian/projects/scumiatac/result_lambda/step2_qc/lDNAATAC_2.R2_qc.fastq.gz --read2-out=/datapool/data/Users/zhijian/projects/scumiatac/result_lambda/step3_umi/lDNAATAC_2.R2_umi.fastq.gz -L /datapool/data/Users/zhijian/projects/scumiatac/result_lambda/step3_umi/lDNAATAC_2.umi.log -E /datapool/data/Users/zhijian/projects/scumiatac/result_lambda/step3_umi/lDNAATAC_2.umi.error --temp-dir=lDNAATAC_2_umi_tempdir/
/usr/bin/bash: line 1: 4103532 Terminated              umi_tools extract --extract-method=string --bc-pattern='CCCCCCCCNNNNNN' --bc-pattern2='CCCCCCCCNNNNNN' -I /datapool/data/Users/zhijian/projects/scumiatac/result/step2_qc/ATAC_MORE_CYCLE_WT_2.R1_qc.fastq.gz -S /datapool/data/Users/zhijian/projects/scumiatac/result/step3_umi/ATAC_MORE_CYCLE_WT_2.R1_umi.fastq.gz --quality-filter-threshold=20 --quality-encoding='phred33' --read2-in=/datapool/data/Users/zhijian/projects/scumiatac/result/step2_qc/ATAC_MORE_CYCLE_WT_2.R2_qc.fastq.gz --read2-out=/datapool/data/Users/zhijian/projects/scumiatac/result/step3_umi/ATAC_MORE_CYCLE_WT_2.R2_umi.fastq.gz -L /datapool/data/Users/zhijian/projects/scumiatac/result/step3_umi/ATAC_MORE_CYCLE_WT_2.umi.log -E /datapool/data/Users/zhijian/projects/scumiatac/result/step3_umi/ATAC_MORE_CYCLE_WT_2.umi.error --temp-dir=ATAC_MORE_CYCLE_WT_2_umi_tempdir/
/usr/bin/bash: line 1: 4103540 Terminated              umi_tools extract --extract-method=string --bc-pattern='CCCCCCCCNNNNNN' --bc-pattern2='CCCCCCCCNNNNNN' -I /datapool/data/Users/zhijian/projects/scumiatac/result/step2_qc/ATAC_LESS_CYCLE_WT_1.R1_qc.fastq.gz -S /datapool/data/Users/zhijian/projects/scumiatac/result/step3_umi/ATAC_LESS_CYCLE_WT_1.R1_umi.fastq.gz --quality-filter-threshold=20 --quality-encoding='phred33' --read2-in=/datapool/data/Users/zhijian/projects/scumiatac/result/step2_qc/ATAC_LESS_CYCLE_WT_1.R2_qc.fastq.gz --read2-out=/datapool/data/Users/zhijian/projects/scumiatac/result/step3_umi/ATAC_LESS_CYCLE_WT_1.R2_umi.fastq.gz -L /datapool/data/Users/zhijian/projects/scumiatac/result/step3_umi/ATAC_LESS_CYCLE_WT_1.umi.log -E /datapool/data/Users/zhijian/projects/scumiatac/result/step3_umi/ATAC_LESS_CYCLE_WT_1.umi.error --temp-dir=ATAC_LESS_CYCLE_WT_1_umi_tempdir/
/usr/bin/bash: line 1: 4103546 Terminated              umi_tools extract --extract-method=string --bc-pattern='CCCCCCCCNNNNNN' --bc-pattern2='CCCCCCCCNNNNNN' -I /datapool/data/Users/zhijian/projects/scumiatac/result/step2_qc/ATAC_LESS_CYCLE_WT_2.R1_qc.fastq.gz -S /datapool/data/Users/zhijian/projects/scumiatac/result/step3_umi/ATAC_LESS_CYCLE_WT_2.R1_umi.fastq.gz --quality-filter-threshold=20 --quality-encoding='phred33' --read2-in=/datapool/data/Users/zhijian/projects/scumiatac/result/step2_qc/ATAC_LESS_CYCLE_WT_2.R2_qc.fastq.gz --read2-out=/datapool/data/Users/zhijian/projects/scumiatac/result/step3_umi/ATAC_LESS_CYCLE_WT_2.R2_umi.fastq.gz -L /datapool/data/Users/zhijian/projects/scumiatac/result/step3_umi/ATAC_LESS_CYCLE_WT_2.umi.log -E /datapool/data/Users/zhijian/projects/scumiatac/result/step3_umi/ATAC_LESS_CYCLE_WT_2.umi.error --temp-dir=ATAC_LESS_CYCLE_WT_2_umi_tempdir/
touch: cannot touch '/datapool/data/Users/zhijian/projects/scumiatac/result_lambda/step3_umi/lDNAATAC_2.finished': No such file or directory
touch: cannot touch '/datapool/data/Users/zhijian/projects/scumiatac/result_lambda/step3_umi/lDNAATAC_1.finished': No such file or directory
/usr/bin/bash: line 1: 4103536 Terminated              python /datapool/data/Users/zhijian/projects/scumiatac/pipeline/scripts/bamFilterAndQc.py /datapool/data/Users/zhijian/projects/scumiatac/result/step5_bwa/ATACP1000_2.bwa.bam /datapool/data/Users/zhijian/projects/scumiatac/result/step6_bam_qc/ATACP1000_2.qc.bam
/usr/bin/bash: line 1: 4103520 Terminated              python /datapool/data/Users/zhijian/projects/scumiatac/pipeline/scripts/bamFilterAndQc.py /datapool/data/Users/zhijian/projects/scumiatac/result/step5_bwa/ATACP500_2.bwa.bam /datapool/data/Users/zhijian/projects/scumiatac/result/step6_bam_qc/ATACP500_2.qc.bam
/usr/bin/bash: line 1: 4103543 Terminated              python /datapool/data/Users/zhijian/projects/scumiatac/pipeline/scripts/bamFilterAndQc.py /datapool/data/Users/zhijian/projects/scumiatac/result/step5_bwa/ATACP500_1.bwa.bam /datapool/data/Users/zhijian/projects/scumiatac/result/step6_bam_qc/ATACP500_1.qc.bam
/usr/bin/bash: line 1: 4103526 Terminated              python /datapool/data/Users/zhijian/projects/scumiatac/pipeline/scripts/bamFilterAndQc.py /datapool/data/Users/zhijian/projects/scumiatac/result/step5_bwa/ATACP1000_1.bwa.bam /datapool/data/Users/zhijian/projects/scumiatac/result/step6_bam_qc/ATACP1000_1.qc.bam
/usr/bin/bash: line 1: 4103529 Terminated              python /datapool/data/Users/zhijian/projects/scumiatac/pipeline/scripts/bamFilterAndQc.py /datapool/data/Users/zhijian/projects/scumiatac/result/step5_bwa/ATACSC.bwa.bam /datapool/data/Users/zhijian/projects/scumiatac/result/step6_bam_qc/ATACSC.qc.bam
